GHI,temp,pressure,humidity,wind_speed,rain_1h,snow_1h,clouds_all,isSun,sunlightTime,dayLength,SunlightTime/daylength,weather_type,hour,month,minute,sunlight_ratio_safe,night_indicator,ghi_temp_interaction,clear_sky_proxy,humidity_temp_interaction,wind_pressure_interaction,hour_sin,hour_cos,month_sin,month_cos,minute_sin,minute_cos,occupancy_proxy,heating_degree_gap,cooling_degree_gap,heating_load_proxy,cooling_load_proxy,thermal_inertia_proxy,comfort_gap,thermal_load_wh,Actual_Energy_Wh,Predicted_Energy_Wh,Absolute_Error,Error_Category,Thermal_Load_Wh,Comfort_Gap,Power_kW,Distance_km_per_hr,TA_ESI,Selected_Action,IoT_Actions
0.0,9.0,1024,76,2.2,0.0,0.0,100,0,0,975,0.0,4,20,5,15,0.0,1,0.0,0.0,684.0,2252.8,-0.8660254037844386,0.5000000000000001,0.49999999999999994,-0.8660254037844387,1.0,2.83276944882399e-16,1.0,12.0,0.0,12.0,0.0,7.199999999999999,12.0,1728.0,0,3.589901283922526,3.589901283922526,Zero-Actual / Undefined % Error,1728.0,12.0,0.014359605135690104,2.871921027138021,0.0020731821542661682,HVAC Moderation,Adjust HVAC setpoint; Reduce cooling or heating intensity
0.0,9.0,1024,76,2.2,0.0,0.0,100,0,0,975,0.0,4,20,5,30,0.0,1,0.0,0.0,684.0,2252.8,-0.8660254037844386,0.5000000000000001,0.49999999999999994,-0.8660254037844387,5.66553889764798e-16,-1.0,1.0,12.0,0.0,12.0,0.0,7.199999999999999,12.0,1728.0,0,3.5561960740546232,3.5561960740546232,Zero-Actual / Undefined % Error,1728.0,12.0,0.014224784296218493,2.8449568592436987,0.0020537572387565616,HVAC Moderation,Adjust HVAC setpoint; Reduce cooling or heating intensity
0.0,9.0,1024,76,2.2,0.0,0.0,100,0,0,975,0.0,4,20,5,45,0.0,1,0.0,0.0,684.0,2252.8,-0.8660254037844386,0.5000000000000001,0.49999999999999994,-0.8660254037844387,-1.0,-1.8369701987210297e-16,1.0,12.0,0.0,12.0,0.0,7.199999999999999,12.0,1728.0,0,3.056120473014506,3.056120473014506,Zero-Actual / Undefined % Error,1728.0,12.0,0.012224481892058025,2.444896378411605,0.0017654658535356724,HVAC Moderation,Adjust HVAC setpoint; Reduce cooling or heating intensity
0.0,7.7,1024,84,2.1,0.0,0.0,100,0,0,975,0.0,4,21,5,0,0.0,1,0.0,0.0,646.8000000000001,2150.4,-0.7071067811865477,0.7071067811865474,0.49999999999999994,-0.8660254037844387,0.0,1.0,1.0,13.3,0.0,13.3,0.0,7.199999999999999,13.3,1884.0,0,1.1724489163390808,1.1724489163390808,Zero-Actual / Undefined % Error,1884.0,13.3,0.004689795665356323,0.9379591330712647,0.0006219319173644364,HVAC Moderation,Adjust HVAC setpoint; Reduce cooling or heating intensity
0.0,7.7,1024,84,2.1,0.0,0.0,100,0,0,975,0.0,4,21,5,15,0.0,1,0.0,0.0,646.8000000000001,2150.4,-0.7071067811865477,0.7071067811865474,0.49999999999999994,-0.8660254037844387,1.0,2.83276944882399e-16,1.0,13.3,0.0,13.3,0.0,7.98,13.3,1915.2,0,1.7051726121321544,1.7051726121321544,Zero-Actual / Undefined % Error,1915.2,13.3,0.006820690448528618,1.3641380897057236,0.0008895445823848457,HVAC Moderation,Adjust HVAC setpoint; Reduce cooling or heating intensity
0.0,7.7,1024,84,2.1,0.0,0.0,100,0,0,975,0.0,4,21,5,30,0.0,1,0.0,0.0,646.8000000000001,2150.4,-0.7071067811865477,0.7071067811865474,0.49999999999999994,-0.8660254037844387,5.66553889764798e-16,-1.0,1.0,13.3,0.0,13.3,0.0,7.98,13.3,1915.2,0,1.7251932298546073,1.7251932298546073,Zero-Actual / Undefined % Error,1915.2,13.3,0.006900772919418429,1.380154583883686,0.0008999794228004407,HVAC Moderation,Adjust HVAC setpoint; Reduce cooling or heating intensity
0.0,7.7,1024,84,2.1,0.0,0.0,100,0,0,975,0.0,4,21,5,45,0.0,1,0.0,0.0,646.8000000000001,2150.4,-0.7071067811865477,0.7071067811865474,0.49999999999999994,-0.8660254037844387,-1.0,-1.8369701987210297e-16,1.0,13.3,0.0,13.3,0.0,7.98,13.3,1915.2,0,1.4073698476521745,1.4073698476521745,Zero-Actual / Undefined % Error,1915.2,13.3,0.005629479390608698,1.1258958781217396,0.0007343026375974653,HVAC Moderation,Adjust HVAC setpoint; Reduce cooling or heating intensity
0.0,7.2,1024,91,1.9,0.0,0.0,99,0,0,975,0.0,4,22,5,0,0.0,1,0.0,0.0,655.2,1945.6,-0.5000000000000004,0.8660254037844384,0.49999999999999994,-0.8660254037844387,0.0,1.0,1.0,13.8,0.0,13.8,0.0,7.98,13.8,1975.2,0,2.7124972782141974,2.7124972782141974,Zero-Actual / Undefined % Error,1975.2,13.8,0.010849989112856789,2.169997822571358,0.0013713939724712008,HVAC Moderation,Adjust HVAC setpoint; Reduce cooling or heating intensity
0.0,7.2,1024,91,1.9,0.0,0.0,99,0,0,975,0.0,4,22,5,15,0.0,1,0.0,0.0,655.2,1945.6,-0.5000000000000004,0.8660254037844384,0.49999999999999994,-0.8660254037844387,1.0,2.83276944882399e-16,1.0,13.8,0.0,13.8,0.0,8.28,13.8,1987.2,0,3.2492146435705167,3.2492146435705167,Zero-Actual / Undefined % Error,1987.2,13.8,0.012996858574282066,2.5993717148564133,0.001632402684797939,HVAC Moderation,Adjust HVAC setpoint; Reduce cooling or heating intensity
0.0,7.2,1024,91,1.9,0.0,0.0,99,0,0,975,0.0,4,22,5,30,0.0,1,0.0,0.0,655.2,1945.6,-0.5000000000000004,0.8660254037844384,0.49999999999999994,-0.8660254037844387,5.66553889764798e-16,-1.0,1.0,13.8,0.0,13.8,0.0,8.28,13.8,1987.2,0,3.199641712921239,3.199641712921239,Zero-Actual / Undefined % Error,1987.2,13.8,0.012798566851684956,2.559713370336991,0.00160753732278615,HVAC Moderation,Adjust HVAC setpoint; Reduce cooling or heating intensity
0.0,7.2,1024,91,1.9,0.0,0.0,99,0,0,975,0.0,4,22,5,45,0.0,1,0.0,0.0,655.2,1945.6,-0.5000000000000004,0.8660254037844384,0.49999999999999994,-0.8660254037844387,-1.0,-1.8369701987210297e-16,1.0,13.8,0.0,13.8,0.0,8.28,13.8,1987.2,0,2.711360827541246,2.711360827541246,Zero-Actual / Undefined % Error,1987.2,13.8,0.010845443310164985,2.1690886620329968,0.0013625535687434454,HVAC Moderation,Adjust HVAC setpoint; Reduce cooling or heating intensity
0.0,6.1,1024,93,2.0,0.0,0.0,10,0,0,975,0.0,1,23,5,0,0.0,1,0.0,0.0,567.3,2048.0,-0.25881904510252157,0.9659258262890681,0.49999999999999994,-0.8660254037844387,0.0,1.0,0.6,14.9,0.0,8.94,0.0,8.28,14.9,1404.0,0,0.4242059238088643,0.4242059238088643,Zero-Actual / Undefined % Error,1404.0,14.9,0.0016968236952354572,0.3393647390470914,0.00030204970956604837,HVAC Moderation,Adjust HVAC setpoint; Reduce cooling or heating intensity
0.0,6.1,1024,93,2.0,0.0,0.0,10,0,0,975,0.0,1,23,5,15,0.0,1,0.0,0.0,567.3,2048.0,-0.25881904510252157,0.9659258262890681,0.49999999999999994,-0.8660254037844387,1.0,2.83276944882399e-16,0.6,14.9,0.0,8.94,0.0,5.364,14.9,1287.36,0,0.08769272604210541,0.08769272604210541,Zero-Actual / Undefined % Error,1287.36,14.9,0.00035077090416842164,0.07015418083368433,6.811362237817304e-05,HVAC Moderation,Adjust HVAC setpoint; Reduce cooling or heating intensity
0.0,6.1,1024,93,2.0,0.0,0.0,10,0,0,975,0.0,1,23,5,30,0.0,1,0.0,0.0,567.3,2048.0,-0.25881904510252157,0.9659258262890681,0.49999999999999994,-0.8660254037844387,5.66553889764798e-16,-1.0,0.6,14.9,0.0,8.94,0.0,5.364,14.9,1287.36,0,0.22286613862828503,0.22286613862828503,Zero-Actual / Undefined % Error,1287.36,14.9,0.0008914645545131401,0.17829291090262803,0.00017308877301509639,HVAC Moderation,Adjust HVAC setpoint; Reduce cooling or heating intensity
0.0,6.1,1024,93,2.0,0.0,0.0,10,0,0,975,0.0,1,23,5,45,0.0,1,0.0,0.0,567.3,2048.0,-0.25881904510252157,0.9659258262890681,0.49999999999999994,-0.8660254037844387,-1.0,-1.8369701987210297e-16,0.6,14.9,0.0,8.94,0.0,5.364,14.9,1287.36,0,-0.052858545455351465,0.052858545455351465,Zero-Actual / Undefined % Error,1287.36,14.9,-0.00021143418182140587,-0.04228683636428117,-4.106133160619663e-05,HVAC Moderation,Adjust HVAC setpoint; Reduce cooling or heating intensity
0.0,5.2,1024,93,2.2,0.0,0.0,5,0,0,975,0.0,1,0,5,0,0.0,1,0.0,0.0,483.6,2252.8,0.0,1.0,0.49999999999999994,-0.8660254037844387,0.0,1.0,0.6,15.8,0.0,9.48,0.0,5.364,15.8,1352.16,0,-0.24674342565578042,0.24674342565578042,Zero-Actual / Undefined % Error,1352.16,15.8,-0.0009869737026231217,-0.19739474052462433,-0.00018251424362721104,HVAC Moderation,Adjust HVAC setpoint; Reduce cooling or heating intensity
0.0,5.2,1024,93,2.2,0.0,0.0,5,0,0,975,0.0,1,0,5,15,0.0,1,0.0,0.0,483.6,2252.8,0.0,1.0,0.49999999999999994,-0.8660254037844387,1.0,2.83276944882399e-16,0.6,15.8,0.0,9.48,0.0,5.688,15.8,1365.1200000000001,0,0.5113968168008945,0.5113968168008945,Zero-Actual / Undefined % Error,1365.1200000000001,15.8,0.002045587267203578,0.40911745344071565,0.0003744764638675203,HVAC Moderation,Adjust HVAC setpoint; Reduce cooling or heating intensity
0.0,5.2,1024,93,2.2,0.0,0.0,5,0,0,975,0.0,1,0,5,30,0.0,1,0.0,0.0,483.6,2252.8,0.0,1.0,0.49999999999999994,-0.8660254037844387,5.66553889764798e-16,-1.0,0.6,15.8,0.0,9.48,0.0,5.688,15.8,1365.1200000000001,0,0.991203957008515,0.991203957008515,Zero-Actual / Undefined % Error,1365.1200000000001,15.8,0.003964815828034061,0.792963165606812,0.0007255660837945532,HVAC Moderation,Adjust HVAC setpoint; Reduce cooling or heating intensity
0.0,5.2,1024,93,2.2,0.0,0.0,5,0,0,975,0.0,1,0,5,45,0.0,1,0.0,0.0,483.6,2252.8,0.0,1.0,0.49999999999999994,-0.8660254037844387,-1.0,-1.8369701987210297e-16,0.6,15.8,0.0,9.48,0.0,5.688,15.8,1365.1200000000001,0,0.8346287125849435,0.8346287125849435,Zero-Actual / Undefined % Error,1365.1200000000001,15.8,0.003338514850339774,0.6677029700679549,0.0006110222802645798,HVAC Moderation,Adjust HVAC setpoint; Reduce cooling or heating intensity
0.0,3.9,1025,94,2.1,0.0,0.0,16,0,0,975,0.0,2,1,5,0,0.0,1,0.0,0.0,366.59999999999997,2152.5,0.25881904510252074,0.9659258262890683,0.49999999999999994,-0.8660254037844387,0.0,1.0,0.6,17.1,0.0,10.26,0.0,5.688,17.1,1458.72,0,1.0100594841979054,1.0100594841979054,Zero-Actual / Undefined % Error,1458.72,17.1,0.004040237936791621,0.8080475873583243,0.000691949499116888,HVAC Moderation,Adjust HVAC setpoint; Reduce cooling or heating intensity
0.0,3.9,1025,94,2.1,0.0,0.0,16,0,0,975,0.0,2,1,5,15,0.0,1,0.0,0.0,366.59999999999997,2152.5,0.25881904510252074,0.9659258262890683,0.49999999999999994,-0.8660254037844387,1.0,2.83276944882399e-16,0.6,17.1,0.0,10.26,0.0,6.156,17.1,1477.44,0,1.7737242870626655,1.7737242870626655,Zero-Actual / Undefined % Error,1477.44,17.1,0.007094897148250662,1.4189794296501324,0.0011990993977009298,HVAC Moderation,Adjust HVAC setpoint; Reduce cooling or heating intensity
0.0,3.9,1025,94,2.1,0.0,0.0,16,0,0,975,0.0,2,1,5,30,0.0,1,0.0,0.0,366.59999999999997,2152.5,0.25881904510252074,0.9659258262890683,0.49999999999999994,-0.8660254037844387,5.66553889764798e-16,-1.0,0.6,17.1,0.0,10.26,0.0,6.156,17.1,1477.44,0,2.2790461165402247,2.2790461165402247,Zero-Actual / Undefined % Error,1477.44,17.1,0.0091161844661609,1.8232368932321799,0.0015401884033197353,HVAC Moderation,Adjust HVAC setpoint; Reduce cooling or heating intensity
0.0,3.9,1025,94,2.1,0.0,0.0,16,0,0,975,0.0,2,1,5,45,0.0,1,0.0,0.0,366.59999999999997,2152.5,0.25881904510252074,0.9659258262890683,0.49999999999999994,-0.8660254037844387,-1.0,-1.8369701987210297e-16,0.6,17.1,0.0,10.26,0.0,6.156,17.1,1477.44,0,2.122470872116653,2.122470872116653,Zero-Actual / Undefined % Error,1477.44,17.1,0.008489883488466611,1.6979766976933224,0.001434526025407398,HVAC Moderation,Adjust HVAC setpoint; Reduce cooling or heating intensity
0.0,3.9,1024,93,2.2,0.0,0.0,15,0,0,975,0.0,2,2,5,0,0.0,1,0.0,0.0,362.7,2252.8,0.49999999999999994,0.8660254037844387,0.49999999999999994,-0.8660254037844387,0.0,1.0,0.6,17.1,0.0,10.26,0.0,6.156,17.1,1477.44,0,2.598548444126638,2.598548444126638,Zero-Actual / Undefined % Error,1477.44,17.1,0.010394193776506553,2.0788387553013106,0.0017557302443930271,HVAC Moderation,Adjust HVAC setpoint; Reduce cooling or heating intensity
0.0,3.9,1024,93,2.2,0.0,0.0,15,0,0,975,0.0,2,2,5,15,0.0,1,0.0,0.0,362.7,2252.8,0.49999999999999994,0.8660254037844387,0.49999999999999994,-0.8660254037844387,1.0,2.83276944882399e-16,0.6,17.1,0.0,10.26,0.0,6.156,17.1,1477.44,0,2.9704039330843495,2.9704039330843495,Zero-Actual / Undefined % Error,1477.44,17.1,0.011881615732337397,2.3763231464674797,0.002006473288208626,HVAC Moderation,Adjust HVAC setpoint; Reduce cooling or heating intensity
0.0,3.9,1024,93,2.2,0.0,0.0,15,0,0,975,0.0,2,2,5,30,0.0,1,0.0,0.0,362.7,2252.8,0.49999999999999994,0.8660254037844387,0.49999999999999994,-0.8660254037844387,5.66553889764798e-16,-1.0,0.6,17.1,0.0,10.26,0.0,6.156,17.1,1477.44,0,3.45021107329197,3.45021107329197,Zero-Actual / Undefined % Error,1477.44,17.1,0.01380084429316788,2.760168858633576,0.002329822322521511,HVAC Moderation,Adjust HVAC setpoint; Reduce cooling or heating intensity
0.1,3.9,1024,93,2.2,0.0,0.0,15,1,15,975,0.02,2,2,5,45,0.015384615368836292,0,0.39,0.085,362.7,2252.8,0.49999999999999994,0.8660254037844387,0.49999999999999994,-0.8660254037844387,-1.0,-1.8369701987210297e-16,0.6,17.1,0.0,10.26,0.0,6.156,17.1,1477.44,0,2.987966914089717,2.987966914089717,Zero-Actual / Undefined % Error,1477.44,17.1,0.011951867656358868,2.3903735312717735,0.002018312933049851,HVAC Moderation,Adjust HVAC setpoint; Reduce cooling or heating intensity
2.5,3.4,1025,92,2.3,0.0,0.0,26,1,30,975,0.03,2,3,5,0,0.030769230737672584,0,8.5,1.85,312.8,2357.5,0.7071067811865475,0.7071067811865476,0.49999999999999994,-0.8660254037844387,0.0,1.0,0.6,17.6,0.0,10.56,0.0,6.156,17.6,1513.44,16,10.193002569499319,5.806997430500681,Low Error (20-50%),1513.44,17.6,0.040772010277997275,8.154402055599455,0.006689932907478117,HVAC Moderation,Adjust HVAC setpoint; Reduce cooling or heating intensity
7.4,3.4,1025,92,2.3,0.0,0.0,26,1,45,975,0.05,2,3,5,15,0.046153846106508876,0,25.16,5.476,312.8,2357.5,0.7071067811865475,0.7071067811865476,0.49999999999999994,-0.8660254037844387,1.0,2.83276944882399e-16,0.6,17.6,0.0,10.56,0.0,6.336,17.6,1520.64,45,47.93241095050208,2.9324109505020814,Very Low Error (<20%),1520.64,17.6,0.19172964380200833,38.34592876040166,0.030557984180595566,HVAC Moderation,Adjust HVAC setpoint; Reduce cooling or heating intensity
14.0,3.4,1025,92,2.3,0.0,0.0,26,1,60,975,0.06,2,3,5,30,0.06153846147534517,0,47.6,10.36,312.8,2357.5,0.7071067811865475,0.7071067811865476,0.49999999999999994,-0.8660254037844387,5.66553889764798e-16,-1.0,0.6,17.6,0.0,10.56,0.0,6.336,17.6,1520.64,75,88.38497495028882,13.384974950288822,Very Low Error (<20%),1520.64,17.6,0.3535398998011553,70.70797996023106,0.05493076631584834,HVAC Moderation,Adjust HVAC setpoint; Reduce cooling or heating intensity
21.7,3.4,1025,92,2.3,0.0,0.0,26,1,75,975,0.08,2,3,5,45,0.07692307684418145,0,73.78,16.058,312.8,2357.5,0.7071067811865475,0.7071067811865476,0.49999999999999994,-0.8660254037844387,-1.0,-1.8369701987210297e-16,0.6,17.6,0.0,10.56,0.0,6.336,17.6,1520.64,107,167.00257339308598,60.00257339308598,Moderate Error (50-60%),1520.64,17.6,0.6680102935723439,133.6020587144688,0.09895612727899084,HVAC Moderation,Adjust HVAC setpoint; Reduce cooling or heating intensity
30.2,3.4,1025,88,2.4,0.0,0.0,33,1,90,975,0.09,2,4,5,0,0.09230769221301775,0,102.67999999999999,20.233999999999998,299.2,2460.0,0.8660254037844386,0.5000000000000001,0.49999999999999994,-0.8660254037844387,0.0,1.0,0.6,17.6,0.0,10.56,0.0,6.336,17.6,1520.64,131,243.60595070743264,112.60595070743264,High Error (>60%),1520.64,17.6,0.9744238028297305,194.88476056594612,0.13807935932723633,HVAC Moderation,Adjust HVAC setpoint; Reduce cooling or heating intensity
39.3,3.4,1025,88,2.4,0.0,0.0,33,1,105,975,0.11,2,4,5,15,0.10769230758185404,0,133.61999999999998,26.330999999999996,299.2,2460.0,0.8660254037844386,0.5000000000000001,0.49999999999999994,-0.8660254037844387,1.0,2.83276944882399e-16,0.6,17.6,0.0,10.56,0.0,6.336,17.6,1520.64,157,246.66595133494974,89.66595133494974,Moderate Error (50-60%),1520.64,17.6,0.9866638053397989,197.33276106795978,0.13957173120424154,HVAC Moderation,Adjust HVAC setpoint; Reduce cooling or heating intensity
48.8,3.4,1025,88,2.4,0.0,0.0,33,1,120,975,0.12,2,4,5,30,0.12307692295069034,0,165.92,32.696,299.2,2460.0,0.8660254037844386,0.5000000000000001,0.49999999999999994,-0.8660254037844387,5.66553889764798e-16,-1.0,0.6,17.6,0.0,10.56,0.0,6.336,17.6,1520.64,221,291.58989797150093,70.58989797150093,Low Error (20-50%),1520.64,17.6,1.1663595918860037,233.27191837720073,0.16090116278127162,HVAC Moderation,Adjust HVAC setpoint; Reduce cooling or heating intensity
58.6,3.4,1025,88,2.4,0.0,0.0,33,1,135,975,0.14,2,4,5,45,0.13846153831952662,0,199.24,39.26199999999999,299.2,2460.0,0.8660254037844386,0.5000000000000001,0.49999999999999994,-0.8660254037844387,-1.0,-1.8369701987210297e-16,0.6,17.6,0.0,10.56,0.0,6.336,17.6,1520.64,327,334.9546218185989,7.954621818598923,Very Low Error (<20%),1520.64,17.6,1.3398184872743957,267.96369745487914,0.1805106663382176,HVAC Moderation,Adjust HVAC setpoint; Reduce cooling or heating intensity
68.6,7.4,1025,76,2.4,0.0,0.0,43,1,150,975,0.15,2,5,5,0,0.1538461536883629,0,507.64,39.102000000000004,562.4,2460.0,0.9659258262890683,0.25881904510252074,0.49999999999999994,-0.8660254037844387,0.0,1.0,0.6,13.6,0.0,8.16,0.0,6.336,13.6,1232.64,393,396.372234145492,3.372234145491973,Very Low Error (<20%),1232.64,13.6,1.585488936581968,317.0977873163936,0.24332059980512713,HVAC Moderation,Adjust HVAC setpoint; Reduce cooling or heating intensity
78.7,7.4,1025,76,2.4,0.0,0.0,43,1,165,975,0.17,2,5,5,15,0.16923076905719922,0,582.38,44.85900000000001,562.4,2460.0,0.9659258262890683,0.25881904510252074,0.49999999999999994,-0.8660254037844387,1.0,2.83276944882399e-16,0.6,13.6,0.0,8.16,0.0,4.896,13.6,1175.04,482,477.65012574233964,4.34987425766036,Very Low Error (<20%),1175.04,13.6,1.9106005029693585,382.1201005938717,0.2890137225444967,HVAC Moderation,Adjust HVAC setpoint; Reduce cooling or heating intensity
89.0,7.4,1025,76,2.4,0.0,0.0,43,1,180,975,0.18,2,5,5,30,0.1846153844260355,0,658.6,50.730000000000004,562.4,2460.0,0.9659258262890683,0.25881904510252074,0.49999999999999994,-0.8660254037844387,5.66553889764798e-16,-1.0,0.6,13.6,0.0,8.16,0.0,4.896,13.6,1175.04,538,583.4764725977467,45.47647259774669,Very Low Error (<20%),1175.04,13.6,2.333905890390987,466.78117807819734,0.33180040184895904,HVAC Moderation,Adjust HVAC setpoint; Reduce cooling or heating intensity
99.1,7.4,1025,76,2.4,0.0,0.0,43,1,195,975,0.2,2,5,5,45,0.1999999997948718,0,733.34,56.487,562.4,2460.0,0.9659258262890683,0.25881904510252074,0.49999999999999994,-0.8660254037844387,-1.0,-1.8369701987210297e-16,0.6,13.6,0.0,8.16,0.0,4.896,13.6,1175.04,627,762.9429001768833,135.9429001768833,Low Error (20-50%),1175.04,13.6,3.051771600707533,610.3543201415066,0.3936788604861112,HVAC Moderation,Adjust HVAC setpoint; Reduce cooling or heating intensity
109.2,10.1,1026,64,2.4,0.0,0.0,52,1,210,975,0.22,3,6,5,0,0.21538461516370808,0,1102.92,52.416,646.4,2462.4,1.0,6.123233995736766e-17,0.49999999999999994,-0.8660254037844387,0.0,1.0,0.6,10.9,0.0,6.54,0.0,4.896,10.9,980.64,789,987.3356384586216,198.3356384586216,Low Error (20-50%),980.64,10.9,3.9493425538344864,789.8685107668973,0.5017011484604716,HVAC Moderation,Adjust HVAC setpoint; Reduce cooling or heating intensity
119.1,10.1,1026,64,2.4,0.0,0.0,52,1,225,975,0.23,3,6,5,15,0.2307692305325444,0,1202.9099999999999,57.16799999999999,646.4,2462.4,1.0,6.123233995736766e-17,0.49999999999999994,-0.8660254037844387,1.0,2.83276944882399e-16,0.6,10.9,0.0,6.54,0.0,3.924,10.9,941.76,1085,1179.5922362713925,94.5922362713925,Very Low Error (<20%),941.76,10.9,4.71836894508557,943.673789017114,0.5560567526440838,HVAC Moderation,Adjust HVAC setpoint; Reduce cooling or heating intensity
128.8,10.1,1026,64,2.4,0.0,0.0,52,1,240,975,0.25,3,6,5,30,0.24615384590138067,0,1300.88,61.824000000000005,646.4,2462.4,1.0,6.123233995736766e-17,0.49999999999999994,-0.8660254037844387,5.66553889764798e-16,-1.0,0.6,10.9,0.0,6.54,0.0,3.924,10.9,941.76,1428,1556.7969124912825,128.79691249128246,Very Low Error (<20%),941.76,10.9,6.2271876499651295,1245.437529993026,0.6230784274255092,HVAC Moderation,Adjust HVAC setpoint; Reduce cooling or heating intensity
138.3,10.1,1026,64,2.4,0.0,0.0,52,1,255,975,0.26,3,6,5,45,0.26153846127021696,0,1396.8300000000002,66.384,646.4,2462.4,1.0,6.123233995736766e-17,0.49999999999999994,-0.8660254037844387,-1.0,-1.8369701987210297e-16,0.6,10.9,0.0,6.54,0.0,3.924,10.9,941.76,1785,1841.399168576059,56.39916857605908,Very Low Error (<20%),941.76,10.9,7.3655966743042365,1473.1193348608472,0.6616219398104162,HVAC Moderation,Adjust HVAC setpoint; Reduce cooling or heating intensity
147.4,11.9,1026,54,2.4,0.0,0.0,83,1,270,975,0.28,3,7,5,0,0.27692307663905324,0,1754.0600000000002,25.058000000000007,642.6,2462.4,0.9659258262890683,-0.25881904510252063,0.49999999999999994,-0.8660254037844387,0.0,1.0,1.0,9.1,0.0,9.1,0.0,3.924,9.1,1248.96,2127,2281.0274733170622,154.02747331706223,Very Low Error (<20%),1248.96,9.1,9.12410989326825,1824.8219786536497,0.6461857130975703,HVAC Moderation,Adjust HVAC setpoint; Reduce cooling or heating intensity
156.2,11.9,1026,54,2.4,0.0,0.0,83,1,285,975,0.29,3,7,5,15,0.29230769200788953,0,1858.78,26.554000000000006,642.6,2462.4,0.9659258262890683,-0.25881904510252063,0.49999999999999994,-0.8660254037844387,1.0,2.83276944882399e-16,1.0,9.1,0.0,9.1,0.0,5.46,9.1,1310.4,2415,2517.9409530328007,102.94095303280073,Very Low Error (<20%),1310.4,9.1,10.071763812131202,2014.3527624262406,0.6577107376970655,HVAC Moderation,Adjust HVAC setpoint; Reduce cooling or heating intensity
164.6,11.9,1026,54,2.4,0.0,0.0,83,1,300,975,0.31,3,7,5,30,0.3076923073767258,0,1958.74,27.982000000000006,642.6,2462.4,0.9659258262890683,-0.25881904510252063,0.49999999999999994,-0.8660254037844387,5.66553889764798e-16,-1.0,1.0,9.1,0.0,9.1,0.0,5.46,9.1,1310.4,2721,2857.8004475527027,136.80044755270274,Very Low Error (<20%),1310.4,9.1,11.43120179021081,2286.2403580421624,0.6856197255448686,HVAC Moderation,Adjust HVAC setpoint; Reduce cooling or heating intensity
172.6,11.9,1026,54,2.4,0.0,0.0,83,1,315,975,0.32,3,7,5,45,0.32307692274556216,0,2053.94,29.342000000000006,642.6,2462.4,0.9659258262890683,-0.25881904510252063,0.49999999999999994,-0.8660254037844387,-1.0,-1.8369701987210297e-16,1.0,9.1,0.0,9.1,0.0,5.46,9.1,1310.4,3072,3020.959110503693,51.040889496307045,Very Low Error (<20%),1310.4,9.1,12.083836442014771,2416.7672884029544,0.697462166662723,HVAC Moderation,Adjust HVAC setpoint; Reduce cooling or heating intensity
180.1,13.7,1026,43,2.4,0.0,0.0,60,1,330,975,0.34,3,8,5,0,0.33846153811439844,0,2467.37,72.04,589.1,2462.4,0.8660254037844387,-0.4999999999999998,0.49999999999999994,-0.8660254037844387,0.0,1.0,1.0,7.300000000000001,0.0,7.300000000000001,0.0,5.46,7.300000000000001,1094.4,3379,3416.6087519749103,37.60875197491032,Very Low Error (<20%),1094.4,7.300000000000001,13.666435007899642,2733.287001579928,0.7573935097602575,HVAC Moderation,Adjust HVAC setpoint; Reduce cooling or heating intensity
187.1,13.7,1026,43,2.4,0.0,0.0,60,1,345,975,0.35,3,8,5,15,0.3538461534832347,0,2563.27,74.84,589.1,2462.4,0.8660254037844387,-0.4999999999999998,0.49999999999999994,-0.8660254037844387,1.0,2.83276944882399e-16,1.0,7.300000000000001,0.0,7.300000000000001,0.0,4.38,7.300000000000001,1051.2,3593,3534.571667225154,58.428332774845785,Very Low Error (<20%),1051.2,7.300000000000001,14.138286668900617,2827.6573337801233,0.7707692233602094,HVAC Moderation,Adjust HVAC setpoint; Reduce cooling or heating intensity
193.5,13.7,1026,43,2.4,0.0,0.0,60,1,360,975,0.37,3,8,5,30,0.369230768852071,0,2650.95,77.4,589.1,2462.4,0.8660254037844387,-0.4999999999999998,0.49999999999999994,-0.8660254037844387,5.66553889764798e-16,-1.0,1.0,7.300000000000001,0.0,7.300000000000001,0.0,4.38,7.300000000000001,1051.2,3662,3577.6183266622215,84.38167333777847,Very Low Error (<20%),1051.2,7.300000000000001,14.310473306648886,2862.0946613297774,0.7729010026775219,HVAC Moderation,Adjust HVAC setpoint; Reduce cooling or heating intensity
199.4,13.7,1026,43,2.4,0.0,0.0,60,1,375,975,0.38,3,8,5,45,0.3846153842209073,0,2731.7799999999997,79.76,589.1,2462.4,0.8660254037844387,-0.4999999999999998,0.49999999999999994,-0.8660254037844387,-1.0,-1.8369701987210297e-16,1.0,7.300000000000001,0.0,7.300000000000001,0.0,4.38,7.300000000000001,1051.2,3809,3724.843748106559,84.1562518934411,Very Low Error (<20%),1051.2,7.300000000000001,14.899374992426235,2979.874998485247,0.7799015134238154,HVAC Moderation,Adjust HVAC setpoint; Reduce cooling or heating intensity
204.6,15.3,1026,39,2.3,0.0,0.0,23,1,390,975,0.4,2,9,5,0,0.3999999995897436,0,3130.38,157.542,596.7,2359.7999999999997,0.7071067811865476,-0.7071067811865475,0.49999999999999994,-0.8660254037844387,0.0,1.0,1.0,5.699999999999999,0.0,5.699999999999999,0.0,4.38,5.699999999999999,859.1999999999998,3916,3784.7162616423975,131.2837383576025,Very Low Error (<20%),859.1999999999998,5.699999999999999,15.13886504656959,3027.773009313918,0.8149837438043912,HVAC Moderation,Adjust HVAC setpoint; Reduce cooling or heating intensity
209.2,15.3,1026,39,2.3,0.0,0.0,23,1,405,975,0.42,2,9,5,15,0.41538461495857987,0,3200.7599999999998,161.084,596.7,2359.7999999999997,0.7071067811865476,-0.7071067811865475,0.49999999999999994,-0.8660254037844387,1.0,2.83276944882399e-16,1.0,5.699999999999999,0.0,5.699999999999999,0.0,3.4199999999999995,5.699999999999999,820.7999999999998,3978,3764.094683679558,213.90531632044213,Very Low Error (<20%),820.7999999999998,5.699999999999999,15.056378734718232,3011.2757469436465,0.820977349001558,HVAC Moderation,Adjust HVAC setpoint; Reduce cooling or heating intensity
213.2,15.3,1026,39,2.3,0.0,0.0,23,1,420,975,0.43,2,9,5,30,0.43076923032741615,0,3261.96,164.164,596.7,2359.7999999999997,0.7071067811865476,-0.7071067811865475,0.49999999999999994,-0.8660254037844387,5.66553889764798e-16,-1.0,1.0,5.699999999999999,0.0,5.699999999999999,0.0,3.4199999999999995,5.699999999999999,820.7999999999998,4030,3999.966402828228,30.033597171771817,Very Low Error (<20%),820.7999999999998,5.699999999999999,15.999865611312913,3199.9731222625824,0.8297366160807558,HVAC Moderation,Adjust HVAC setpoint; Reduce cooling or heating intensity
216.5,15.3,1026,39,2.3,0.0,0.0,23,1,435,975,0.45,2,9,5,45,0.4461538456962525,0,3312.4500000000003,166.705,596.7,2359.7999999999997,0.7071067811865476,-0.7071067811865475,0.49999999999999994,-0.8660254037844387,-1.0,-1.8369701987210297e-16,1.0,5.699999999999999,0.0,5.699999999999999,0.0,3.4199999999999995,5.699999999999999,820.7999999999998,4077,4005.872508806126,71.127491193874,Very Low Error (<20%),820.7999999999998,5.699999999999999,16.023490035224505,3204.698007044901,0.8299449570418505,HVAC Moderation,Adjust HVAC setpoint; Reduce cooling or heating intensity
219.1,16.1,1026,42,2.2,0.0,0.0,8,1,450,975,0.46,1,10,5,0,0.4615384610650888,0,3527.51,201.572,676.2,2257.2000000000003,0.49999999999999994,-0.8660254037844387,0.49999999999999994,-0.8660254037844387,0.0,1.0,1.0,4.899999999999999,0.0,4.899999999999999,0.0,3.4199999999999995,4.899999999999999,724.7999999999997,4162,4114.116344060289,47.88365593971139,Very Low Error (<20%),724.7999999999997,4.899999999999999,16.456465376241155,3291.2930752482307,0.8502143973330109,HVAC Moderation,Adjust HVAC setpoint; Reduce cooling or heating intensity
221.0,16.1,1026,42,2.2,0.0,0.0,8,1,465,975,0.48,1,10,5,15,0.47692307643392506,0,3558.1000000000004,203.32000000000002,676.2,2257.2000000000003,0.49999999999999994,-0.8660254037844387,0.49999999999999994,-0.8660254037844387,1.0,2.83276944882399e-16,1.0,4.899999999999999,0.0,4.899999999999999,0.0,2.939999999999999,4.899999999999999,705.5999999999997,4164,4119.083402691592,44.9165973084082,Very Low Error (<20%),705.5999999999997,4.899999999999999,16.476333610766368,3295.2667221532733,0.8537520616461357,Energy Storage,Store excess energy; Prepare controlled charging window
221.7,16.1,1026,42,2.2,0.0,0.0,8,1,480,975,0.49,1,10,5,30,0.49230769180276135,0,3569.3700000000003,203.964,676.2,2257.2000000000003,0.49999999999999994,-0.8660254037844387,0.49999999999999994,-0.8660254037844387,5.66553889764798e-16,-1.0,1.0,4.899999999999999,0.0,4.899999999999999,0.0,2.939999999999999,4.899999999999999,705.5999999999997,3982,4135.216430427982,153.21643042798223,Very Low Error (<20%),705.5999999999997,4.899999999999999,16.540865721711928,3308.173144342386,0.8542394633229551,Energy Storage,Store excess energy; Prepare controlled charging window
209.3,16.1,1026,42,2.2,0.0,0.0,8,1,495,975,0.51,1,10,5,45,0.5076923071715976,0,3369.7300000000005,192.556,676.2,2257.2000000000003,0.49999999999999994,-0.8660254037844387,0.49999999999999994,-0.8660254037844387,-1.0,-1.8369701987210297e-16,1.0,4.899999999999999,0.0,4.899999999999999,0.0,2.939999999999999,4.899999999999999,705.5999999999997,2704,4004.6453419360446,1300.6453419360446,Low Error (20-50%),705.5999999999997,4.899999999999999,16.01858136774418,3203.7162735488355,0.8501988856996189,HVAC Moderation,Adjust HVAC setpoint; Reduce cooling or heating intensity
201.3,16.5,1026,40,1.6,0.0,0.0,49,1,510,975,0.52,2,11,5,0,0.5230769225404339,0,3321.4500000000003,102.66300000000001,660.0,1641.6000000000001,0.258819045102521,-0.9659258262890682,0.49999999999999994,-0.8660254037844387,0.0,1.0,1.0,4.5,0.0,4.5,0.0,2.939999999999999,4.5,657.5999999999999,3553,3876.545573506052,323.5455735060518,Very Low Error (<20%),657.5999999999999,4.5,15.506182294024207,3101.2364588048413,0.8549671619064328,Energy Storage,Store excess energy; Prepare controlled charging window
189.9,16.5,1026,40,1.6,0.0,0.0,49,1,525,975,0.54,2,11,5,15,0.5384615379092702,0,3133.35,96.849,660.0,1641.6000000000001,0.258819045102521,-0.9659258262890682,0.49999999999999994,-0.8660254037844387,1.0,2.83276944882399e-16,1.0,4.5,0.0,4.5,0.0,2.6999999999999997,4.5,648.0,3087,3626.313480878513,539.313480878513,Very Low Error (<20%),648.0,4.5,14.505253923514053,2901.0507847028102,0.8483967065711776,Energy Storage,Store excess energy; Prepare controlled charging window
179.4,16.5,1026,40,1.6,0.0,0.0,49,1,540,975,0.55,2,11,5,30,0.5538461532781065,0,2960.1,91.494,660.0,1641.6000000000001,0.258819045102521,-0.9659258262890682,0.49999999999999994,-0.8660254037844387,5.66553889764798e-16,-1.0,1.0,4.5,0.0,4.5,0.0,2.6999999999999997,4.5,648.0,1778,3305.4033779797323,1527.4033779797323,High Error (>60%),648.0,4.5,13.22161351191893,2644.322702383786,0.8360905936273998,HVAC Moderation,Adjust HVAC setpoint; Reduce cooling or heating intensity
176.1,16.5,1026,40,1.6,0.0,0.0,49,1,555,975,0.57,2,11,5,45,0.5692307686469428,0,2905.65,89.81099999999999,660.0,1641.6000000000001,0.258819045102521,-0.9659258262890682,0.49999999999999994,-0.8660254037844387,-1.0,-1.8369701987210297e-16,1.0,4.5,0.0,4.5,0.0,2.6999999999999997,4.5,648.0,3850,3160.8844668955203,689.1155331044797,Very Low Error (<20%),648.0,4.5,12.643537867582081,2528.7075735164162,0.8298714475427416,HVAC Moderation,Adjust HVAC setpoint; Reduce cooling or heating intensity
174.4,16.7,1025,39,0.9,0.0,0.0,84,1,570,975,0.58,3,12,5,0,0.5846153840157791,0,2912.48,27.904000000000007,651.3,922.5,1.2246467991473532e-16,-1.0,0.49999999999999994,-0.8660254037844387,0.0,1.0,1.0,4.300000000000001,0.0,4.300000000000001,0.0,2.6999999999999997,4.300000000000001,624.0000000000001,3372,3147.4774630673514,224.52253693264856,Very Low Error (<20%),624.0000000000001,4.300000000000001,12.589909852269406,2517.9819704538813,0.8345475991981544,HVAC Moderation,Adjust HVAC setpoint; Reduce cooling or heating intensity
166.5,16.7,1025,39,0.9,0.0,0.0,84,1,585,975,0.6,3,12,5,15,0.5999999993846153,0,2780.5499999999997,26.640000000000004,651.3,922.5,1.2246467991473532e-16,-1.0,0.49999999999999994,-0.8660254037844387,1.0,2.83276944882399e-16,1.0,4.300000000000001,0.0,4.300000000000001,0.0,2.5800000000000005,4.300000000000001,619.2000000000002,2502,2836.737783606661,334.7377836066612,Very Low Error (<20%),619.2000000000002,4.300000000000001,11.346951134426645,2269.390226885329,0.8208301076026244,HVAC Moderation,Adjust HVAC setpoint; Reduce cooling or heating intensity
167.1,16.7,1025,39,0.9,0.0,0.0,84,1,600,975,0.62,3,12,5,30,0.6153846147534516,0,2790.5699999999997,26.736000000000004,651.3,922.5,1.2246467991473532e-16,-1.0,0.49999999999999994,-0.8660254037844387,5.66553889764798e-16,-1.0,1.0,4.300000000000001,0.0,4.300000000000001,0.0,2.5800000000000005,4.300000000000001,619.2000000000002,1450,2864.3054964816424,1414.3054964816424,High Error (>60%),619.2000000000002,4.300000000000001,11.45722198592657,2291.444397185314,0.8222480195746373,HVAC Moderation,Adjust HVAC setpoint; Reduce cooling or heating intensity
167.1,16.7,1025,39,0.9,0.0,0.0,84,1,615,975,0.63,3,12,5,45,0.6307692301222879,0,2790.5699999999997,26.736000000000004,651.3,922.5,1.2246467991473532e-16,-1.0,0.49999999999999994,-0.8660254037844387,-1.0,-1.8369701987210297e-16,1.0,4.300000000000001,0.0,4.300000000000001,0.0,2.5800000000000005,4.300000000000001,619.2000000000002,3690,2837.2174778773037,852.7825221226963,Low Error (20-50%),619.2000000000002,4.300000000000001,11.348869911509215,2269.773982301843,0.8208549734561794,HVAC Moderation,Adjust HVAC setpoint; Reduce cooling or heating intensity
159.2,17.5,1025,39,1.0,0.0,0.0,98,1,630,975,0.65,4,13,5,0,0.6461538454911243,0,2786.0,3.1840000000000024,682.5,1025.0,-0.2588190451025208,-0.9659258262890683,0.49999999999999994,-0.8660254037844387,0.0,1.0,1.0,3.5,0.0,3.5,0.0,2.5800000000000005,3.5,523.2,1718,2677.2166231883393,959.2166231883393,Moderate Error (50-60%),523.2,3.5,10.708866492753357,2141.7732985506714,0.8365212838085764,Energy Storage,Store excess energy; Prepare controlled charging window
141.9,17.5,1025,39,1.0,0.0,0.0,98,1,645,975,0.66,4,13,5,15,0.6615384608599606,0,2483.25,2.8380000000000027,682.5,1025.0,-0.2588190451025208,-0.9659258262890683,0.49999999999999994,-0.8660254037844387,1.0,2.83276944882399e-16,1.0,3.5,0.0,3.5,0.0,2.1,3.5,504.0,3762,2301.5678398909595,1460.4321601090405,Low Error (20-50%),504.0,3.5,9.206271359563837,1841.2542719127675,0.820357221930536,HVAC Moderation,Adjust HVAC setpoint; Reduce cooling or heating intensity
138.0,17.5,1025,39,1.0,0.0,0.0,98,1,660,975,0.68,4,13,5,30,0.6769230762287969,0,2415.0,2.7600000000000025,682.5,1025.0,-0.2588190451025208,-0.9659258262890683,0.49999999999999994,-0.8660254037844387,5.66553889764798e-16,-1.0,1.0,3.5,0.0,3.5,0.0,2.1,3.5,504.0,1184,2231.475329683106,1047.4753296831059,High Error (>60%),504.0,3.5,8.925901318732423,1785.1802637464848,0.8157541413929913,HVAC Moderation,Adjust HVAC setpoint; Reduce cooling or heating intensity
130.4,17.5,1025,39,1.0,0.0,0.0,98,1,675,975,0.69,4,13,5,45,0.6923076915976332,0,2282.0,2.6080000000000023,682.5,1025.0,-0.2588190451025208,-0.9659258262890683,0.49999999999999994,-0.8660254037844387,-1.0,-1.8369701987210297e-16,1.0,3.5,0.0,3.5,0.0,2.1,3.5,504.0,1321,2061.7412093807666,740.7412093807666,Moderate Error (50-60%),504.0,3.5,8.246964837523066,1649.3929675046134,0.8035655353856969,HVAC Moderation,Adjust HVAC setpoint; Reduce cooling or heating intensity
126.4,17.4,1025,38,1.4,0.0,0.0,100,1,690,975,0.71,4,14,5,0,0.7076923069664695,0,2199.36,0.0,661.1999999999999,1435.0,-0.4999999999999997,-0.8660254037844388,0.49999999999999994,-0.8660254037844387,0.0,1.0,1.0,3.6000000000000014,0.0,3.6000000000000014,0.0,2.1,3.6000000000000014,516.0000000000002,3023,2020.9540814698598,1002.0459185301402,Low Error (20-50%),516.0000000000002,3.6000000000000014,8.08381632587944,1616.763265175888,0.7966064878487487,HVAC Moderation,Adjust HVAC setpoint; Reduce cooling or heating intensity
124.8,17.4,1025,38,1.4,0.0,0.0,100,1,705,975,0.72,4,14,5,15,0.7230769223353057,0,2171.52,0.0,661.1999999999999,1435.0,-0.4999999999999997,-0.8660254037844388,0.49999999999999994,-0.8660254037844387,1.0,2.83276944882399e-16,1.0,3.6000000000000014,0.0,3.6000000000000014,0.0,2.1600000000000006,3.6000000000000014,518.4000000000002,1988,1854.6399966353604,133.36000336463962,Very Low Error (<20%),518.4000000000002,3.6000000000000014,7.4185599865414416,1483.7119973082883,0.7815460331403747,HVAC Moderation,Adjust HVAC setpoint; Reduce cooling or heating intensity
119.9,17.4,1025,38,1.4,0.0,0.0,100,1,720,975,0.74,4,14,5,30,0.738461537704142,0,2086.2599999999998,0.0,661.1999999999999,1435.0,-0.4999999999999997,-0.8660254037844388,0.49999999999999994,-0.8660254037844387,5.66553889764798e-16,-1.0,1.0,3.6000000000000014,0.0,3.6000000000000014,0.0,2.1600000000000006,3.6000000000000014,518.4000000000002,1856,1765.1161659342654,90.88383406573462,Very Low Error (<20%),518.4000000000002,3.6000000000000014,7.060464663737061,1412.0929327474123,0.7729816812744628,HVAC Moderation,Adjust HVAC setpoint; Reduce cooling or heating intensity
120.6,17.4,1025,38,1.4,0.0,0.0,100,1,735,975,0.75,4,14,5,45,0.7538461530729783,0,2098.4399999999996,0.0,661.1999999999999,1435.0,-0.4999999999999997,-0.8660254037844388,0.49999999999999994,-0.8660254037844387,-1.0,-1.8369701987210297e-16,1.0,3.6000000000000014,0.0,3.6000000000000014,0.0,2.1600000000000006,3.6000000000000014,518.4000000000002,1756,1778.8869506815263,22.886950681526287,Very Low Error (<20%),518.4000000000002,3.6000000000000014,7.115547802726105,1423.109560545221,0.774342512753772,HVAC Moderation,Adjust HVAC setpoint; Reduce cooling or heating intensity
116.4,17.9,1025,37,1.7,0.0,0.0,100,1,750,975,0.77,4,15,5,0,0.7692307684418146,0,2083.56,0.0,662.3,1742.5,-0.7071067811865471,-0.7071067811865479,0.49999999999999994,-0.8660254037844387,0.0,1.0,1.0,3.1000000000000014,0.0,3.1000000000000014,0.0,2.1600000000000006,3.1000000000000014,458.4000000000002,906,1603.1903343840347,697.1903343840347,High Error (>60%),458.4000000000002,3.1000000000000014,6.412761337536139,1282.5522675072277,0.7776473855487837,HVAC Moderation,Adjust HVAC setpoint; Reduce cooling or heating intensity
106.2,17.9,1025,37,1.7,0.0,0.0,100,1,765,975,0.78,4,15,5,15,0.7846153838106509,0,1900.9799999999998,0.0,662.3,1742.5,-0.7071067811865471,-0.7071067811865479,0.49999999999999994,-0.8660254037844387,1.0,2.83276944882399e-16,1.0,3.1000000000000014,0.0,3.1000000000000014,0.0,1.8600000000000008,3.1000000000000014,446.4000000000002,1693,1388.0107373561605,304.98926264383954,Very Low Error (<20%),446.4000000000002,3.1000000000000014,5.552042949424642,1110.4085898849285,0.7566520999544382,HVAC Moderation,Adjust HVAC setpoint; Reduce cooling or heating intensity
98.9,17.9,1025,37,1.7,0.0,0.0,100,1,780,975,0.8,4,15,5,30,0.7999999991794872,0,1770.31,0.0,662.3,1742.5,-0.7071067811865471,-0.7071067811865479,0.49999999999999994,-0.8660254037844387,5.66553889764798e-16,-1.0,1.0,3.1000000000000014,0.0,3.1000000000000014,0.0,1.8600000000000008,3.1000000000000014,446.4000000000002,809,1212.4223736808704,403.42237368087035,Low Error (20-50%),446.4000000000002,3.1000000000000014,4.849689494723481,969.9378989446963,0.7308934290894888,HVAC Moderation,Adjust HVAC setpoint; Reduce cooling or heating intensity
89.1,17.9,1025,37,1.7,0.0,0.0,100,1,795,975,0.82,4,15,5,45,0.8153846145483234,0,1594.8899999999999,0.0,662.3,1742.5,-0.7071067811865471,-0.7071067811865479,0.49999999999999994,-0.8660254037844387,-1.0,-1.8369701987210297e-16,1.0,3.1000000000000014,0.0,3.1000000000000014,0.0,1.8600000000000008,3.1000000000000014,446.4000000000002,760,990.9568238542832,230.95682385428324,Low Error (20-50%),446.4000000000002,3.1000000000000014,3.963827295417133,792.7654590834265,0.6894299360597147,HVAC Moderation,Adjust HVAC setpoint; Reduce cooling or heating intensity
74.6,16.7,1024,38,2.1,0.0,0.0,93,1,810,975,0.83,4,16,5,0,0.8307692299171597,0,1245.82,5.221999999999996,634.6,2150.4,-0.8660254037844384,-0.5000000000000004,0.49999999999999994,-0.8660254037844387,0.0,1.0,1.0,4.300000000000001,0.0,4.300000000000001,0.0,1.8600000000000008,4.300000000000001,590.4000000000001,608,635.2290792063072,27.229079206307233,Very Low Error (<20%),590.4000000000001,4.300000000000001,2.540916316825229,508.1832633650458,0.51828819131754,HVAC Moderation,Adjust HVAC setpoint; Reduce cooling or heating intensity
66.4,16.7,1024,38,2.1,0.0,0.0,93,1,825,975,0.85,4,16,5,15,0.846153845285996,0,1108.88,4.647999999999997,634.6,2150.4,-0.8660254037844384,-0.5000000000000004,0.49999999999999994,-0.8660254037844387,1.0,2.83276944882399e-16,1.0,4.300000000000001,0.0,4.300000000000001,0.0,2.5800000000000005,4.300000000000001,619.2000000000002,472,538.7519278092183,66.75192780921827,Very Low Error (<20%),619.2000000000002,4.300000000000001,2.1550077112368733,431.00154224737463,0.4652627750819022,HVAC Moderation,Adjust HVAC setpoint; Reduce cooling or heating intensity
60.6,16.7,1024,38,2.1,0.0,0.0,93,1,840,975,0.86,4,16,5,30,0.8615384606548323,0,1012.02,4.241999999999997,634.6,2150.4,-0.8660254037844384,-0.5000000000000004,0.49999999999999994,-0.8660254037844387,5.66553889764798e-16,-1.0,1.0,4.300000000000001,0.0,4.300000000000001,0.0,2.5800000000000005,4.300000000000001,619.2000000000002,284,463.79394586720326,179.79394586720326,High Error (>60%),619.2000000000002,4.300000000000001,1.855175783468813,371.0351566937626,0.42825165109078267,HVAC Moderation,Adjust HVAC setpoint; Reduce cooling or heating intensity
56.4,16.7,1024,38,2.1,0.0,0.0,93,1,855,975,0.88,4,16,5,45,0.8769230760236686,0,941.8799999999999,3.9479999999999973,634.6,2150.4,-0.8660254037844384,-0.5000000000000004,0.49999999999999994,-0.8660254037844387,-1.0,-1.8369701987210297e-16,1.0,4.300000000000001,0.0,4.300000000000001,0.0,2.5800000000000005,4.300000000000001,619.2000000000002,197,365.0292802709141,168.02928027091411,High Error (>60%),619.2000000000002,4.300000000000001,1.4601171210836565,292.0234242167313,0.3708782975848469,HVAC Moderation,Adjust HVAC setpoint; Reduce cooling or heating intensity
49.1,16.3,1024,39,2.8,0.0,0.0,84,1,870,975,0.89,3,17,5,0,0.892307691392505,0,800.33,7.856000000000002,635.7,2867.2,-0.9659258262890683,-0.25881904510252063,0.49999999999999994,-0.8660254037844387,0.0,1.0,1.0,4.699999999999999,0.0,4.699999999999999,0.0,2.5800000000000005,4.699999999999999,667.1999999999999,194,265.67133736003854,71.67133736003854,Low Error (20-50%),667.1999999999999,4.699999999999999,1.0626853494401542,212.53706988803083,0.2847888303944264,HVAC Moderation,Adjust HVAC setpoint; Reduce cooling or heating intensity
42.8,16.3,1024,39,2.8,0.0,0.0,84,1,885,975,0.91,3,17,5,15,0.9076923067613413,0,697.64,6.848000000000001,635.7,2867.2,-0.9659258262890683,-0.25881904510252063,0.49999999999999994,-0.8660254037844387,1.0,2.83276944882399e-16,1.0,4.699999999999999,0.0,4.699999999999999,0.0,2.8199999999999994,4.699999999999999,676.7999999999998,184,221.10406559021024,37.10406559021024,Low Error (20-50%),676.7999999999998,4.699999999999999,0.8844162623608409,176.88325247216818,0.24624464218082087,HVAC Moderation,Adjust HVAC setpoint; Reduce cooling or heating intensity
34.7,16.3,1024,39,2.8,0.0,0.0,84,1,900,975,0.92,3,17,5,30,0.9230769221301776,0,565.6100000000001,5.552000000000001,635.7,2867.2,-0.9659258262890683,-0.25881904510252063,0.49999999999999994,-0.8660254037844387,5.66553889764798e-16,-1.0,1.0,4.699999999999999,0.0,4.699999999999999,0.0,2.8199999999999994,4.699999999999999,676.7999999999998,150,205.32632413324245,55.32632413324245,Low Error (20-50%),676.7999999999998,4.699999999999999,0.8213052965329698,164.26105930659395,0.23276294821178653,HVAC Moderation,Adjust HVAC setpoint; Reduce cooling or heating intensity
26.0,16.3,1024,39,2.8,0.0,0.0,84,1,915,975,0.94,3,17,5,45,0.9384615374990138,0,423.8,4.160000000000001,635.7,2867.2,-0.9659258262890683,-0.25881904510252063,0.49999999999999994,-0.8660254037844387,-1.0,-1.8369701987210297e-16,1.0,4.699999999999999,0.0,4.699999999999999,0.0,2.8199999999999994,4.699999999999999,676.7999999999998,124,169.42684335908856,45.426843359088565,Low Error (20-50%),676.7999999999998,4.699999999999999,0.6777073734363542,135.54147468727086,0.2002144513477451,HVAC Moderation,Adjust HVAC setpoint; Reduce cooling or heating intensity
17.8,15.1,1024,42,3.0,0.0,0.0,61,1,930,975,0.95,3,18,5,0,0.9538461528678501,0,268.78000000000003,6.942,634.1999999999999,3072.0,-1.0,-1.8369701987210297e-16,0.49999999999999994,-0.8660254037844387,0.0,1.0,1.0,5.9,0.0,5.9,0.0,2.8199999999999994,5.9,820.8,82,88.80810091691352,6.808100916913517,Very Low Error (<20%),820.8,5.9,0.3552324036676541,71.04648073353081,0.09763336620436736,HVAC Moderation,Adjust HVAC setpoint; Reduce cooling or heating intensity
10.6,15.1,1024,42,3.0,0.0,0.0,61,1,945,975,0.97,3,18,5,15,0.9692307682366864,0,160.06,4.134,634.1999999999999,3072.0,-1.0,-1.8369701987210297e-16,0.49999999999999994,-0.8660254037844387,1.0,2.83276944882399e-16,1.0,5.9,0.0,5.9,0.0,3.54,5.9,849.6,47,19.481920695775447,27.518079304224553,Moderate Error (50-60%),849.6,5.9,0.07792768278310179,15.585536556620358,0.022416667761034324,HVAC Moderation,Adjust HVAC setpoint; Reduce cooling or heating intensity
4.7,15.1,1024,42,3.0,0.0,0.0,61,1,960,975,0.98,3,18,5,30,0.9846153836055227,0,70.97,1.8330000000000002,634.1999999999999,3072.0,-1.0,-1.8369701987210297e-16,0.49999999999999994,-0.8660254037844387,5.66553889764798e-16,-1.0,1.0,5.9,0.0,5.9,0.0,3.54,5.9,849.6,22,-1.2448424569232943,23.244842456923294,High Error (>60%),849.6,5.9,-0.004979369827693177,-0.9958739655386355,-0.0014673600371112557,HVAC Moderation,Adjust HVAC setpoint; Reduce cooling or heating intensity
0.8,15.1,1024,42,3.0,0.0,0.0,61,1,975,975,1.0,3,18,5,45,0.999999998974359,0,12.08,0.31200000000000006,634.1999999999999,3072.0,-1.0,-1.8369701987210297e-16,0.49999999999999994,-0.8660254037844387,-1.0,-1.8369701987210297e-16,1.0,5.9,0.0,5.9,0.0,3.54,5.9,849.6,5,-32.03541301616117,37.03541301616117,High Error (>60%),849.6,5.9,-0.1281416520646447,-25.62833041292894,-0.03918395376585762,HVAC Moderation,Adjust HVAC setpoint; Reduce cooling or heating intensity
0.0,13.0,1025,49,3.2,0.0,0.0,61,0,0,975,0.0,3,19,5,0,0.0,1,0.0,0.0,637.0,3280.0,-0.9659258262890684,0.2588190451025203,0.49999999999999994,-0.8660254037844387,0.0,1.0,1.0,8.0,0.0,8.0,0.0,3.54,8.0,1101.6,0,6.015138596008949,6.015138596008949,Zero-Actual / Undefined % Error,1101.6,8.0,0.024060554384035798,4.812110876807159,0.005430711788756253,HVAC Moderation,Adjust HVAC setpoint; Reduce cooling or heating intensity
0.0,13.0,1025,49,3.2,0.0,0.0,61,0,0,975,0.0,3,19,5,15,0.0,1,0.0,0.0,637.0,3280.0,-0.9659258262890684,0.2588190451025203,0.49999999999999994,-0.8660254037844387,1.0,2.83276944882399e-16,1.0,8.0,0.0,8.0,0.0,4.8,8.0,1152.0,0,6.0459437818448745,6.0459437818448745,Zero-Actual / Undefined % Error,1152.0,8.0,0.024183775127379497,4.8367550254759,0.005220815123171837,HVAC Moderation,Adjust HVAC setpoint; Reduce cooling or heating intensity
0.0,13.0,1025,49,3.2,0.0,0.0,61,0,0,975,0.0,3,19,5,30,0.0,1,0.0,0.0,637.0,3280.0,-0.9659258262890684,0.2588190451025203,0.49999999999999994,-0.8660254037844387,5.66553889764798e-16,-1.0,1.0,8.0,0.0,8.0,0.0,4.8,8.0,1152.0,0,5.276296081991424,5.276296081991424,Zero-Actual / Undefined % Error,1152.0,8.0,0.021105184327965695,4.221036865593139,0.004559236282031623,HVAC Moderation,Adjust HVAC setpoint; Reduce cooling or heating intensity
0.0,13.0,1025,49,3.2,0.0,0.0,61,0,0,975,0.0,3,19,5,45,0.0,1,0.0,0.0,637.0,3280.0,-0.9659258262890684,0.2588190451025203,0.49999999999999994,-0.8660254037844387,-1.0,-1.8369701987210297e-16,1.0,8.0,0.0,8.0,0.0,4.8,8.0,1152.0,0,5.288548107727576,5.288548107727576,Zero-Actual / Undefined % Error,1152.0,8.0,0.021154192430910303,4.23083848618206,0.004569774851574449,HVAC Moderation,Adjust HVAC setpoint; Reduce cooling or heating intensity
0.0,11.3,1025,56,3.2,0.0,0.0,76,0,0,975,0.0,3,20,5,0,0.0,1,0.0,0.0,632.8000000000001,3280.0,-0.8660254037844386,0.5000000000000001,0.49999999999999994,-0.8660254037844387,0.0,1.0,1.0,9.7,0.0,9.7,0.0,4.8,9.7,1356.0,0,3.8611569988588577,3.8611569988588577,Zero-Actual / Undefined % Error,1356.0,9.7,0.015444627995435431,3.0889255990870863,0.002839375899625554,HVAC Moderation,Adjust HVAC setpoint; Reduce cooling or heating intensity
0.0,11.3,1025,56,3.2,0.0,0.0,76,0,0,975,0.0,3,20,5,15,0.0,1,0.0,0.0,632.8000000000001,3280.0,-0.8660254037844386,0.5000000000000001,0.49999999999999994,-0.8660254037844387,1.0,2.83276944882399e-16,1.0,9.7,0.0,9.7,0.0,5.819999999999999,9.7,1396.8,0,3.7375875538057852,3.7375875538057852,Zero-Actual / Undefined % Error,1396.8,9.7,0.01495035021522314,2.990070043044628,0.002668680644026995,HVAC Moderation,Adjust HVAC setpoint; Reduce cooling or heating intensity
0.0,11.3,1025,56,3.2,0.0,0.0,76,0,0,975,0.0,3,20,5,30,0.0,1,0.0,0.0,632.8000000000001,3280.0,-0.8660254037844386,0.5000000000000001,0.49999999999999994,-0.8660254037844387,5.66553889764798e-16,-1.0,1.0,9.7,0.0,9.7,0.0,5.819999999999999,9.7,1396.8,0,3.323555534670317,3.323555534670317,Zero-Actual / Undefined % Error,1396.8,9.7,0.01329422213868127,2.6588444277362537,0.002373758743761282,HVAC Moderation,Adjust HVAC setpoint; Reduce cooling or heating intensity
0.0,11.3,1025,56,3.2,0.0,0.0,76,0,0,975,0.0,3,20,5,45,0.0,1,0.0,0.0,632.8000000000001,3280.0,-0.8660254037844386,0.5000000000000001,0.49999999999999994,-0.8660254037844387,-1.0,-1.8369701987210297e-16,1.0,9.7,0.0,9.7,0.0,5.819999999999999,9.7,1396.8,0,3.335807560406469,3.335807560406469,Zero-Actual / Undefined % Error,1396.8,9.7,0.013343230241625877,2.6686460483251753,0.0023824885700454187,HVAC Moderation,Adjust HVAC setpoint; Reduce cooling or heating intensity
0.0,10.7,1025,62,3.2,0.0,0.0,81,0,0,975,0.0,3,21,5,0,0.0,1,0.0,0.0,663.4,3280.0,-0.7071067811865477,0.7071067811865474,0.49999999999999994,-0.8660254037844387,0.0,1.0,1.0,10.3,0.0,10.3,0.0,5.819999999999999,10.3,1468.8,0,3.2361949343249354,3.2361949343249354,Zero-Actual / Undefined % Error,1468.8,10.3,0.012944779737299742,2.588955947459948,0.0021984479344075306,HVAC Moderation,Adjust HVAC setpoint; Reduce cooling or heating intensity
0.0,10.7,1025,62,3.2,0.0,0.0,81,0,0,975,0.0,3,21,5,15,0.0,1,0.0,0.0,663.4,3280.0,-0.7071067811865477,0.7071067811865474,0.49999999999999994,-0.8660254037844387,1.0,2.83276944882399e-16,1.0,10.3,0.0,10.3,0.0,6.180000000000001,10.3,1483.2,0,3.4053029574286753,3.4053029574286753,Zero-Actual / Undefined % Error,1483.2,10.3,0.0136212118297147,2.7242423659429402,0.0022906570751251615,HVAC Moderation,Adjust HVAC setpoint; Reduce cooling or heating intensity
0.0,10.7,1025,62,3.2,0.0,0.0,81,0,0,975,0.0,3,21,5,30,0.0,1,0.0,0.0,663.4,3280.0,-0.7071067811865477,0.7071067811865474,0.49999999999999994,-0.8660254037844387,5.66553889764798e-16,-1.0,1.0,10.3,0.0,10.3,0.0,6.180000000000001,10.3,1483.2,0,3.7134889233090997,3.7134889233090997,Zero-Actual / Undefined % Error,1483.2,10.3,0.014853955693236399,2.9707911386472796,0.0024974478666547244,HVAC Moderation,Adjust HVAC setpoint; Reduce cooling or heating intensity
0.0,10.7,1025,62,3.2,0.0,0.0,81,0,0,975,0.0,3,21,5,45,0.0,1,0.0,0.0,663.4,3280.0,-0.7071067811865477,0.7071067811865474,0.49999999999999994,-0.8660254037844387,-1.0,-1.8369701987210297e-16,1.0,10.3,0.0,10.3,0.0,6.180000000000001,10.3,1483.2,0,3.3011506442204595,3.3011506442204595,Zero-Actual / Undefined % Error,1483.2,10.3,0.013204602576881838,2.6409205153763677,0.002220752160581277,HVAC Moderation,Adjust HVAC setpoint; Reduce cooling or heating intensity
0.0,10.4,1025,67,3.3,0.0,0.0,91,0,0,975,0.0,4,22,5,0,0.0,1,0.0,0.0,696.8000000000001,3382.5,-0.5000000000000004,0.8660254037844384,0.49999999999999994,-0.8660254037844387,0.0,1.0,1.0,10.6,0.0,10.6,0.0,6.180000000000001,10.6,1519.2,0,3.4372276240934334,3.4372276240934334,Zero-Actual / Undefined % Error,1519.2,10.6,0.013748910496373733,2.749782099274747,0.002257417301690061,HVAC Moderation,Adjust HVAC setpoint; Reduce cooling or heating intensity
0.0,10.4,1025,67,3.3,0.0,0.0,91,0,0,975,0.0,4,22,5,15,0.0,1,0.0,0.0,696.8000000000001,3382.5,-0.5000000000000004,0.8660254037844384,0.49999999999999994,-0.8660254037844387,1.0,2.83276944882399e-16,1.0,10.6,0.0,10.6,0.0,6.359999999999999,10.6,1526.4,0,3.492528228669434,3.492528228669434,Zero-Actual / Undefined % Error,1526.4,10.6,0.013970112914677736,2.7940225829355474,0.0022828585419854765,HVAC Moderation,Adjust HVAC setpoint; Reduce cooling or heating intensity
0.0,10.4,1025,67,3.3,0.0,0.0,91,0,0,975,0.0,4,22,5,30,0.0,1,0.0,0.0,696.8000000000001,3382.5,-0.5000000000000004,0.8660254037844384,0.49999999999999994,-0.8660254037844387,5.66553889764798e-16,-1.0,1.0,10.6,0.0,10.6,0.0,6.359999999999999,10.6,1526.4,0,3.8007141945498586,3.8007141945498586,Zero-Actual / Undefined % Error,1526.4,10.6,0.015202856778199434,3.040571355639887,0.002483801083615776,HVAC Moderation,Adjust HVAC setpoint; Reduce cooling or heating intensity
0.0,10.4,1025,67,3.3,0.0,0.0,91,0,0,975,0.0,4,22,5,45,0.0,1,0.0,0.0,696.8000000000001,3382.5,-0.5000000000000004,0.8660254037844384,0.49999999999999994,-0.8660254037844387,-1.0,-1.8369701987210297e-16,1.0,10.6,0.0,10.6,0.0,6.359999999999999,10.6,1526.4,0,3.227297199690541,3.227297199690541,Zero-Actual / Undefined % Error,1526.4,10.6,0.012909188798762164,2.5818377597524327,0.002109858527949219,HVAC Moderation,Adjust HVAC setpoint; Reduce cooling or heating intensity
0.0,9.6,1025,69,2.7,0.0,0.0,83,0,0,975,0.0,3,23,5,0,0.0,1,0.0,0.0,662.4,2767.5,-0.25881904510252157,0.9659258262890681,0.49999999999999994,-0.8660254037844387,0.0,1.0,0.6,11.4,0.0,6.84,0.0,6.359999999999999,11.4,1075.1999999999998,0,0.43764267338096025,0.43764267338096025,Zero-Actual / Undefined % Error,1075.1999999999998,11.4,0.001750570693523841,0.3501141387047682,0.0004068681269710668,HVAC Moderation,Adjust HVAC setpoint; Reduce cooling or heating intensity
0.0,9.6,1025,69,2.7,0.0,0.0,83,0,0,975,0.0,3,23,5,15,0.0,1,0.0,0.0,662.4,2767.5,-0.25881904510252157,0.9659258262890681,0.49999999999999994,-0.8660254037844387,1.0,2.83276944882399e-16,0.6,11.4,0.0,6.84,0.0,4.104,11.4,984.9599999999999,0,0.22223676843119103,0.22223676843119103,Zero-Actual / Undefined % Error,984.9599999999999,11.4,0.0008889470737247641,0.17778941474495283,0.00022557934959788442,HVAC Moderation,Adjust HVAC setpoint; Reduce cooling or heating intensity
0.0,9.6,1025,69,2.7,0.0,0.0,83,0,0,975,0.0,3,23,5,30,0.0,1,0.0,0.0,662.4,2767.5,-0.25881904510252157,0.9659258262890681,0.49999999999999994,-0.8660254037844387,5.66553889764798e-16,-1.0,0.6,11.4,0.0,6.84,0.0,4.104,11.4,984.9599999999999,0,0.48133785776616894,0.48133785776616894,Zero-Actual / Undefined % Error,984.9599999999999,11.4,0.0019253514310646758,0.38507028621293515,0.0004884490215562623,HVAC Moderation,Adjust HVAC setpoint; Reduce cooling or heating intensity
0.0,9.6,1025,69,2.7,0.0,0.0,83,0,0,975,0.0,3,23,5,45,0.0,1,0.0,0.0,662.4,2767.5,-0.25881904510252157,0.9659258262890681,0.49999999999999994,-0.8660254037844387,-1.0,-1.8369701987210297e-16,0.6,11.4,0.0,6.84,0.0,4.104,11.4,984.9599999999999,0,-0.09207913709314887,0.09207913709314887,Zero-Actual / Undefined % Error,984.9599999999999,11.4,-0.0003683165483725955,-0.07366330967451909,-9.349389400253636e-05,HVAC Moderation,Adjust HVAC setpoint; Reduce cooling or heating intensity
0.0,9.0,1025,71,2.5,0.0,0.0,86,0,0,975,0.0,4,0,5,0,0.0,1,0.0,0.0,639.0,2562.5,0.0,1.0,0.49999999999999994,-0.8660254037844387,0.0,1.0,0.6,12.0,0.0,7.199999999999999,0.0,4.104,12.0,1028.1599999999999,0,3.188556444741701,3.188556444741701,Zero-Actual / Undefined % Error,1028.1599999999999,12.0,0.012754225778966803,2.5508451557933607,0.0030916380516802537,HVAC Moderation,Adjust HVAC setpoint; Reduce cooling or heating intensity
0.0,9.0,1025,71,2.5,0.0,0.0,86,0,0,975,0.0,4,0,5,15,0.0,1,0.0,0.0,639.0,2562.5,0.0,1.0,0.49999999999999994,-0.8660254037844387,1.0,2.83276944882399e-16,0.6,12.0,0.0,7.199999999999999,0.0,4.319999999999999,12.0,1036.8,0,3.017697913092121,3.017697913092121,Zero-Actual / Undefined % Error,1036.8,12.0,0.012070791652368485,2.414158330473697,0.0029021413236632546,HVAC Moderation,Adjust HVAC setpoint; Reduce cooling or heating intensity
0.0,9.0,1025,71,2.5,0.0,0.0,86,0,0,975,0.0,4,0,5,30,0.0,1,0.0,0.0,639.0,2562.5,0.0,1.0,0.49999999999999994,-0.8660254037844387,5.66553889764798e-16,-1.0,0.6,12.0,0.0,7.199999999999999,0.0,4.319999999999999,12.0,1036.8,0,3.5337526804798003,3.5337526804798003,Zero-Actual / Undefined % Error,1036.8,12.0,0.014135010721919201,2.8270021443838402,0.003396749041332297,HVAC Moderation,Adjust HVAC setpoint; Reduce cooling or heating intensity
0.0,9.0,1025,71,2.5,0.0,0.0,86,0,0,975,0.0,4,0,5,45,0.0,1,0.0,0.0,639.0,2562.5,0.0,1.0,0.49999999999999994,-0.8660254037844387,-1.0,-1.8369701987210297e-16,0.6,12.0,0.0,7.199999999999999,0.0,4.319999999999999,12.0,1036.8,0,3.1376142054899048,3.1376142054899048,Zero-Actual / Undefined % Error,1036.8,12.0,0.01255045682195962,2.510091364391924,0.0030171177189988628,HVAC Moderation,Adjust HVAC setpoint; Reduce cooling or heating intensity
0.0,8.8,1025,73,2.7,0.0,0.0,53,0,0,975,0.0,3,1,5,0,0.0,1,0.0,0.0,642.4000000000001,2767.5,0.25881904510252074,0.9659258262890683,0.49999999999999994,-0.8660254037844387,0.0,1.0,0.6,12.2,0.0,7.319999999999999,0.0,4.319999999999999,12.2,1051.2,0,3.0948137138014826,3.0948137138014826,Zero-Actual / Undefined % Error,1051.2,12.2,0.01237925485520593,2.475850971041186,0.002935434823931672,HVAC Moderation,Adjust HVAC setpoint; Reduce cooling or heating intensity
0.0,8.8,1025,73,2.7,0.0,0.0,53,0,0,975,0.0,3,1,5,15,0.0,1,0.0,0.0,642.4000000000001,2767.5,0.25881904510252074,0.9659258262890683,0.49999999999999994,-0.8660254037844387,1.0,2.83276944882399e-16,0.6,12.2,0.0,7.319999999999999,0.0,4.3919999999999995,12.2,1054.08,0,3.2359494605994397,3.2359494605994397,Zero-Actual / Undefined % Error,1054.08,12.2,0.012943797842397759,2.588759568479552,0.0030605321514252768,HVAC Moderation,Adjust HVAC setpoint; Reduce cooling or heating intensity
0.0,8.8,1025,73,2.7,0.0,0.0,53,0,0,975,0.0,3,1,5,30,0.0,1,0.0,0.0,642.4000000000001,2767.5,0.25881904510252074,0.9659258262890683,0.49999999999999994,-0.8660254037844387,5.66553889764798e-16,-1.0,0.6,12.2,0.0,7.319999999999999,0.0,4.3919999999999995,12.2,1054.08,0,3.693158658386093,3.693158658386093,Zero-Actual / Undefined % Error,1054.08,12.2,0.014772634633544373,2.9545269267088745,0.0034914467479764946,HVAC Moderation,Adjust HVAC setpoint; Reduce cooling or heating intensity
0.0,8.8,1025,73,2.7,0.0,0.0,53,0,0,975,0.0,3,1,5,45,0.0,1,0.0,0.0,642.4000000000001,2767.5,0.25881904510252074,0.9659258262890683,0.49999999999999994,-0.8660254037844387,-1.0,-1.8369701987210297e-16,0.6,12.2,0.0,7.319999999999999,0.0,4.3919999999999995,12.2,1054.08,0,3.297020183396198,3.297020183396198,Zero-Actual / Undefined % Error,1054.08,12.2,0.013188080733584791,2.6376161467169585,0.0031181121939894588,HVAC Moderation,Adjust HVAC setpoint; Reduce cooling or heating intensity
0.0,8.5,1025,74,2.8,0.0,0.0,76,0,0,975,0.0,3,2,5,0,0.0,1,0.0,0.0,629.0,2870.0,0.49999999999999994,0.8660254037844387,0.49999999999999994,-0.8660254037844387,0.0,1.0,0.6,12.5,0.0,7.5,0.0,4.3919999999999995,12.5,1075.68,0,1.4434808395945995,1.4434808395945995,Zero-Actual / Undefined % Error,1075.68,12.5,0.005773923358378398,1.1547846716756796,0.0013401256809751386,HVAC Moderation,Adjust HVAC setpoint; Reduce cooling or heating intensity
0.0,8.5,1025,74,2.8,0.0,0.0,76,0,0,975,0.0,3,2,5,15,0.0,1,0.0,0.0,629.0,2870.0,0.49999999999999994,0.8660254037844387,0.49999999999999994,-0.8660254037844387,1.0,2.83276944882399e-16,0.6,12.5,0.0,7.5,0.0,4.5,12.5,1080.0,0,1.5317062600626432,1.5317062600626432,Zero-Actual / Undefined % Error,1080.0,12.5,0.006126825040250573,1.2253650080501146,0.0014162379611995346,HVAC Moderation,Adjust HVAC setpoint; Reduce cooling or heating intensity
0.0,8.5,1025,74,2.8,0.0,0.0,76,0,0,975,0.0,3,2,5,30,0.0,1,0.0,0.0,629.0,2870.0,0.49999999999999994,0.8660254037844387,0.49999999999999994,-0.8660254037844387,5.66553889764798e-16,-1.0,0.6,12.5,0.0,7.5,0.0,4.5,12.5,1080.0,0,2.047761027450323,2.047761027450323,Zero-Actual / Undefined % Error,1080.0,12.5,0.008191044109801291,1.6382088219602582,0.001892486726845957,HVAC Moderation,Adjust HVAC setpoint; Reduce cooling or heating intensity
0.2,8.5,1025,74,2.8,0.0,0.0,76,1,15,975,0.02,3,2,5,45,0.015384615368836292,0,1.7000000000000002,0.048,629.0,2870.0,0.49999999999999994,0.8660254037844387,0.49999999999999994,-0.8660254037844387,-1.0,-1.8369701987210297e-16,0.6,12.5,0.0,7.5,0.0,4.5,12.5,1080.0,0,2.9621157219864664,2.9621157219864664,Zero-Actual / Undefined % Error,1080.0,12.5,0.011848462887945865,2.369692577589173,0.0027351979134343884,HVAC Moderation,Adjust HVAC setpoint; Reduce cooling or heating intensity
2.7,7.5,1025,75,3.1,0.0,0.0,73,1,30,975,0.03,3,3,5,0,0.030769230737672584,0,20.25,0.7290000000000001,562.5,3177.5,0.7071067811865475,0.7071067811865476,0.49999999999999994,-0.8660254037844387,0.0,1.0,0.6,13.5,0.0,8.1,0.0,4.5,13.5,1152.0,0,10.588078326988965,10.588078326988965,Zero-Actual / Undefined % Error,1152.0,13.5,0.04235231330795586,8.470462661591172,0.009107334330417615,HVAC Moderation,Adjust HVAC setpoint; Reduce cooling or heating intensity
7.6,7.5,1025,75,3.1,0.0,0.0,73,1,45,975,0.05,3,3,5,15,0.046153846106508876,0,57.0,2.052,562.5,3177.5,0.7071067811865475,0.7071067811865476,0.49999999999999994,-0.8660254037844387,1.0,2.83276944882399e-16,0.6,13.5,0.0,8.1,0.0,4.859999999999999,13.5,1166.4,31,52.140391705372714,21.140391705372714,High Error (>60%),1166.4,13.5,0.20856156682149085,41.71231336429817,0.04278921898486428,HVAC Moderation,Adjust HVAC setpoint; Reduce cooling or heating intensity
13.7,7.5,1025,75,3.1,0.0,0.0,73,1,60,975,0.06,3,3,5,30,0.06153846147534517,0,102.75,3.699,562.5,3177.5,0.7071067811865475,0.7071067811865476,0.49999999999999994,-0.8660254037844387,5.66553889764798e-16,-1.0,0.6,13.5,0.0,8.1,0.0,4.859999999999999,13.5,1166.4,48,93.24069302920832,45.240693029208316,High Error (>60%),1166.4,13.5,0.37296277211683326,74.59255442336665,0.0740216582960333,HVAC Moderation,Adjust HVAC setpoint; Reduce cooling or heating intensity
9.9,7.5,1025,75,3.1,0.0,0.0,73,1,75,975,0.08,3,3,5,45,0.07692307684418145,0,74.25,2.6730000000000005,562.5,3177.5,0.7071067811865475,0.7071067811865476,0.49999999999999994,-0.8660254037844387,-1.0,-1.8369701987210297e-16,0.6,13.5,0.0,8.1,0.0,4.859999999999999,13.5,1166.4,79,80.66621304446915,1.6662130444691456,Very Low Error (<20%),1166.4,13.5,0.3226648521778766,64.53297043557532,0.06468478749244076,HVAC Moderation,Adjust HVAC setpoint; Reduce cooling or heating intensity
5.1,8.5,1025,75,3.4,0.0,0.0,56,1,90,975,0.09,3,4,5,0,0.09230769221301775,0,43.349999999999994,2.2439999999999998,637.5,3485.0,0.8660254037844386,0.5000000000000001,0.49999999999999994,-0.8660254037844387,0.0,1.0,0.6,12.5,0.0,7.5,0.0,4.859999999999999,12.5,1094.4,116,94.7430364447198,21.256963555280194,Very Low Error (<20%),1094.4,12.5,0.3789721457788792,75.79442915577584,0.07967337272419943,HVAC Moderation,Adjust HVAC setpoint; Reduce cooling or heating intensity
20.1,8.5,1025,75,3.4,0.0,0.0,56,1,105,975,0.11,3,4,5,15,0.10769230758185404,0,170.85000000000002,8.844,637.5,3485.0,0.8660254037844386,0.5000000000000001,0.49999999999999994,-0.8660254037844387,1.0,2.83276944882399e-16,0.6,12.5,0.0,7.5,0.0,4.5,12.5,1080.0,167,214.88301075496895,47.88301075496895,Low Error (20-50%),1080.0,12.5,0.8595320430198758,171.90640860397517,0.16594781830038505,HVAC Moderation,Adjust HVAC setpoint; Reduce cooling or heating intensity
36.8,8.5,1025,75,3.4,0.0,0.0,56,1,120,975,0.12,3,4,5,30,0.12307692295069034,0,312.79999999999995,16.191999999999997,637.5,3485.0,0.8660254037844386,0.5000000000000001,0.49999999999999994,-0.8660254037844387,5.66553889764798e-16,-1.0,0.6,12.5,0.0,7.5,0.0,4.5,12.5,1080.0,177,267.8944233406259,90.8944233406259,Moderate Error (50-60%),1080.0,12.5,1.0715776933625036,214.31553867250074,0.1987503015836546,HVAC Moderation,Adjust HVAC setpoint; Reduce cooling or heating intensity
47.6,8.5,1025,75,3.4,0.0,0.0,56,1,135,975,0.14,3,4,5,45,0.13846153831952662,0,404.6,20.944,637.5,3485.0,0.8660254037844386,0.5000000000000001,0.49999999999999994,-0.8660254037844387,-1.0,-1.8369701987210297e-16,0.6,12.5,0.0,7.5,0.0,4.5,12.5,1080.0,219,304.8762232296256,85.87622322962562,Low Error (20-50%),1080.0,12.5,1.2195048929185024,243.9009785837005,0.22014691125138,HVAC Moderation,Adjust HVAC setpoint; Reduce cooling or heating intensity
62.6,9.8,1024,67,3.6,0.0,0.0,29,1,150,975,0.15,2,5,5,0,0.1538461536883629,0,613.48,44.446,656.6,3686.4,0.9659258262890683,0.25881904510252074,0.49999999999999994,-0.8660254037844387,0.0,1.0,0.6,11.2,0.0,6.72,0.0,4.5,11.2,986.4,292,397.9928564737741,105.99285647377411,Low Error (20-50%),986.4,11.2,1.5919714258950965,318.3942851790193,0.2874854881872385,HVAC Moderation,Adjust HVAC setpoint; Reduce cooling or heating intensity
76.3,9.8,1024,67,3.6,0.0,0.0,29,1,165,975,0.17,2,5,5,15,0.16923076905719922,0,747.74,54.172999999999995,656.6,3686.4,0.9659258262890683,0.25881904510252074,0.49999999999999994,-0.8660254037844387,1.0,2.83276944882399e-16,0.6,11.2,0.0,6.72,0.0,4.032,11.2,967.68,453,475.45840401479273,22.458404014792734,Very Low Error (<20%),967.68,11.2,1.901833616059171,380.3667232118342,0.32946140326015305,HVAC Moderation,Adjust HVAC setpoint; Reduce cooling or heating intensity
76.2,9.8,1024,67,3.6,0.0,0.0,29,1,180,975,0.18,2,5,5,30,0.1846153844260355,0,746.7600000000001,54.102,656.6,3686.4,0.9659258262890683,0.25881904510252074,0.49999999999999994,-0.8660254037844387,5.66553889764798e-16,-1.0,0.6,11.2,0.0,6.72,0.0,4.032,11.2,967.68,535,520.8770751495645,14.122924850435538,Very Low Error (<20%),967.68,11.2,2.083508300598258,416.7016601196516,0.349920794771882,HVAC Moderation,Adjust HVAC setpoint; Reduce cooling or heating intensity
85.3,9.8,1024,67,3.6,0.0,0.0,29,1,195,975,0.2,2,5,5,45,0.1999999997948718,0,835.94,60.562999999999995,656.6,3686.4,0.9659258262890683,0.25881904510252074,0.49999999999999994,-0.8660254037844387,-1.0,-1.8369701987210297e-16,0.6,11.2,0.0,6.72,0.0,4.032,11.2,967.68,719,629.9689809888873,89.03101901111268,Very Low Error (<20%),967.68,11.2,2.5198759239555493,503.9751847911099,0.39431000682305645,HVAC Moderation,Adjust HVAC setpoint; Reduce cooling or heating intensity
103.8,11.6,1025,58,3.6,0.0,0.0,15,1,210,975,0.22,2,6,5,0,0.21538461516370808,0,1204.08,88.22999999999999,672.8,3690.0,1.0,6.123233995736766e-17,0.49999999999999994,-0.8660254037844387,0.0,1.0,0.6,9.4,0.0,5.64,0.0,4.032,9.4,838.0799999999999,851,790.3232581668993,60.676741833100664,Very Low Error (<20%),838.0799999999999,9.4,3.161293032667597,632.2586065335195,0.485336327913783,HVAC Moderation,Adjust HVAC setpoint; Reduce cooling or heating intensity
106.2,11.6,1025,58,3.6,0.0,0.0,15,1,225,975,0.23,2,6,5,15,0.2307692305325444,0,1231.92,90.27,672.8,3690.0,1.0,6.123233995736766e-17,0.49999999999999994,-0.8660254037844387,1.0,2.83276944882399e-16,0.6,9.4,0.0,5.64,0.0,3.384,9.4,812.16,1022,989.2067408788477,32.793259121152346,Very Low Error (<20%),812.16,9.4,3.9568269635153905,791.3653927030781,0.549142336139221,HVAC Moderation,Adjust HVAC setpoint; Reduce cooling or heating intensity
108.5,11.6,1025,58,3.6,0.0,0.0,15,1,240,975,0.25,2,6,5,30,0.24615384590138067,0,1258.6,92.225,672.8,3690.0,1.0,6.123233995736766e-17,0.49999999999999994,-0.8660254037844387,5.66553889764798e-16,-1.0,0.6,9.4,0.0,5.64,0.0,3.384,9.4,812.16,1142,1230.4160858936307,88.41608589363068,Very Low Error (<20%),812.16,9.4,4.921664343574522,984.3328687149045,0.6023844564658833,HVAC Moderation,Adjust HVAC setpoint; Reduce cooling or heating intensity
117.7,11.6,1025,58,3.6,0.0,0.0,15,1,255,975,0.26,2,6,5,45,0.26153846127021696,0,1365.32,100.045,672.8,3690.0,1.0,6.123233995736766e-17,0.49999999999999994,-0.8660254037844387,-1.0,-1.8369701987210297e-16,0.6,9.4,0.0,5.64,0.0,3.384,9.4,812.16,1700,1367.256929428338,332.743070571662,Very Low Error (<20%),812.16,9.4,5.469027717713352,1093.8055435426704,0.6273498706645453,HVAC Moderation,Adjust HVAC setpoint; Reduce cooling or heating intensity
132.4,13.3,1025,49,3.6,0.0,0.0,16,1,270,975,0.28,2,7,5,0,0.27692307663905324,0,1760.92,111.216,651.7,3690.0,0.9659258262890683,-0.25881904510252063,0.49999999999999994,-0.8660254037844387,0.0,1.0,1.0,7.699999999999999,0.0,7.699999999999999,0.0,3.384,7.699999999999999,1059.36,1190,1953.275754690753,763.275754690753,High Error (>60%),1059.36,7.699999999999999,7.813103018763012,1562.6206037526024,0.6483610741859817,HVAC Moderation,Adjust HVAC setpoint; Reduce cooling or heating intensity
150.6,13.3,1025,49,3.6,0.0,0.0,16,1,285,975,0.29,2,7,5,15,0.29230769200788953,0,2002.98,126.50399999999999,651.7,3690.0,0.9659258262890683,-0.25881904510252063,0.49999999999999994,-0.8660254037844387,1.0,2.83276944882399e-16,1.0,7.699999999999999,0.0,7.699999999999999,0.0,4.619999999999999,7.699999999999999,1108.7999999999997,2126,2325.1400787432117,199.1400787432117,Very Low Error (<20%),1108.7999999999997,7.699999999999999,9.300560314972847,1860.1120629945694,0.6771056060235869,HVAC Moderation,Adjust HVAC setpoint; Reduce cooling or heating intensity
162.3,13.3,1025,49,3.6,0.0,0.0,16,1,300,975,0.31,2,7,5,30,0.3076923073767258,0,2158.59,136.332,651.7,3690.0,0.9659258262890683,-0.25881904510252063,0.49999999999999994,-0.8660254037844387,5.66553889764798e-16,-1.0,1.0,7.699999999999999,0.0,7.699999999999999,0.0,4.619999999999999,7.699999999999999,1108.7999999999997,2756,2724.1923357987644,31.80766420123564,Very Low Error (<20%),1108.7999999999997,7.699999999999999,10.896769343195057,2179.3538686390116,0.7107220929311728,HVAC Moderation,Adjust HVAC setpoint; Reduce cooling or heating intensity
169.6,13.3,1025,49,3.6,0.0,0.0,16,1,315,975,0.32,2,7,5,45,0.32307692274556216,0,2255.68,142.464,651.7,3690.0,0.9659258262890683,-0.25881904510252063,0.49999999999999994,-0.8660254037844387,-1.0,-1.8369701987210297e-16,1.0,7.699999999999999,0.0,7.699999999999999,0.0,4.619999999999999,7.699999999999999,1108.7999999999997,2223,2962.0558206944565,739.0558206944565,Low Error (20-50%),1108.7999999999997,7.699999999999999,11.848223282777827,2369.6446565555652,0.7276248411719795,HVAC Moderation,Adjust HVAC setpoint; Reduce cooling or heating intensity
162.3,15.4,1024,43,4.1,0.0,0.0,15,1,330,975,0.34,2,8,5,0,0.33846153811439844,0,2499.42,137.955,662.2,4198.4,0.8660254037844387,-0.4999999999999998,0.49999999999999994,-0.8660254037844387,0.0,1.0,1.0,5.6,0.0,5.6,0.0,4.619999999999999,5.6,856.8,2305,3141.5816177235843,836.5816177235843,Low Error (20-50%),856.8,5.6,12.566326470894337,2513.2652941788674,0.7857133003543773,HVAC Moderation,Adjust HVAC setpoint; Reduce cooling or heating intensity
165.3,15.4,1024,43,4.1,0.0,0.0,15,1,345,975,0.35,2,8,5,15,0.3538461534832347,0,2545.6200000000003,140.505,662.2,4198.4,0.8660254037844387,-0.4999999999999998,0.49999999999999994,-0.8660254037844387,1.0,2.83276944882399e-16,1.0,5.6,0.0,5.6,0.0,3.36,5.6,806.4,3729,3198.416208248935,530.5837917510648,Very Low Error (<20%),806.4,5.6,12.793664832995741,2558.7329665991483,0.7986424447799485,HVAC Moderation,Adjust HVAC setpoint; Reduce cooling or heating intensity
185.1,15.4,1024,43,4.1,0.0,0.0,15,1,360,975,0.37,2,8,5,30,0.369230768852071,0,2850.54,157.33499999999998,662.2,4198.4,0.8660254037844387,-0.4999999999999998,0.49999999999999994,-0.8660254037844387,5.66553889764798e-16,-1.0,1.0,5.6,0.0,5.6,0.0,3.36,5.6,806.4,3885,3492.8653020294532,392.13469797054677,Very Low Error (<20%),806.4,5.6,13.971461208117812,2794.2922416235624,0.8124330684054843,HVAC Moderation,Adjust HVAC setpoint; Reduce cooling or heating intensity
196.7,15.4,1024,43,4.1,0.0,0.0,15,1,375,975,0.38,2,8,5,45,0.3846153842209073,0,3029.18,167.195,662.2,4198.4,0.8660254037844387,-0.4999999999999998,0.49999999999999994,-0.8660254037844387,-1.0,-1.8369701987210297e-16,1.0,5.6,0.0,5.6,0.0,3.36,5.6,806.4,3895,3701.5928472646524,193.4071527353476,Very Low Error (<20%),806.4,5.6,14.80637138905861,2961.2742778117217,0.8211177284120086,HVAC Moderation,Adjust HVAC setpoint; Reduce cooling or heating intensity
201.9,16.2,1024,38,4.3,0.0,0.0,51,1,390,975,0.4,3,9,5,0,0.3999999995897436,0,3270.7799999999997,98.931,615.6,4403.2,0.7071067811865476,-0.7071067811865475,0.49999999999999994,-0.8660254037844387,0.0,1.0,1.0,4.800000000000001,0.0,4.800000000000001,0.0,3.36,4.800000000000001,710.4000000000001,3961,3881.5877341192704,79.41226588072959,Very Low Error (<20%),710.4000000000001,4.800000000000001,15.526350936477082,3105.2701872954162,0.8452957538264094,HVAC Moderation,Adjust HVAC setpoint; Reduce cooling or heating intensity
206.5,16.2,1024,38,4.3,0.0,0.0,51,1,405,975,0.42,3,9,5,15,0.41538461495857987,0,3345.2999999999997,101.185,615.6,4403.2,0.7071067811865476,-0.7071067811865475,0.49999999999999994,-0.8660254037844387,1.0,2.83276944882399e-16,1.0,4.800000000000001,0.0,4.800000000000001,0.0,2.8800000000000003,4.800000000000001,691.2000000000002,4065,3911.763590866242,153.23640913375812,Very Low Error (<20%),691.2000000000002,4.800000000000001,15.647054363464967,3129.4108726929935,0.8498358748217346,HVAC Moderation,Adjust HVAC setpoint; Reduce cooling or heating intensity
210.4,16.2,1024,38,4.3,0.0,0.0,51,1,420,975,0.43,3,9,5,30,0.43076923032741615,0,3408.48,103.096,615.6,4403.2,0.7071067811865476,-0.7071067811865475,0.49999999999999994,-0.8660254037844387,5.66553889764798e-16,-1.0,1.0,4.800000000000001,0.0,4.800000000000001,0.0,2.8800000000000003,4.800000000000001,691.2000000000002,3994,3986.764493945262,7.235506054737925,Very Low Error (<20%),691.2000000000002,4.800000000000001,15.947057975781048,3189.41159515621,0.8522434272968786,HVAC Moderation,Adjust HVAC setpoint; Reduce cooling or heating intensity
213.7,16.2,1024,38,4.3,0.0,0.0,51,1,435,975,0.45,3,9,5,45,0.4461538456962525,0,3461.9399999999996,104.713,615.6,4403.2,0.7071067811865476,-0.7071067811865475,0.49999999999999994,-0.8660254037844387,-1.0,-1.8369701987210297e-16,1.0,4.800000000000001,0.0,4.800000000000001,0.0,2.8800000000000003,4.800000000000001,691.2000000000002,4118,4054.793640308802,63.20635969119803,Very Low Error (<20%),691.2000000000002,4.800000000000001,16.219174561235207,3243.8349122470418,0.8543613722985545,Energy Storage,Store excess energy; Prepare controlled charging window
216.3,17.6,1024,37,3.9,0.0,0.0,94,1,450,975,0.46,4,10,5,0,0.4615384610650888,0,3806.8800000000006,12.978000000000012,651.2,3993.6,0.49999999999999994,-0.8660254037844387,0.49999999999999994,-0.8660254037844387,0.0,1.0,1.0,3.3999999999999986,0.0,3.3999999999999986,0.0,2.8800000000000003,3.3999999999999986,523.1999999999998,4161,4142.931947005946,18.068052994053687,Very Low Error (<20%),523.1999999999998,3.3999999999999986,16.571727788023786,3314.3455576047572,0.8878728662562602,Energy Storage,Store excess energy; Prepare controlled charging window
218.3,17.6,1024,37,3.9,0.0,0.0,94,1,465,975,0.48,4,10,5,15,0.47692307643392506,0,3842.0800000000004,13.098000000000013,651.2,3993.6,0.49999999999999994,-0.8660254037844387,0.49999999999999994,-0.8660254037844387,1.0,2.83276944882399e-16,1.0,3.3999999999999986,0.0,3.3999999999999986,0.0,2.039999999999999,3.3999999999999986,489.5999999999998,4176,4179.646388279122,3.6463882791222204,Very Low Error (<20%),489.5999999999998,3.3999999999999986,16.71858555311649,3343.7171106232977,0.8951436784051165,Energy Storage,Store excess energy; Prepare controlled charging window
219.1,17.6,1024,37,3.9,0.0,0.0,94,1,480,975,0.49,4,10,5,30,0.49230769180276135,0,3856.1600000000003,13.146000000000011,651.2,3993.6,0.49999999999999994,-0.8660254037844387,0.49999999999999994,-0.8660254037844387,5.66553889764798e-16,-1.0,1.0,3.3999999999999986,0.0,3.3999999999999986,0.0,2.039999999999999,3.3999999999999986,489.5999999999998,4129,4175.96177889445,46.96177889444971,Very Low Error (<20%),489.5999999999998,3.3999999999999986,16.703847115577798,3340.7694231155597,0.8950608685303754,Energy Storage,Store excess energy; Prepare controlled charging window
208.0,17.6,1024,37,3.9,0.0,0.0,94,1,495,975,0.51,4,10,5,45,0.5076923071715976,0,3660.8,12.480000000000011,651.2,3993.6,0.49999999999999994,-0.8660254037844387,0.49999999999999994,-0.8660254037844387,-1.0,-1.8369701987210297e-16,1.0,3.3999999999999986,0.0,3.3999999999999986,0.0,2.039999999999999,3.3999999999999986,489.5999999999998,4108,4034.240531468379,73.75946853162122,Very Low Error (<20%),489.5999999999998,3.3999999999999986,16.136962125873517,3227.392425174703,0.8917733732022477,Energy Storage,Store excess energy; Prepare controlled charging window
214.3,17.8,1024,36,3.8,0.0,0.0,96,1,510,975,0.52,4,11,5,0,0.5230769225404339,0,3814.5400000000004,8.572000000000008,640.8000000000001,3891.2,0.258819045102521,-0.9659258262890682,0.49999999999999994,-0.8660254037844387,0.0,1.0,1.0,3.1999999999999993,0.0,3.1999999999999993,0.0,2.039999999999999,3.1999999999999993,465.59999999999985,4085,4061.24875014656,23.751249853440186,Very Low Error (<20%),465.59999999999985,3.1999999999999993,16.24499500058624,3248.9990001172478,0.897146994168499,Energy Storage,Store excess energy; Prepare controlled charging window
218.4,17.8,1024,36,3.8,0.0,0.0,96,1,525,975,0.54,4,11,5,15,0.5384615379092702,0,3887.5200000000004,8.736000000000008,640.8000000000001,3891.2,0.258819045102521,-0.9659258262890682,0.49999999999999994,-0.8660254037844387,1.0,2.83276944882399e-16,1.0,3.1999999999999993,0.0,3.1999999999999993,0.0,1.9199999999999995,3.1999999999999993,460.79999999999984,4031,4077.2341046995048,46.23410469950477,Very Low Error (<20%),460.79999999999984,3.1999999999999993,16.30893641879802,3261.7872837596037,0.8984582331760658,Energy Storage,Store excess energy; Prepare controlled charging window
201.1,17.8,1024,36,3.8,0.0,0.0,96,1,540,975,0.55,4,11,5,30,0.5538461532781065,0,3579.58,8.044000000000008,640.8000000000001,3891.2,0.258819045102521,-0.9659258262890682,0.49999999999999994,-0.8660254037844387,5.66553889764798e-16,-1.0,1.0,3.1999999999999993,0.0,3.1999999999999993,0.0,1.9199999999999995,3.1999999999999993,460.79999999999984,3450,3931.193199965386,481.19319996538616,Very Low Error (<20%),460.79999999999984,3.1999999999999993,15.724772799861544,3144.9545599723087,0.8950818045668391,Energy Storage,Store excess energy; Prepare controlled charging window
194.7,17.8,1024,36,3.8,0.0,0.0,96,1,555,975,0.57,4,11,5,45,0.5692307686469428,0,3465.66,7.7880000000000065,640.8000000000001,3891.2,0.258819045102521,-0.9659258262890682,0.49999999999999994,-0.8660254037844387,-1.0,-1.8369701987210297e-16,1.0,3.1999999999999993,0.0,3.1999999999999993,0.0,1.9199999999999995,3.1999999999999993,460.79999999999984,3625,3778.2755715314,153.27557153140015,Very Low Error (<20%),460.79999999999984,3.1999999999999993,15.113102286125601,3022.62045722512,0.8912970544837847,Energy Storage,Store excess energy; Prepare controlled charging window
194.1,18.0,1024,36,3.9,0.0,0.0,92,1,570,975,0.58,4,12,5,0,0.5846153840157791,0,3493.7999999999997,15.527999999999992,648.0,3993.6,1.2246467991473532e-16,-1.0,0.49999999999999994,-0.8660254037844387,0.0,1.0,1.0,3.0,0.0,3.0,0.0,1.9199999999999995,3.0,436.79999999999995,3928,3652.5388889405544,275.46111105944556,Very Low Error (<20%),436.79999999999995,3.0,14.610155555762217,2922.0311111524434,0.8931856682080097,Energy Storage,Store excess energy; Prepare controlled charging window
184.2,18.0,1024,36,3.9,0.0,0.0,92,1,585,975,0.6,4,12,5,15,0.5999999993846153,0,3315.6,14.735999999999992,648.0,3993.6,1.2246467991473532e-16,-1.0,0.49999999999999994,-0.8660254037844387,1.0,2.83276944882399e-16,1.0,3.0,0.0,3.0,0.0,1.7999999999999998,3.0,432.0,3524,3257.7382375101347,266.2617624898653,Very Low Error (<20%),432.0,3.0,13.03095295004054,2606.190590008108,0.8829185234629447,Energy Storage,Store excess energy; Prepare controlled charging window
177.1,18.0,1024,36,3.9,0.0,0.0,92,1,600,975,0.62,4,12,5,30,0.6153846147534516,0,3187.7999999999997,14.167999999999992,648.0,3993.6,1.2246467991473532e-16,-1.0,0.49999999999999994,-0.8660254037844387,5.66553889764798e-16,-1.0,1.0,3.0,0.0,3.0,0.0,1.7999999999999998,3.0,432.0,3322,3167.2730500802154,154.7269499197846,Very Low Error (<20%),432.0,3.0,12.669092200320861,2533.818440064172,0.879975763197419,Energy Storage,Store excess energy; Prepare controlled charging window
170.0,18.0,1024,36,3.9,0.0,0.0,92,1,615,975,0.63,4,12,5,45,0.6307692301222879,0,3060.0,13.599999999999993,648.0,3993.6,1.2246467991473532e-16,-1.0,0.49999999999999994,-0.8660254037844387,-1.0,-1.8369701987210297e-16,1.0,3.0,0.0,3.0,0.0,1.7999999999999998,3.0,432.0,3342,3088.551544166126,253.44845583387405,Very Low Error (<20%),432.0,3.0,12.354206176664503,2470.841235332901,0.8772919539856886,Energy Storage,Store excess energy; Prepare controlled charging window
155.6,18.1,1023,36,4.1,0.0,0.0,100,1,630,975,0.65,4,13,5,0,0.6461538454911243,0,2816.36,0.0,651.6,4194.299999999999,-0.2588190451025208,-0.9659258262890683,0.49999999999999994,-0.8660254037844387,0.0,1.0,1.0,2.8999999999999986,0.0,2.8999999999999986,0.0,1.7999999999999998,2.8999999999999986,419.99999999999983,2719,2663.7399542097232,55.26004579027676,Very Low Error (<20%),419.99999999999983,2.8999999999999986,10.654959816838893,2130.9919633677787,0.8638017449264992,Energy Storage,Store excess energy; Prepare controlled charging window
148.6,18.1,1023,36,4.1,0.0,0.0,100,1,645,975,0.66,4,13,5,15,0.6615384608599606,0,2689.6600000000003,0.0,651.6,4194.299999999999,-0.2588190451025208,-0.9659258262890683,0.49999999999999994,-0.8660254037844387,1.0,2.83276944882399e-16,1.0,2.8999999999999986,0.0,2.8999999999999986,0.0,1.739999999999999,2.8999999999999986,417.5999999999998,2803,2531.704440392187,271.2955596078132,Very Low Error (<20%),417.5999999999998,2.8999999999999986,10.126817761568747,2025.3635523137496,0.858407292533396,Energy Storage,Store excess energy; Prepare controlled charging window
140.4,18.1,1023,36,4.1,0.0,0.0,100,1,660,975,0.68,4,13,5,30,0.6769230762287969,0,2541.2400000000002,0.0,651.6,4194.299999999999,-0.2588190451025208,-0.9659258262890683,0.49999999999999994,-0.8660254037844387,5.66553889764798e-16,-1.0,1.0,2.8999999999999986,0.0,2.8999999999999986,0.0,1.739999999999999,2.8999999999999986,417.5999999999998,2420,2301.2562443398583,118.74375566014169,Very Low Error (<20%),417.5999999999998,2.8999999999999986,9.205024977359432,1841.0049954718866,0.8464060018929763,Energy Storage,Store excess energy; Prepare controlled charging window
127.8,18.1,1023,36,4.1,0.0,0.0,100,1,675,975,0.69,4,13,5,45,0.6923076915976332,0,2313.1800000000003,0.0,651.6,4194.299999999999,-0.2588190451025208,-0.9659258262890683,0.49999999999999994,-0.8660254037844387,-1.0,-1.8369701987210297e-16,1.0,2.8999999999999986,0.0,2.8999999999999986,0.0,1.739999999999999,2.8999999999999986,417.5999999999998,1975,2082.5116862979917,107.51168629799167,Very Low Error (<20%),417.5999999999998,2.8999999999999986,8.330046745191966,1666.0093490383933,0.8329674617651489,Energy Storage,Store excess energy; Prepare controlled charging window
111.4,18.2,1023,35,4.4,0.0,0.0,100,1,690,975,0.71,4,14,5,0,0.7076923069664695,0,2027.48,0.0,637.0,4501.200000000001,-0.4999999999999997,-0.8660254037844388,0.49999999999999994,-0.8660254037844387,0.0,1.0,1.0,2.8000000000000007,0.0,2.8000000000000007,0.0,1.739999999999999,2.8000000000000007,405.6000000000001,1748,1723.5350490818835,24.46495091811653,Very Low Error (<20%),405.6000000000001,2.8000000000000007,6.894140196327534,1378.8280392655067,0.8095001061654585,Energy Storage,Store excess energy; Prepare controlled charging window
98.1,18.2,1023,35,4.4,0.0,0.0,100,1,705,975,0.72,4,14,5,15,0.7230769223353057,0,1785.4199999999998,0.0,637.0,4501.200000000001,-0.4999999999999997,-0.8660254037844388,0.49999999999999994,-0.8660254037844387,1.0,2.83276944882399e-16,1.0,2.8000000000000007,0.0,2.8000000000000007,0.0,1.6800000000000004,2.8000000000000007,403.20000000000016,1591,1426.029509059581,164.97049094041904,Very Low Error (<20%),403.20000000000016,2.8000000000000007,5.704118036238324,1140.8236072476648,0.7795793262777247,HVAC Moderation,Adjust HVAC setpoint; Reduce cooling or heating intensity
88.4,18.2,1023,35,4.4,0.0,0.0,100,1,720,975,0.74,4,14,5,30,0.738461537704142,0,1608.88,0.0,637.0,4501.200000000001,-0.4999999999999997,-0.8660254037844388,0.49999999999999994,-0.8660254037844387,5.66553889764798e-16,-1.0,1.0,2.8000000000000007,0.0,2.8000000000000007,0.0,1.6800000000000004,2.8000000000000007,403.20000000000016,1335,1280.6420521212442,54.357947878755795,Very Low Error (<20%),403.20000000000016,2.8000000000000007,5.122568208484977,1024.5136416969954,0.7605476117830584,HVAC Moderation,Adjust HVAC setpoint; Reduce cooling or heating intensity
79.7,18.2,1023,35,4.4,0.0,0.0,100,1,735,975,0.75,4,14,5,45,0.7538461530729783,0,1450.54,0.0,637.0,4501.200000000001,-0.4999999999999997,-0.8660254037844388,0.49999999999999994,-0.8660254037844387,-1.0,-1.8369701987210297e-16,1.0,2.8000000000000007,0.0,2.8000000000000007,0.0,1.6800000000000004,2.8000000000000007,403.20000000000016,1081,1117.49210302821,36.49210302821007,Very Low Error (<20%),403.20000000000016,2.8000000000000007,4.4699684121128405,893.9936824225681,0.7348575691739632,HVAC Moderation,Adjust HVAC setpoint; Reduce cooling or heating intensity
80.5,18.0,1023,35,4.5,0.0,0.0,100,1,750,975,0.77,4,15,5,0,0.7692307684418146,0,1449.0,0.0,630.0,4603.5,-0.7071067811865471,-0.7071067811865479,0.49999999999999994,-0.8660254037844387,0.0,1.0,1.0,3.0,0.0,3.0,0.0,1.6800000000000004,3.0,427.20000000000005,943,1125.7264102708796,182.72641027087957,Very Low Error (<20%),427.20000000000005,3.0,4.502905641083518,900.5811282167036,0.7249064747051411,HVAC Moderation,Adjust HVAC setpoint; Reduce cooling or heating intensity
78.1,18.0,1023,35,4.5,0.0,0.0,100,1,765,975,0.78,4,15,5,15,0.7846153838106509,0,1405.8,0.0,630.0,4603.5,-0.7071067811865471,-0.7071067811865479,0.49999999999999994,-0.8660254037844387,1.0,2.83276944882399e-16,1.0,3.0,0.0,3.0,0.0,1.7999999999999998,3.0,432.0,820,1087.9224385840382,267.9224385840382,Low Error (20-50%),432.0,3.0,4.351689754336153,870.3379508672306,0.7157749699923985,HVAC Moderation,Adjust HVAC setpoint; Reduce cooling or heating intensity
70.7,18.0,1023,35,4.5,0.0,0.0,100,1,780,975,0.8,4,15,5,30,0.7999999991794872,0,1272.6000000000001,0.0,630.0,4603.5,-0.7071067811865471,-0.7071067811865479,0.49999999999999994,-0.8660254037844387,5.66553889764798e-16,-1.0,1.0,3.0,0.0,3.0,0.0,1.7999999999999998,3.0,432.0,687,934.233682762888,247.23368276288795,Low Error (20-50%),432.0,3.0,3.736934731051552,747.3869462103104,0.6838022615500275,HVAC Moderation,Adjust HVAC setpoint; Reduce cooling or heating intensity
50.2,18.0,1023,35,4.5,0.0,0.0,100,1,795,975,0.82,4,15,5,45,0.8153846145483234,0,903.6,0.0,630.0,4603.5,-0.7071067811865471,-0.7071067811865479,0.49999999999999994,-0.8660254037844387,-1.0,-1.8369701987210297e-16,1.0,3.0,0.0,3.0,0.0,1.7999999999999998,3.0,432.0,596,596.7122809488221,0.7122809488221264,Very Low Error (<20%),432.0,3.0,2.3868491237952885,477.3698247590577,0.5800575062819248,HVAC Moderation,Adjust HVAC setpoint; Reduce cooling or heating intensity
50.7,17.2,1022,35,5.0,0.0,0.0,100,1,810,975,0.83,4,16,5,0,0.8307692299171597,0,872.04,0.0,602.0,5110.0,-0.8660254037844384,-0.5000000000000004,0.49999999999999994,-0.8660254037844387,0.0,1.0,1.0,3.8000000000000007,0.0,3.8000000000000007,0.0,1.7999999999999998,3.8000000000000007,528.0000000000001,610,483.7161730674149,126.2838269325851,Low Error (20-50%),528.0000000000001,3.8000000000000007,1.9348646922696595,386.97293845393193,0.47811450035707626,HVAC Moderation,Adjust HVAC setpoint; Reduce cooling or heating intensity
53.9,17.2,1022,35,5.0,0.0,0.0,100,1,825,975,0.85,4,16,5,15,0.846153845285996,0,927.0799999999999,0.0,602.0,5110.0,-0.8660254037844384,-0.5000000000000004,0.49999999999999994,-0.8660254037844387,1.0,2.83276944882399e-16,1.0,3.8000000000000007,0.0,3.8000000000000007,0.0,2.2800000000000002,3.8000000000000007,547.2000000000002,533,465.23781974654145,67.76218025345855,Very Low Error (<20%),547.2000000000002,3.8000000000000007,1.8609512789861657,372.19025579723314,0.4595223629669315,HVAC Moderation,Adjust HVAC setpoint; Reduce cooling or heating intensity
48.0,17.2,1022,35,5.0,0.0,0.0,100,1,840,975,0.86,4,16,5,30,0.8615384606548323,0,825.5999999999999,0.0,602.0,5110.0,-0.8660254037844384,-0.5000000000000004,0.49999999999999994,-0.8660254037844387,5.66553889764798e-16,-1.0,1.0,3.8000000000000007,0.0,3.8000000000000007,0.0,2.2800000000000002,3.8000000000000007,547.2000000000002,407,368.18770173180866,38.81229826819134,Very Low Error (<20%),547.2000000000002,3.8000000000000007,1.4727508069272346,294.5501613854469,0.40222050245269747,HVAC Moderation,Adjust HVAC setpoint; Reduce cooling or heating intensity
42.8,17.2,1022,35,5.0,0.0,0.0,100,1,855,975,0.88,4,16,5,45,0.8769230760236686,0,736.16,0.0,602.0,5110.0,-0.8660254037844384,-0.5000000000000004,0.49999999999999994,-0.8660254037844387,-1.0,-1.8369701987210297e-16,1.0,3.8000000000000007,0.0,3.8000000000000007,0.0,2.2800000000000002,3.8000000000000007,547.2000000000002,371,313.34821451124037,57.65178548875963,Very Low Error (<20%),547.2000000000002,3.8000000000000007,1.2533928580449616,250.67857160899229,0.3641262730701083,HVAC Moderation,Adjust HVAC setpoint; Reduce cooling or heating intensity
37.2,16.8,1022,35,5.3,0.0,0.0,100,1,870,975,0.89,4,17,5,0,0.892307691392505,0,624.96,0.0,588.0,5416.599999999999,-0.9659258262890683,-0.25881904510252063,0.49999999999999994,-0.8660254037844387,0.0,1.0,1.0,4.199999999999999,0.0,4.199999999999999,0.0,2.2800000000000002,4.199999999999999,595.1999999999999,293,303.1405832220344,10.140583222034422,Very Low Error (<20%),595.1999999999999,4.199999999999999,1.2125623328881376,242.51246657762755,0.33744504984660695,HVAC Moderation,Adjust HVAC setpoint; Reduce cooling or heating intensity
20.6,16.8,1022,35,5.3,0.0,0.0,100,1,885,975,0.91,4,17,5,15,0.9076923067613413,0,346.08000000000004,0.0,588.0,5416.599999999999,-0.9659258262890683,-0.25881904510252063,0.49999999999999994,-0.8660254037844387,1.0,2.83276944882399e-16,1.0,4.199999999999999,0.0,4.199999999999999,0.0,2.5199999999999996,4.199999999999999,604.7999999999998,197,199.55979197821776,2.55979197821776,Very Low Error (<20%),604.7999999999998,4.199999999999999,0.7982391679128711,159.6478335825742,0.24809767186314585,HVAC Moderation,Adjust HVAC setpoint; Reduce cooling or heating intensity
19.6,16.8,1022,35,5.3,0.0,0.0,100,1,900,975,0.92,4,17,5,30,0.9230769221301776,0,329.28000000000003,0.0,588.0,5416.599999999999,-0.9659258262890683,-0.25881904510252063,0.49999999999999994,-0.8660254037844387,5.66553889764798e-16,-1.0,1.0,4.199999999999999,0.0,4.199999999999999,0.0,2.5199999999999996,4.199999999999999,604.7999999999998,175,178.7215501279757,3.7215501279756893,Very Low Error (<20%),604.7999999999998,4.199999999999999,0.7148862005119028,142.97724010238056,0.2281003628690035,HVAC Moderation,Adjust HVAC setpoint; Reduce cooling or heating intensity
17.2,16.8,1022,35,5.3,0.0,0.0,100,1,915,975,0.94,4,17,5,45,0.9384615374990138,0,288.96,0.0,588.0,5416.599999999999,-0.9659258262890683,-0.25881904510252063,0.49999999999999994,-0.8660254037844387,-1.0,-1.8369701987210297e-16,1.0,4.199999999999999,0.0,4.199999999999999,0.0,2.5199999999999996,4.199999999999999,604.7999999999998,131,152.34368720873542,21.343687208735417,Very Low Error (<20%),604.7999999999998,4.199999999999999,0.6093747488349417,121.87494976698834,0.20120842262999375,HVAC Moderation,Adjust HVAC setpoint; Reduce cooling or heating intensity
15.7,15.5,1021,35,5.7,0.0,0.0,100,1,930,975,0.95,4,18,5,0,0.9538461528678501,0,243.35,0.0,542.5,5819.7,-1.0,-1.8369701987210297e-16,0.49999999999999994,-0.8660254037844387,0.0,1.0,1.0,5.5,0.0,5.5,0.0,2.5199999999999996,5.5,760.8,50,110.73300842795624,60.733008427956236,High Error (>60%),760.8,5.5,0.44293203371182494,88.58640674236499,0.1270554382106967,HVAC Moderation,Adjust HVAC setpoint; Reduce cooling or heating intensity
10.7,15.5,1021,35,5.7,0.0,0.0,100,1,945,975,0.97,4,18,5,15,0.9692307682366864,0,165.85,0.0,542.5,5819.7,-1.0,-1.8369701987210297e-16,0.49999999999999994,-0.8660254037844387,1.0,2.83276944882399e-16,1.0,5.5,0.0,5.5,0.0,3.3,5.5,792.0,30,74.5017587825037,44.5017587825037,High Error (>60%),792.0,5.5,0.2980070351300148,59.60140702600296,0.08597992784365957,HVAC Moderation,Adjust HVAC setpoint; Reduce cooling or heating intensity
5.0,15.5,1021,35,5.7,0.0,0.0,100,1,960,975,0.98,4,18,5,30,0.9846153836055227,0,77.5,0.0,542.5,5819.7,-1.0,-1.8369701987210297e-16,0.49999999999999994,-0.8660254037844387,5.66553889764798e-16,-1.0,1.0,5.5,0.0,5.5,0.0,3.3,5.5,792.0,8,50.55399344396385,42.55399344396385,High Error (>60%),792.0,5.5,0.2022159737758554,40.44319475517108,0.06000089463385254,HVAC Moderation,Adjust HVAC setpoint; Reduce cooling or heating intensity
1.1,15.5,1021,35,5.7,0.0,0.0,100,1,975,975,1.0,4,18,5,45,0.999999998974359,0,17.05,0.0,542.5,5819.7,-1.0,-1.8369701987210297e-16,0.49999999999999994,-0.8660254037844387,-1.0,-1.8369701987210297e-16,1.0,5.5,0.0,5.5,0.0,3.3,5.5,792.0,0,13.867650647496204,13.867650647496204,Zero-Actual / Undefined % Error,792.0,5.5,0.05547060258998481,11.094120517996963,0.017208347573135014,HVAC Moderation,Adjust HVAC setpoint; Reduce cooling or heating intensity
0.0,15.0,1021,36,6.3,0.0,0.0,100,0,0,975,0.0,4,19,5,0,0.0,1,0.0,0.0,540.0,6432.3,-0.9659258262890684,0.2588190451025203,0.49999999999999994,-0.8660254037844387,0.0,1.0,1.0,6.0,0.0,6.0,0.0,3.3,6.0,852.0,0,-11.14352542100824,11.14352542100824,Zero-Actual / Undefined % Error,852.0,6.0,-0.04457410168403296,-8.914820336806592,-0.013252589169079182,HVAC Moderation,Adjust HVAC setpoint; Reduce cooling or heating intensity
0.0,15.0,1021,36,6.3,0.0,0.0,100,0,0,975,0.0,4,19,5,15,0.0,1,0.0,0.0,540.0,6432.3,-0.9659258262890684,0.2588190451025203,0.49999999999999994,-0.8660254037844387,1.0,2.83276944882399e-16,1.0,6.0,0.0,6.0,0.0,3.5999999999999996,6.0,864.0,0,-11.52328602431894,11.52328602431894,Zero-Actual / Undefined % Error,864.0,6.0,-0.04609314409727576,-9.218628819455152,-0.013517420267188964,HVAC Moderation,Adjust HVAC setpoint; Reduce cooling or heating intensity
0.0,15.0,1021,36,6.3,0.0,0.0,100,0,0,975,0.0,4,19,5,30,0.0,1,0.0,0.0,540.0,6432.3,-0.9659258262890684,0.2588190451025203,0.49999999999999994,-0.8660254037844387,5.66553889764798e-16,-1.0,1.0,6.0,0.0,6.0,0.0,3.5999999999999996,6.0,864.0,0,-12.264861799476792,12.264861799476792,Zero-Actual / Undefined % Error,864.0,6.0,-0.04905944719790717,-9.811889439581433,-0.014399854174138148,HVAC Moderation,Adjust HVAC setpoint; Reduce cooling or heating intensity
0.0,15.0,1021,36,6.3,0.0,0.0,100,0,0,975,0.0,4,19,5,45,0.0,1,0.0,0.0,540.0,6432.3,-0.9659258262890684,0.2588190451025203,0.49999999999999994,-0.8660254037844387,-1.0,-1.8369701987210297e-16,1.0,6.0,0.0,6.0,0.0,3.5999999999999996,6.0,864.0,0,-16.418074819881706,16.418074819881706,Zero-Actual / Undefined % Error,864.0,6.0,-0.06567229927952682,-13.134459855905366,-0.01937048716207845,HVAC Moderation,Adjust HVAC setpoint; Reduce cooling or heating intensity
0.0,14.3,1022,37,6.4,0.0,0.0,100,0,0,975,0.0,4,20,5,0,0.0,1,0.0,0.0,529.1,6540.8,-0.8660254037844386,0.5000000000000001,0.49999999999999994,-0.8660254037844387,0.0,1.0,1.0,6.699999999999999,0.0,6.699999999999999,0.0,3.5999999999999996,6.699999999999999,947.9999999999999,0,-5.0797803528888,5.0797803528888,Zero-Actual / Undefined % Error,947.9999999999999,6.699999999999999,-0.020319121411555202,-4.063824282311041,-0.005387285415729687,HVAC Moderation,Adjust HVAC setpoint; Reduce cooling or heating intensity
0.0,14.3,1022,37,6.4,0.0,0.0,100,0,0,975,0.0,4,20,5,15,0.0,1,0.0,0.0,529.1,6540.8,-0.8660254037844386,0.5000000000000001,0.49999999999999994,-0.8660254037844387,1.0,2.83276944882399e-16,1.0,6.699999999999999,0.0,6.699999999999999,0.0,4.02,6.699999999999999,964.7999999999998,0,-5.413049099818011,5.413049099818011,Zero-Actual / Undefined % Error,964.7999999999998,6.699999999999999,-0.021652196399272045,-4.330439279854408,-0.005642195872162753,HVAC Moderation,Adjust HVAC setpoint; Reduce cooling or heating intensity
0.0,14.3,1022,37,6.4,0.0,0.0,100,0,0,975,0.0,4,20,5,30,0.0,1,0.0,0.0,529.1,6540.8,-0.8660254037844386,0.5000000000000001,0.49999999999999994,-0.8660254037844387,5.66553889764798e-16,-1.0,1.0,6.699999999999999,0.0,6.699999999999999,0.0,4.02,6.699999999999999,964.7999999999998,0,-6.168895809912854,6.168895809912854,Zero-Actual / Undefined % Error,964.7999999999998,6.699999999999999,-0.024675583239651418,-4.9351166479302835,-0.0064351091640090525,HVAC Moderation,Adjust HVAC setpoint; Reduce cooling or heating intensity
0.0,14.3,1022,37,6.4,0.0,0.0,100,0,0,975,0.0,4,20,5,45,0.0,1,0.0,0.0,529.1,6540.8,-0.8660254037844386,0.5000000000000001,0.49999999999999994,-0.8660254037844387,-1.0,-1.8369701987210297e-16,1.0,6.699999999999999,0.0,6.699999999999999,0.0,4.02,6.699999999999999,964.7999999999998,0,-10.322108830317772,10.322108830317772,Zero-Actual / Undefined % Error,964.7999999999998,6.699999999999999,-0.041288435321271084,-8.257687064254217,-0.010814403261718253,HVAC Moderation,Adjust HVAC setpoint; Reduce cooling or heating intensity
0.0,13.8,1021,39,6.4,0.0,0.0,100,0,0,975,0.0,4,21,5,0,0.0,1,0.0,0.0,538.2,6534.400000000001,-0.7071067811865477,0.7071067811865474,0.49999999999999994,-0.8660254037844387,0.0,1.0,1.0,7.199999999999999,0.0,7.199999999999999,0.0,4.02,7.199999999999999,1024.8,0,-8.36584219347347,8.36584219347347,Zero-Actual / Undefined % Error,1024.8,7.199999999999999,-0.03346336877389388,-6.6926737547787765,-0.008230579542207092,HVAC Moderation,Adjust HVAC setpoint; Reduce cooling or heating intensity
0.0,13.8,1021,39,6.4,0.0,0.0,100,0,0,975,0.0,4,21,5,15,0.0,1,0.0,0.0,538.2,6534.400000000001,-0.7071067811865477,0.7071067811865474,0.49999999999999994,-0.8660254037844387,1.0,2.83276944882399e-16,1.0,7.199999999999999,0.0,7.199999999999999,0.0,4.319999999999999,7.199999999999999,1036.8,0,-8.808318713570104,8.808318713570104,Zero-Actual / Undefined % Error,1036.8,7.199999999999999,-0.03523327485428042,-7.046654970856084,-0.008568472746762786,HVAC Moderation,Adjust HVAC setpoint; Reduce cooling or heating intensity
0.0,13.8,1021,39,6.4,0.0,0.0,100,0,0,975,0.0,4,21,5,30,0.0,1,0.0,0.0,538.2,6534.400000000001,-0.7071067811865477,0.7071067811865474,0.49999999999999994,-0.8660254037844387,5.66553889764798e-16,-1.0,1.0,7.199999999999999,0.0,7.199999999999999,0.0,4.319999999999999,7.199999999999999,1036.8,0,-9.60232869545158,9.60232869545158,Zero-Actual / Undefined % Error,1036.8,7.199999999999999,-0.03840931478180632,-7.681862956361265,-0.00934808260800326,HVAC Moderation,Adjust HVAC setpoint; Reduce cooling or heating intensity
0.0,13.8,1021,39,6.4,0.0,0.0,100,0,0,975,0.0,4,21,5,45,0.0,1,0.0,0.0,538.2,6534.400000000001,-0.7071067811865477,0.7071067811865474,0.49999999999999994,-0.8660254037844387,-1.0,-1.8369701987210297e-16,1.0,7.199999999999999,0.0,7.199999999999999,0.0,4.319999999999999,7.199999999999999,1036.8,0,-13.755541715856497,13.755541715856497,Zero-Actual / Undefined % Error,1036.8,7.199999999999999,-0.05502216686342599,-11.004433372685197,-0.013445692991174287,HVAC Moderation,Adjust HVAC setpoint; Reduce cooling or heating intensity
0.0,13.4,1021,37,6.4,0.0,0.0,100,0,0,975,0.0,4,22,5,0,0.0,1,0.0,0.0,495.8,6534.400000000001,-0.5000000000000004,0.8660254037844384,0.49999999999999994,-0.8660254037844387,0.0,1.0,1.0,7.6,0.0,7.6,0.0,4.319999999999999,7.6,1084.8,0,-15.993690847357175,15.993690847357175,Zero-Actual / Undefined % Error,1084.8,7.6,-0.0639747633894287,-12.79495267788574,-0.01496406850842134,HVAC Moderation,Adjust HVAC setpoint; Reduce cooling or heating intensity
0.0,13.4,1021,37,6.4,0.0,0.0,100,0,0,975,0.0,4,22,5,15,0.0,1,0.0,0.0,495.8,6534.400000000001,-0.5000000000000004,0.8660254037844384,0.49999999999999994,-0.8660254037844387,1.0,2.83276944882399e-16,1.0,7.6,0.0,7.6,0.0,4.56,7.6,1094.4,0,-29.414037044075364,29.414037044075364,Zero-Actual / Undefined % Error,1094.4,7.6,-0.11765614817630146,-23.531229635260292,-0.02761917812964968,HVAC Moderation,Adjust HVAC setpoint; Reduce cooling or heating intensity
0.0,13.4,1021,37,6.4,0.0,0.0,100,0,0,975,0.0,4,22,5,30,0.0,1,0.0,0.0,495.8,6534.400000000001,-0.5000000000000004,0.8660254037844384,0.49999999999999994,-0.8660254037844387,5.66553889764798e-16,-1.0,1.0,7.6,0.0,7.6,0.0,4.56,7.6,1094.4,0,-30.20804702595684,30.20804702595684,Zero-Actual / Undefined % Error,1094.4,7.6,-0.12083218810382736,-24.16643762076547,-0.028385900601061716,HVAC Moderation,Adjust HVAC setpoint; Reduce cooling or heating intensity
0.0,13.4,1021,37,6.4,0.0,0.0,100,0,0,975,0.0,4,22,5,45,0.0,1,0.0,0.0,495.8,6534.400000000001,-0.5000000000000004,0.8660254037844384,0.49999999999999994,-0.8660254037844387,-1.0,-1.8369701987210297e-16,1.0,7.6,0.0,7.6,0.0,4.56,7.6,1094.4,0,-34.36126004636176,34.36126004636176,Zero-Actual / Undefined % Error,1094.4,7.6,-0.13744504018544704,-27.489008037089405,-0.03241509835333893,HVAC Moderation,Adjust HVAC setpoint; Reduce cooling or heating intensity
0.0,12.3,1020,38,6.6,0.0,0.0,100,0,0,975,0.0,4,23,5,0,0.0,1,0.0,0.0,467.40000000000003,6732.0,-0.25881904510252157,0.9659258262890681,0.49999999999999994,-0.8660254037844387,0.0,1.0,0.6,8.7,0.0,5.22,0.0,4.56,8.7,808.8,0,-14.864589942729005,14.864589942729005,Zero-Actual / Undefined % Error,808.8,8.7,-0.05945835977091602,-11.891671954183204,-0.01872266904298181,HVAC Moderation,Adjust HVAC setpoint; Reduce cooling or heating intensity
0.0,12.3,1020,38,6.6,0.0,0.0,100,0,0,975,0.0,4,23,5,15,0.0,1,0.0,0.0,467.40000000000003,6732.0,-0.25881904510252157,0.9659258262890681,0.49999999999999994,-0.8660254037844387,1.0,2.83276944882399e-16,0.6,8.7,0.0,5.22,0.0,3.1319999999999997,8.7,751.68,0,-15.723813202785129,15.723813202785129,Zero-Actual / Undefined % Error,751.68,8.7,-0.06289525281114051,-12.579050562228103,-0.021365148447012806,HVAC Moderation,Adjust HVAC setpoint; Reduce cooling or heating intensity
0.0,12.3,1020,38,6.6,0.0,0.0,100,0,0,975,0.0,4,23,5,30,0.0,1,0.0,0.0,467.40000000000003,6732.0,-0.25881904510252157,0.9659258262890681,0.49999999999999994,-0.8660254037844387,5.66553889764798e-16,-1.0,0.6,8.7,0.0,5.22,0.0,3.1319999999999997,8.7,751.68,0,-16.465388977942983,16.465388977942983,Zero-Actual / Undefined % Error,751.68,8.7,-0.06586155591177192,-13.172311182354386,-0.02239535056663021,HVAC Moderation,Adjust HVAC setpoint; Reduce cooling or heating intensity
0.0,12.3,1020,38,6.6,0.0,0.0,100,0,0,975,0.0,4,23,5,45,0.0,1,0.0,0.0,467.40000000000003,6732.0,-0.25881904510252157,0.9659258262890681,0.49999999999999994,-0.8660254037844387,-1.0,-1.8369701987210297e-16,0.6,8.7,0.0,5.22,0.0,3.1319999999999997,8.7,751.68,0,-20.517138085260576,20.517138085260576,Zero-Actual / Undefined % Error,751.68,8.7,-0.08206855234104231,-16.41371046820846,-0.028060968528229358,HVAC Moderation,Adjust HVAC setpoint; Reduce cooling or heating intensity
0.0,11.6,1020,44,6.2,0.0,0.0,100,0,0,975,0.0,4,0,5,0,0.0,1,0.0,0.0,510.4,6324.0,0.0,1.0,0.49999999999999994,-0.8660254037844387,0.0,1.0,0.6,9.4,0.0,5.64,0.0,3.1319999999999997,9.4,802.0799999999999,0,-7.475146793688808,7.475146793688808,Zero-Actual / Undefined % Error,802.0799999999999,9.4,-0.02990058717475523,-5.980117434951046,-0.009407376199778364,HVAC Moderation,Adjust HVAC setpoint; Reduce cooling or heating intensity
0.0,11.6,1020,44,6.2,0.0,0.0,100,0,0,975,0.0,4,0,5,15,0.0,1,0.0,0.0,510.4,6324.0,0.0,1.0,0.49999999999999994,-0.8660254037844387,1.0,2.83276944882399e-16,0.6,9.4,0.0,5.64,0.0,3.384,9.4,812.16,0,-7.9700300947928255,7.9700300947928255,Zero-Actual / Undefined % Error,812.16,9.4,-0.0318801203791713,-6.376024075834261,-0.009910631048807598,HVAC Moderation,Adjust HVAC setpoint; Reduce cooling or heating intensity
0.0,11.6,1020,44,6.2,0.0,0.0,100,0,0,975,0.0,4,0,5,30,0.0,1,0.0,0.0,510.4,6324.0,0.0,1.0,0.49999999999999994,-0.8660254037844387,5.66553889764798e-16,-1.0,0.6,9.4,0.0,5.64,0.0,3.384,9.4,812.16,0,-8.454652191897978,8.454652191897978,Zero-Actual / Undefined % Error,812.16,9.4,-0.033818608767591914,-6.763721753518382,-0.010519591793729204,HVAC Moderation,Adjust HVAC setpoint; Reduce cooling or heating intensity
0.0,11.6,1020,44,6.2,0.0,0.0,100,0,0,975,0.0,4,0,5,45,0.0,1,0.0,0.0,510.4,6324.0,0.0,1.0,0.49999999999999994,-0.8660254037844387,-1.0,-1.8369701987210297e-16,0.6,9.4,0.0,5.64,0.0,3.384,9.4,812.16,0,-12.59017968573011,12.59017968573011,Zero-Actual / Undefined % Error,812.16,9.4,-0.05036071874292044,-10.072143748584088,-0.015746191702227286,HVAC Moderation,Adjust HVAC setpoint; Reduce cooling or heating intensity
0.0,10.3,1020,53,5.8,0.12,0.0,100,0,0,975,0.0,5,1,5,0,0.0,1,0.0,0.0,545.9000000000001,5916.0,0.25881904510252074,0.9659258262890683,0.49999999999999994,-0.8660254037844387,0.0,1.0,0.6,10.7,0.0,6.419999999999999,0.0,3.384,10.7,905.7599999999999,0,3.333156100343541,3.333156100343541,Zero-Actual / Undefined % Error,905.7599999999999,10.7,0.013332624401374163,2.6665248802748325,0.0036664626439110192,HVAC Moderation,Adjust HVAC setpoint; Reduce cooling or heating intensity
0.0,10.3,1020,53,5.8,0.12,0.0,100,0,0,975,0.0,5,1,5,15,0.0,1,0.0,0.0,545.9000000000001,5916.0,0.25881904510252074,0.9659258262890683,0.49999999999999994,-0.8660254037844387,1.0,2.83276944882399e-16,0.6,10.7,0.0,6.419999999999999,0.0,3.8519999999999994,10.7,924.4799999999998,0,2.6294770915669905,2.6294770915669905,Zero-Actual / Undefined % Error,924.4799999999998,10.7,0.010517908366267962,2.1035816732535926,0.0028362099123176994,HVAC Moderation,Adjust HVAC setpoint; Reduce cooling or heating intensity
0.0,10.3,1020,53,5.8,0.12,0.0,100,0,0,975,0.0,5,1,5,30,0.0,1,0.0,0.0,545.9000000000001,5916.0,0.25881904510252074,0.9659258262890683,0.49999999999999994,-0.8660254037844387,5.66553889764798e-16,-1.0,0.6,10.7,0.0,6.419999999999999,0.0,3.8519999999999994,10.7,924.4799999999998,0,1.9716209014818786,1.9716209014818786,Zero-Actual / Undefined % Error,924.4799999999998,10.7,0.007886483605927514,1.577296721185503,0.0021281423172806965,HVAC Moderation,Adjust HVAC setpoint; Reduce cooling or heating intensity
0.0,10.3,1020,53,5.8,0.12,0.0,100,0,0,975,0.0,5,1,5,45,0.0,1,0.0,0.0,545.9000000000001,5916.0,0.25881904510252074,0.9659258262890683,0.49999999999999994,-0.8660254037844387,-1.0,-1.8369701987210297e-16,0.6,10.7,0.0,6.419999999999999,0.0,3.8519999999999994,10.7,924.4799999999998,0,-1.9906724993702931,1.9906724993702931,Zero-Actual / Undefined % Error,924.4799999999998,10.7,-0.007962689997481173,-1.5925379994962345,-0.0021579355314666217,HVAC Moderation,Adjust HVAC setpoint; Reduce cooling or heating intensity
0.0,9.2,1020,66,6.0,0.25,0.0,100,0,0,975,0.0,5,2,5,0,0.0,1,0.0,0.0,607.1999999999999,6120.0,0.49999999999999994,0.8660254037844387,0.49999999999999994,-0.8660254037844387,0.0,1.0,0.6,11.8,0.0,7.08,0.0,3.8519999999999994,11.8,1003.6800000000001,0,12.758438862350062,12.758438862350062,Zero-Actual / Undefined % Error,1003.6800000000001,11.8,0.051033755449400246,10.206751089880049,0.012552101890280592,HVAC Moderation,Adjust HVAC setpoint; Reduce cooling or heating intensity
0.0,9.2,1020,66,6.0,0.25,0.0,100,0,0,975,0.0,5,2,5,15,0.0,1,0.0,0.0,607.1999999999999,6120.0,0.49999999999999994,0.8660254037844387,0.49999999999999994,-0.8660254037844387,1.0,2.83276944882399e-16,0.6,11.8,0.0,7.08,0.0,4.248,11.8,1019.52,0,11.973817953347075,11.973817953347075,Zero-Actual / Undefined % Error,1019.52,11.8,0.0478952718133883,9.57905436267766,0.011608230445333023,HVAC Moderation,Adjust HVAC setpoint; Reduce cooling or heating intensity
0.0,9.2,1020,66,6.0,0.25,0.0,100,0,0,975,0.0,5,2,5,30,0.0,1,0.0,0.0,607.1999999999999,6120.0,0.49999999999999994,0.8660254037844387,0.49999999999999994,-0.8660254037844387,5.66553889764798e-16,-1.0,0.6,11.8,0.0,7.08,0.0,4.248,11.8,1019.52,0,12.53242613313808,12.53242613313808,Zero-Actual / Undefined % Error,1019.52,11.8,0.05012970453255232,10.025940906510463,0.012143206879471204,HVAC Moderation,Adjust HVAC setpoint; Reduce cooling or heating intensity
0.2,9.2,1020,66,6.0,0.25,0.0,100,1,15,975,0.02,5,2,5,45,0.015384615368836292,0,1.8399999999999999,0.0,607.1999999999999,6120.0,0.49999999999999994,0.8660254037844387,0.49999999999999994,-0.8660254037844387,-1.0,-1.8369701987210297e-16,0.6,11.8,0.0,7.08,0.0,4.248,11.8,1019.52,0,9.287191397602317,9.287191397602317,Zero-Actual / Undefined % Error,1019.52,11.8,0.03714876559040927,7.4297531180818535,0.009027144703332423,HVAC Moderation,Adjust HVAC setpoint; Reduce cooling or heating intensity
2.5,8.3,1020,79,6.4,0.39,0.0,100,1,30,975,0.03,5,3,5,0,0.030769230737672584,0,20.75,0.0,655.7,6528.0,0.7071067811865475,0.7071067811865476,0.49999999999999994,-0.8660254037844387,0.0,1.0,0.6,12.7,0.0,7.619999999999999,0.0,4.248,12.7,1084.32,0,9.242481728955731,9.242481728955731,Zero-Actual / Undefined % Error,1084.32,12.7,0.036969926915822925,7.393985383164585,0.00845171800873359,HVAC Moderation,Adjust HVAC setpoint; Reduce cooling or heating intensity
6.3,8.3,1020,79,6.4,0.39,0.0,100,1,45,975,0.05,5,3,5,15,0.046153846106508876,0,52.290000000000006,0.0,655.7,6528.0,0.7071067811865475,0.7071067811865476,0.49999999999999994,-0.8660254037844387,1.0,2.83276944882399e-16,0.6,12.7,0.0,7.619999999999999,0.0,4.571999999999999,12.7,1097.2799999999997,0,38.97450603377296,38.97450603377296,Zero-Actual / Undefined % Error,1097.2799999999997,12.7,0.15589802413509185,31.17960482701837,0.03430085935193965,HVAC Moderation,Adjust HVAC setpoint; Reduce cooling or heating intensity
11.0,8.3,1020,79,6.4,0.39,0.0,100,1,60,975,0.06,5,3,5,30,0.06153846147534517,0,91.30000000000001,0.0,655.7,6528.0,0.7071067811865475,0.7071067811865476,0.49999999999999994,-0.8660254037844387,5.66553889764798e-16,-1.0,0.6,12.7,0.0,7.619999999999999,0.0,4.571999999999999,12.7,1097.2799999999997,0,58.650454994647056,58.650454994647056,Zero-Actual / Undefined % Error,1097.2799999999997,12.7,0.23460181997858823,46.92036399571764,0.05073874011233653,HVAC Moderation,Adjust HVAC setpoint; Reduce cooling or heating intensity
6.5,8.3,1020,79,6.4,0.39,0.0,100,1,75,975,0.08,5,3,5,45,0.07692307684418145,0,53.95,0.0,655.7,6528.0,0.7071067811865475,0.7071067811865476,0.49999999999999994,-0.8660254037844387,-1.0,-1.8369701987210297e-16,0.6,12.7,0.0,7.619999999999999,0.0,4.571999999999999,12.7,1097.2799999999997,0,62.14061554900493,62.14061554900493,Zero-Actual / Undefined % Error,1097.2799999999997,12.7,0.2485624621960197,49.71249243920394,0.053596265809008455,HVAC Moderation,Adjust HVAC setpoint; Reduce cooling or heating intensity
2.9,7.8,1019,86,6.3,1.02,0.0,100,1,90,975,0.09,5,4,5,0,0.09230769221301775,0,22.619999999999997,0.0,670.8,6419.7,0.8660254037844386,0.5000000000000001,0.49999999999999994,-0.8660254037844387,0.0,1.0,0.6,13.2,0.0,7.919999999999999,0.0,4.571999999999999,13.2,1133.2799999999997,0,42.516499893236706,42.516499893236706,Zero-Actual / Undefined % Error,1133.2799999999997,13.2,0.17006599957294682,34.013199914589364,0.036159743510835,HVAC Moderation,Adjust HVAC setpoint; Reduce cooling or heating intensity
3.5,7.8,1019,86,6.3,1.02,0.0,100,1,105,975,0.11,5,4,5,15,0.10769230758185404,0,27.3,0.0,670.8,6419.7,0.8660254037844386,0.5000000000000001,0.49999999999999994,-0.8660254037844387,1.0,2.83276944882399e-16,0.6,13.2,0.0,7.919999999999999,0.0,4.751999999999999,13.2,1140.4799999999998,28,65.68298451056056,37.68298451056056,High Error (>60%),1140.4799999999998,13.2,0.2627319380422422,52.54638760844845,0.05445614340648781,HVAC Moderation,Adjust HVAC setpoint; Reduce cooling or heating intensity
4.1,7.8,1019,86,6.3,1.02,0.0,100,1,120,975,0.12,5,4,5,30,0.12307692295069034,0,31.979999999999997,0.0,670.8,6419.7,0.8660254037844386,0.5000000000000001,0.49999999999999994,-0.8660254037844387,5.66553889764798e-16,-1.0,0.6,13.2,0.0,7.919999999999999,0.0,4.751999999999999,13.2,1140.4799999999998,106,82.55919019964396,23.440809800356035,Low Error (20-50%),1140.4799999999998,13.2,0.33023676079857583,66.04735215971517,0.06750330716603123,HVAC Moderation,Adjust HVAC setpoint; Reduce cooling or heating intensity
4.6,7.8,1019,86,6.3,1.02,0.0,100,1,135,975,0.14,5,4,5,45,0.13846153831952662,0,35.879999999999995,0.0,670.8,6419.7,0.8660254037844386,0.5000000000000001,0.49999999999999994,-0.8660254037844387,-1.0,-1.8369701987210297e-16,0.6,13.2,0.0,7.919999999999999,0.0,4.751999999999999,13.2,1140.4799999999998,173,107.5789728765693,65.4210271234307,Low Error (20-50%),1140.4799999999998,13.2,0.4303158915062772,86.06317830125543,0.08619702684595149,HVAC Moderation,Adjust HVAC setpoint; Reduce cooling or heating intensity
5.2,8.4,1019,93,6.0,1.18,0.0,100,1,150,975,0.15,5,5,5,0,0.1538461536883629,0,43.68000000000001,0.0,781.2,6114.0,0.9659258262890683,0.25881904510252074,0.49999999999999994,-0.8660254037844387,0.0,1.0,0.6,12.6,0.0,7.56,0.0,4.751999999999999,12.6,1097.28,56,135.08573448352686,79.08573448352686,High Error (>60%),1097.28,12.6,0.5403429379341075,108.0685875868215,0.10961497110314014,HVAC Moderation,Adjust HVAC setpoint; Reduce cooling or heating intensity
5.8,8.4,1019,93,6.0,1.18,0.0,100,1,165,975,0.17,5,5,5,15,0.16923076905719922,0,48.72,0.0,781.2,6114.0,0.9659258262890683,0.25881904510252074,0.49999999999999994,-0.8660254037844387,1.0,2.83276944882399e-16,0.6,12.6,0.0,7.56,0.0,4.536,12.6,1088.6399999999999,48,171.6733788509674,123.6733788509674,High Error (>60%),1088.6399999999999,12.6,0.6866935154038696,137.3387030807739,0.13621483481455054,HVAC Moderation,Adjust HVAC setpoint; Reduce cooling or heating intensity
6.3,8.4,1019,93,6.0,1.18,0.0,100,1,180,975,0.18,5,5,5,30,0.1846153844260355,0,52.92,0.0,781.2,6114.0,0.9659258262890683,0.25881904510252074,0.49999999999999994,-0.8660254037844387,5.66553889764798e-16,-1.0,0.6,12.6,0.0,7.56,0.0,4.536,12.6,1088.6399999999999,70,181.5084609080828,111.50846090808281,High Error (>60%),1088.6399999999999,12.6,0.7260338436323313,145.20676872646624,0.14290334268122595,HVAC Moderation,Adjust HVAC setpoint; Reduce cooling or heating intensity
6.9,8.4,1019,93,6.0,1.18,0.0,100,1,195,975,0.2,5,5,5,45,0.1999999997948718,0,57.96000000000001,0.0,781.2,6114.0,0.9659258262890683,0.25881904510252074,0.49999999999999994,-0.8660254037844387,-1.0,-1.8369701987210297e-16,0.6,12.6,0.0,7.56,0.0,4.536,12.6,1088.6399999999999,90,198.80870372731465,108.80870372731465,High Error (>60%),1088.6399999999999,12.6,0.7952348149092586,159.04696298185172,0.15442067943935903,HVAC Moderation,Adjust HVAC setpoint; Reduce cooling or heating intensity
7.7,8.6,1019,94,5.2,1.03,0.0,100,1,210,975,0.22,5,6,5,0,0.21538461516370808,0,66.22,0.0,808.4,5298.8,1.0,6.123233995736766e-17,0.49999999999999994,-0.8660254037844387,0.0,1.0,0.6,12.4,0.0,7.4399999999999995,0.0,4.536,12.4,1074.24,139,227.40385714901285,88.40385714901285,High Error (>60%),1074.24,12.4,0.9096154285960514,181.9230857192103,0.1747051282309969,HVAC Moderation,Adjust HVAC setpoint; Reduce cooling or heating intensity
14.2,8.6,1019,94,5.2,1.03,0.0,100,1,225,975,0.23,5,6,5,15,0.2307692305325444,0,122.11999999999999,0.0,808.4,5298.8,1.0,6.123233995736766e-17,0.49999999999999994,-0.8660254037844387,1.0,2.83276944882399e-16,0.6,12.4,0.0,7.4399999999999995,0.0,4.4639999999999995,12.4,1071.36,131,288.3559311614522,157.3559311614522,High Error (>60%),1071.36,12.4,1.1534237246458088,230.68474492916175,0.2120707159053961,HVAC Moderation,Adjust HVAC setpoint; Reduce cooling or heating intensity
14.3,8.6,1019,94,5.2,1.03,0.0,100,1,240,975,0.25,5,6,5,30,0.24615384590138067,0,122.98,0.0,808.4,5298.8,1.0,6.123233995736766e-17,0.49999999999999994,-0.8660254037844387,5.66553889764798e-16,-1.0,0.6,12.4,0.0,7.4399999999999995,0.0,4.4639999999999995,12.4,1071.36,143,298.21364297046694,155.21364297046694,High Error (>60%),1071.36,12.4,1.1928545718818677,238.57091437637354,0.21774195515761366,HVAC Moderation,Adjust HVAC setpoint; Reduce cooling or heating intensity
10.6,8.6,1019,94,5.2,1.03,0.0,100,1,255,975,0.26,5,6,5,45,0.26153846127021696,0,91.16,0.0,808.4,5298.8,1.0,6.123233995736766e-17,0.49999999999999994,-0.8660254037844387,-1.0,-1.8369701987210297e-16,0.6,12.4,0.0,7.4399999999999995,0.0,4.4639999999999995,12.4,1071.36,131,248.52378123593078,117.52378123593078,High Error (>60%),1071.36,12.4,0.9940951249437231,198.81902498874462,0.1882921697961335,HVAC Moderation,Adjust HVAC setpoint; Reduce cooling or heating intensity
15.9,8.9,1019,95,4.6,0.29,0.0,100,1,270,975,0.28,5,7,5,0,0.27692307663905324,0,141.51000000000002,0.0,845.5,4687.4,0.9659258262890683,-0.25881904510252063,0.49999999999999994,-0.8660254037844387,0.0,1.0,1.0,12.1,0.0,12.1,0.0,4.4639999999999995,12.1,1630.56,256,310.5468532154362,54.546853215436215,Low Error (20-50%),1630.56,12.1,1.242187412861745,248.43748257234898,0.15998441947749145,HVAC Moderation,Adjust HVAC setpoint; Reduce cooling or heating intensity
22.2,8.9,1019,95,4.6,0.29,0.0,100,1,285,975,0.29,5,7,5,15,0.29230769200788953,0,197.58,0.0,845.5,4687.4,0.9659258262890683,-0.25881904510252063,0.49999999999999994,-0.8660254037844387,1.0,2.83276944882399e-16,1.0,12.1,0.0,12.1,0.0,7.26,12.1,1742.4,420,376.1685849154474,43.83141508455259,Very Low Error (<20%),1742.4,12.1,1.5046743396617897,300.9348679323579,0.1775578980148535,HVAC Moderation,Adjust HVAC setpoint; Reduce cooling or heating intensity
29.1,8.9,1019,95,4.6,0.29,0.0,100,1,300,975,0.31,5,7,5,30,0.3076923073767258,0,258.99,0.0,845.5,4687.4,0.9659258262890683,-0.25881904510252063,0.49999999999999994,-0.8660254037844387,5.66553889764798e-16,-1.0,1.0,12.1,0.0,12.1,0.0,7.26,12.1,1742.4,434,479.7565014999482,45.75650149994817,Very Low Error (<20%),1742.4,12.1,1.9190260059997928,383.80520119995856,0.21589681058027071,HVAC Moderation,Adjust HVAC setpoint; Reduce cooling or heating intensity
33.0,8.9,1019,95,4.6,0.29,0.0,100,1,315,975,0.32,5,7,5,45,0.32307692274556216,0,293.7,0.0,845.5,4687.4,0.9659258262890683,-0.25881904510252063,0.49999999999999994,-0.8660254037844387,-1.0,-1.8369701987210297e-16,1.0,12.1,0.0,12.1,0.0,7.26,12.1,1742.4,499,501.37523550774876,2.375235507748755,Very Low Error (<20%),1742.4,12.1,2.005500942030995,401.100188406199,0.22345163069367768,HVAC Moderation,Adjust HVAC setpoint; Reduce cooling or heating intensity
33.2,10.2,1019,95,4.2,0.0,0.0,100,1,330,975,0.34,4,8,5,0,0.33846153811439844,0,338.64,0.0,968.9999999999999,4279.8,0.8660254037844387,-0.4999999999999998,0.49999999999999994,-0.8660254037844387,0.0,1.0,1.0,10.8,0.0,10.8,0.0,7.26,10.8,1586.4,595,541.4295700356687,53.57042996433131,Very Low Error (<20%),1586.4,10.8,2.165718280142675,433.14365602853496,0.2544515676469996,HVAC Moderation,Adjust HVAC setpoint; Reduce cooling or heating intensity
37.3,10.2,1019,95,4.2,0.0,0.0,100,1,345,975,0.35,4,8,5,15,0.3538461534832347,0,380.4599999999999,0.0,968.9999999999999,4279.8,0.8660254037844387,-0.4999999999999998,0.49999999999999994,-0.8660254037844387,1.0,2.83276944882399e-16,1.0,10.8,0.0,10.8,0.0,6.48,10.8,1555.2,595,630.5732989571455,35.57329895714554,Very Low Error (<20%),1555.2,10.8,2.522293195828582,504.4586391657164,0.28848979853926693,HVAC Moderation,Adjust HVAC setpoint; Reduce cooling or heating intensity
37.3,10.2,1019,95,4.2,0.0,0.0,100,1,360,975,0.37,4,8,5,30,0.369230768852071,0,380.4599999999999,0.0,968.9999999999999,4279.8,0.8660254037844387,-0.4999999999999998,0.49999999999999994,-0.8660254037844387,5.66553889764798e-16,-1.0,1.0,10.8,0.0,10.8,0.0,6.48,10.8,1555.2,712,641.8872883499113,70.11271165008873,Very Low Error (<20%),1555.2,10.8,2.567549153399645,513.509830679929,0.29215374894815266,HVAC Moderation,Adjust HVAC setpoint; Reduce cooling or heating intensity
39.7,10.2,1019,95,4.2,0.0,0.0,100,1,375,975,0.38,4,8,5,45,0.3846153842209073,0,404.94,0.0,968.9999999999999,4279.8,0.8660254037844387,-0.4999999999999998,0.49999999999999994,-0.8660254037844387,-1.0,-1.8369701987210297e-16,1.0,10.8,0.0,10.8,0.0,6.48,10.8,1555.2,798,697.1455604145743,100.85443958542567,Very Low Error (<20%),1555.2,10.8,2.7885822416582973,557.7164483316594,0.3095198056450697,HVAC Moderation,Adjust HVAC setpoint; Reduce cooling or heating intensity
52.2,11.2,1018,94,4.0,0.0,0.0,99,1,390,975,0.4,4,9,5,0,0.3999999995897436,0,584.64,0.5220000000000005,1052.8,4072.0,0.7071067811865476,-0.7071067811865475,0.49999999999999994,-0.8660254037844387,0.0,1.0,1.0,9.8,0.0,9.8,0.0,6.48,9.8,1435.2,781,923.5643916329681,142.56439163296807,Very Low Error (<20%),1435.2,9.8,3.6942575665318724,738.8515133063745,0.39154584261043573,HVAC Moderation,Adjust HVAC setpoint; Reduce cooling or heating intensity
65.3,11.2,1018,94,4.0,0.0,0.0,99,1,405,975,0.42,4,9,5,15,0.41538461495857987,0,731.3599999999999,0.6530000000000006,1052.8,4072.0,0.7071067811865476,-0.7071067811865475,0.49999999999999994,-0.8660254037844387,1.0,2.83276944882399e-16,1.0,9.8,0.0,9.8,0.0,5.88,9.8,1411.2,793,1091.9065812766355,298.9065812766355,Low Error (20-50%),1411.2,9.8,4.367626325106542,873.5252650213084,0.4362205704734795,HVAC Moderation,Adjust HVAC setpoint; Reduce cooling or heating intensity
69.7,11.2,1018,94,4.0,0.0,0.0,99,1,420,975,0.43,4,9,5,30,0.43076923032741615,0,780.64,0.6970000000000006,1052.8,4072.0,0.7071067811865476,-0.7071067811865475,0.49999999999999994,-0.8660254037844387,5.66553889764798e-16,-1.0,1.0,9.8,0.0,9.8,0.0,5.88,9.8,1411.2,906,1150.9879522116216,244.98795221162163,Low Error (20-50%),1411.2,9.8,4.603951808846486,920.7903617692973,0.44922073369711024,HVAC Moderation,Adjust HVAC setpoint; Reduce cooling or heating intensity
62.0,11.2,1018,94,4.0,0.0,0.0,99,1,435,975,0.45,4,9,5,45,0.4461538456962525,0,694.4,0.6200000000000006,1052.8,4072.0,0.7071067811865476,-0.7071067811865475,0.49999999999999994,-0.8660254037844387,-1.0,-1.8369701987210297e-16,1.0,9.8,0.0,9.8,0.0,5.88,9.8,1411.2,970,1020.3065733938173,50.3065733938173,Very Low Error (<20%),1411.2,9.8,4.081226293575269,816.2452587150539,0.41961908889684296,HVAC Moderation,Adjust HVAC setpoint; Reduce cooling or heating intensity
66.7,12.4,1018,88,3.9,0.0,0.0,100,1,450,975,0.46,4,10,5,0,0.4615384610650888,0,827.08,0.0,1091.2,3970.2,0.49999999999999994,-0.8660254037844387,0.49999999999999994,-0.8660254037844387,0.0,1.0,1.0,8.6,0.0,8.6,0.0,5.88,8.6,1267.2,878,1118.8494897836176,240.84948978361763,Low Error (20-50%),1267.2,8.6,4.475397959134471,895.0795918268941,0.468912943384158,HVAC Moderation,Adjust HVAC setpoint; Reduce cooling or heating intensity
78.5,12.4,1018,88,3.9,0.0,0.0,100,1,465,975,0.48,4,10,5,15,0.47692307643392506,0,973.4,0.0,1091.2,3970.2,0.49999999999999994,-0.8660254037844387,0.49999999999999994,-0.8660254037844387,1.0,2.83276944882399e-16,1.0,8.6,0.0,8.6,0.0,5.159999999999999,8.6,1238.4,1188,1362.4923865329326,174.49238653293264,Very Low Error (<20%),1238.4,8.6,5.44996954613173,1089.9939092263462,0.5238557323878056,HVAC Moderation,Adjust HVAC setpoint; Reduce cooling or heating intensity
85.8,12.4,1018,88,3.9,0.0,0.0,100,1,480,975,0.49,4,10,5,30,0.49230769180276135,0,1063.92,0.0,1091.2,3970.2,0.49999999999999994,-0.8660254037844387,0.49999999999999994,-0.8660254037844387,5.66553889764798e-16,-1.0,1.0,8.6,0.0,8.6,0.0,5.159999999999999,8.6,1238.4,1227,1297.2840382081627,70.28403820816266,Very Low Error (<20%),1238.4,8.6,5.189136152832651,1037.82723056653,0.5116110754135107,HVAC Moderation,Adjust HVAC setpoint; Reduce cooling or heating intensity
94.3,12.4,1018,88,3.9,0.0,0.0,100,1,495,975,0.51,4,10,5,45,0.5076923071715976,0,1169.32,0.0,1091.2,3970.2,0.49999999999999994,-0.8660254037844387,0.49999999999999994,-0.8660254037844387,-1.0,-1.8369701987210297e-16,1.0,8.6,0.0,8.6,0.0,5.159999999999999,8.6,1238.4,1322,1205.7214516942956,116.27854830570436,Very Low Error (<20%),1238.4,8.6,4.822885806777182,964.5771613554365,0.4933148679519013,HVAC Moderation,Adjust HVAC setpoint; Reduce cooling or heating intensity
93.5,14.0,1018,81,3.4,0.0,0.0,99,1,510,975,0.52,4,11,5,0,0.5230769225404339,0,1309.0,0.9350000000000008,1134.0,3461.2,0.258819045102521,-0.9659258262890682,0.49999999999999994,-0.8660254037844387,0.0,1.0,1.0,7.0,0.0,7.0,0.0,5.159999999999999,7.0,1046.4,1364,1132.955452361983,231.0445476380171,Very Low Error (<20%),1046.4,7.0,4.531821809447932,906.3643618895863,0.5198580390427954,HVAC Moderation,Adjust HVAC setpoint; Reduce cooling or heating intensity
94.1,14.0,1018,81,3.4,0.0,0.0,99,1,525,975,0.54,4,11,5,15,0.5384615379092702,0,1317.3999999999999,0.9410000000000007,1134.0,3461.2,0.258819045102521,-0.9659258262890682,0.49999999999999994,-0.8660254037844387,1.0,2.83276944882399e-16,1.0,7.0,0.0,7.0,0.0,4.2,7.0,1008.0,1539,1105.2014131428052,433.7985868571948,Low Error (20-50%),1008.0,7.0,4.420805652571221,884.1611305142442,0.5229986151561975,HVAC Moderation,Adjust HVAC setpoint; Reduce cooling or heating intensity
93.2,14.0,1018,81,3.4,0.0,0.0,99,1,540,975,0.55,4,11,5,30,0.5538461532781065,0,1304.8,0.9320000000000008,1134.0,3461.2,0.258819045102521,-0.9659258262890682,0.49999999999999994,-0.8660254037844387,5.66553889764798e-16,-1.0,1.0,7.0,0.0,7.0,0.0,4.2,7.0,1008.0,1282,1070.1072775215805,211.8927224784195,Very Low Error (<20%),1008.0,7.0,4.280429110086322,856.0858220172644,0.5149432315558236,HVAC Moderation,Adjust HVAC setpoint; Reduce cooling or heating intensity
99.3,14.0,1018,81,3.4,0.0,0.0,99,1,555,975,0.57,4,11,5,45,0.5692307686469428,0,1390.2,0.9930000000000009,1134.0,3461.2,0.258819045102521,-0.9659258262890682,0.49999999999999994,-0.8660254037844387,-1.0,-1.8369701987210297e-16,1.0,7.0,0.0,7.0,0.0,4.2,7.0,1008.0,1326,1165.8393993216284,160.16060067837157,Very Low Error (<20%),1008.0,7.0,4.663357597286514,932.6715194573028,0.5363042914527806,HVAC Moderation,Adjust HVAC setpoint; Reduce cooling or heating intensity
120.9,14.8,1018,72,3.0,0.0,0.0,100,1,570,975,0.58,4,12,5,0,0.5846153840157791,0,1789.3200000000002,0.0,1065.6000000000001,3054.0,1.2246467991473532e-16,-1.0,0.49999999999999994,-0.8660254037844387,0.0,1.0,1.0,6.199999999999999,0.0,6.199999999999999,0.0,4.2,6.199999999999999,911.9999999999999,1845,1769.9664226616558,75.03357733834423,Very Low Error (<20%),911.9999999999999,6.199999999999999,7.079865690646623,1415.9731381293245,0.6599509997761801,HVAC Moderation,Adjust HVAC setpoint; Reduce cooling or heating intensity
110.5,14.8,1018,72,3.0,0.0,0.0,100,1,585,975,0.6,4,12,5,15,0.5999999993846153,0,1635.4,0.0,1065.6000000000001,3054.0,1.2246467991473532e-16,-1.0,0.49999999999999994,-0.8660254037844387,1.0,2.83276944882399e-16,1.0,6.199999999999999,0.0,6.199999999999999,0.0,3.7199999999999993,6.199999999999999,892.7999999999998,1511,1513.4660011908727,2.466001190872703,Very Low Error (<20%),892.7999999999998,6.199999999999999,6.053864004763491,1210.7728009526982,0.6289687008056809,HVAC Moderation,Adjust HVAC setpoint; Reduce cooling or heating intensity
162.7,14.8,1018,72,3.0,0.0,0.0,100,1,600,975,0.62,4,12,5,30,0.6153846147534516,0,2407.96,0.0,1065.6000000000001,3054.0,1.2246467991473532e-16,-1.0,0.49999999999999994,-0.8660254037844387,5.66553889764798e-16,-1.0,1.0,6.199999999999999,0.0,6.199999999999999,0.0,3.7199999999999993,6.199999999999999,892.7999999999998,1231,2711.4336525799977,1480.4336525799977,High Error (>60%),892.7999999999998,6.199999999999999,10.84573461031999,2169.1469220639983,0.7522913088297694,HVAC Moderation,Adjust HVAC setpoint; Reduce cooling or heating intensity
109.6,14.8,1018,72,3.0,0.0,0.0,100,1,615,975,0.63,4,12,5,45,0.6307692301222879,0,1622.08,0.0,1065.6000000000001,3054.0,1.2246467991473532e-16,-1.0,0.49999999999999994,-0.8660254037844387,-1.0,-1.8369701987210297e-16,1.0,6.199999999999999,0.0,6.199999999999999,0.0,3.7199999999999993,6.199999999999999,892.7999999999998,1131,1533.877833203004,402.877833203004,Low Error (20-50%),892.7999999999998,6.199999999999999,6.135511332812016,1227.1022665624032,0.6320896048019399,HVAC Moderation,Adjust HVAC setpoint; Reduce cooling or heating intensity
50.6,15.3,1017,69,3.2,0.0,0.0,100,1,630,975,0.65,4,13,5,0,0.6461538454911243,0,774.1800000000001,0.0,1055.7,3254.4,-0.2588190451025208,-0.9659258262890683,0.49999999999999994,-0.8660254037844387,0.0,1.0,1.0,5.699999999999999,0.0,5.699999999999999,0.0,3.7199999999999993,5.699999999999999,832.7999999999998,608,607.001368610481,0.9986313895190051,Very Low Error (<20%),832.7999999999998,5.699999999999999,2.428005474441924,485.6010948883848,0.42158688095615376,HVAC Moderation,Adjust HVAC setpoint; Reduce cooling or heating intensity
35.9,15.3,1017,69,3.2,0.0,0.0,100,1,645,975,0.66,4,13,5,15,0.6615384608599606,0,549.27,0.0,1055.7,3254.4,-0.2588190451025208,-0.9659258262890683,0.49999999999999994,-0.8660254037844387,1.0,2.83276944882399e-16,1.0,5.699999999999999,0.0,5.699999999999999,0.0,3.4199999999999995,5.699999999999999,820.7999999999998,261,420.5997800476882,159.59978004768823,High Error (>60%),820.7999999999998,5.699999999999999,1.6823991201907529,336.4798240381506,0.33881090239336115,HVAC Moderation,Adjust HVAC setpoint; Reduce cooling or heating intensity
32.4,15.3,1017,69,3.2,0.0,0.0,100,1,660,975,0.68,4,13,5,30,0.6769230762287969,0,495.72,0.0,1055.7,3254.4,-0.2588190451025208,-0.9659258262890683,0.49999999999999994,-0.8660254037844387,5.66553889764798e-16,-1.0,1.0,5.699999999999999,0.0,5.699999999999999,0.0,3.4199999999999995,5.699999999999999,820.7999999999998,252,354.80778633687834,102.80778633687834,Low Error (20-50%),820.7999999999998,5.699999999999999,1.4192311453475133,283.84622906950267,0.30180795853745546,HVAC Moderation,Adjust HVAC setpoint; Reduce cooling or heating intensity
39.8,15.3,1017,69,3.2,0.0,0.0,100,1,675,975,0.69,4,13,5,45,0.6923076915976332,0,608.9399999999999,0.0,1055.7,3254.4,-0.2588190451025208,-0.9659258262890683,0.49999999999999994,-0.8660254037844387,-1.0,-1.8369701987210297e-16,1.0,5.699999999999999,0.0,5.699999999999999,0.0,3.4199999999999995,5.699999999999999,820.7999999999998,347,481.19456949885887,134.19456949885887,Low Error (20-50%),820.7999999999998,5.699999999999999,1.9247782779954354,384.9556555990871,0.36958262376969,HVAC Moderation,Adjust HVAC setpoint; Reduce cooling or heating intensity
37.5,13.3,1017,68,2.9,0.0,0.0,100,1,690,975,0.71,4,14,5,0,0.7076923069664695,0,498.75,0.0,904.4000000000001,2949.2999999999997,-0.4999999999999997,-0.8660254037844388,0.49999999999999994,-0.8660254037844387,0.0,1.0,1.0,7.699999999999999,0.0,7.699999999999999,0.0,3.4199999999999995,7.699999999999999,1060.8,428,472.96799372448123,44.96799372448123,Very Low Error (<20%),1060.8,7.699999999999999,1.891871974897925,378.37439497958496,0.30836997208919004,HVAC Moderation,Adjust HVAC setpoint; Reduce cooling or heating intensity
40.7,13.3,1017,68,2.9,0.0,0.0,100,1,705,975,0.72,4,14,5,15,0.7230769223353057,0,541.3100000000001,0.0,904.4000000000001,2949.2999999999997,-0.4999999999999997,-0.8660254037844388,0.49999999999999994,-0.8660254037844387,1.0,2.83276944882399e-16,1.0,7.699999999999999,0.0,7.699999999999999,0.0,4.619999999999999,7.699999999999999,1108.7999999999997,371,512.2847694047275,141.2847694047275,Low Error (20-50%),1108.7999999999997,7.699999999999999,2.0491390776189102,409.827815523782,0.316013560029207,HVAC Moderation,Adjust HVAC setpoint; Reduce cooling or heating intensity
49.8,13.3,1017,68,2.9,0.0,0.0,100,1,720,975,0.74,4,14,5,30,0.738461537704142,0,662.34,0.0,904.4000000000001,2949.2999999999997,-0.4999999999999997,-0.8660254037844388,0.49999999999999994,-0.8660254037844387,5.66553889764798e-16,-1.0,1.0,7.699999999999999,0.0,7.699999999999999,0.0,4.619999999999999,7.699999999999999,1108.7999999999997,366,613.8581908015301,247.8581908015301,High Error (>60%),1108.7999999999997,7.699999999999999,2.4554327632061206,491.0865526412241,0.3563435821006177,HVAC Moderation,Adjust HVAC setpoint; Reduce cooling or heating intensity
36.2,13.3,1017,68,2.9,0.0,0.0,100,1,735,975,0.75,4,14,5,45,0.7538461530729783,0,481.46000000000004,0.0,904.4000000000001,2949.2999999999997,-0.4999999999999997,-0.8660254037844388,0.49999999999999994,-0.8660254037844387,-1.0,-1.8369701987210297e-16,1.0,7.699999999999999,0.0,7.699999999999999,0.0,4.619999999999999,7.699999999999999,1108.7999999999997,537,424.5463604590718,112.45363954092818,Low Error (20-50%),1108.7999999999997,7.699999999999999,1.6981854418362874,339.63708836725743,0.27687570866577743,HVAC Moderation,Adjust HVAC setpoint; Reduce cooling or heating intensity
26.4,12.7,1018,69,3.6,0.0,0.0,100,1,750,975,0.77,4,15,5,0,0.7692307684418146,0,335.28,0.0,876.3,3664.8,-0.7071067811865471,-0.7071067811865479,0.49999999999999994,-0.8660254037844387,0.0,1.0,1.0,8.3,0.0,8.3,0.0,4.619999999999999,8.3,1180.8000000000002,424,319.0560896913367,104.9439103086633,Low Error (20-50%),1180.8000000000002,8.3,1.2762243587653468,255.24487175306936,0.21272446848168775,HVAC Moderation,Adjust HVAC setpoint; Reduce cooling or heating intensity
28.4,12.7,1018,69,3.6,0.0,0.0,100,1,765,975,0.78,4,15,5,15,0.7846153838106509,0,360.67999999999995,0.0,876.3,3664.8,-0.7071067811865471,-0.7071067811865479,0.49999999999999994,-0.8660254037844387,1.0,2.83276944882399e-16,1.0,8.3,0.0,8.3,0.0,4.98,8.3,1195.2,281,324.3556186900417,43.355618690041695,Very Low Error (<20%),1195.2,8.3,1.2974224747601668,259.48449495203334,0.21345425892090977,HVAC Moderation,Adjust HVAC setpoint; Reduce cooling or heating intensity
29.3,12.7,1018,69,3.6,0.0,0.0,100,1,780,975,0.8,4,15,5,30,0.7999999991794872,0,372.11,0.0,876.3,3664.8,-0.7071067811865471,-0.7071067811865479,0.49999999999999994,-0.8660254037844387,5.66553889764798e-16,-1.0,1.0,8.3,0.0,8.3,0.0,4.98,8.3,1195.2,303,355.59693400372595,52.59693400372595,Very Low Error (<20%),1195.2,8.3,1.4223877360149038,284.47754720298076,0.22929948207749815,HVAC Moderation,Adjust HVAC setpoint; Reduce cooling or heating intensity
20.9,12.7,1018,69,3.6,0.0,0.0,100,1,795,975,0.82,4,15,5,45,0.8153846145483234,0,265.42999999999995,0.0,876.3,3664.8,-0.7071067811865471,-0.7071067811865479,0.49999999999999994,-0.8660254037844387,-1.0,-1.8369701987210297e-16,1.0,8.3,0.0,8.3,0.0,4.98,8.3,1195.2,424,264.2186996549522,159.78130034504778,Low Error (20-50%),1195.2,8.3,1.0568747986198088,211.37495972396178,0.18104379472208842,HVAC Moderation,Adjust HVAC setpoint; Reduce cooling or heating intensity
10.5,12.5,1018,72,4.2,0.15,0.0,100,1,810,975,0.83,5,16,5,0,0.8307692299171597,0,131.25,0.0,900.0,4275.6,-0.8660254037844384,-0.5000000000000004,0.49999999999999994,-0.8660254037844387,0.0,1.0,1.0,8.5,0.0,8.5,0.0,4.98,8.5,1219.2,291,141.81573540322492,149.18426459677508,Moderate Error (50-60%),1219.2,8.5,0.5672629416128997,113.45258832257994,0.1041984538532988,HVAC Moderation,Adjust HVAC setpoint; Reduce cooling or heating intensity
7.6,12.5,1018,72,4.2,0.15,0.0,100,1,825,975,0.85,5,16,5,15,0.846153845285996,0,95.0,0.0,900.0,4275.6,-0.8660254037844384,-0.5000000000000004,0.49999999999999994,-0.8660254037844387,1.0,2.83276944882399e-16,1.0,8.5,0.0,8.5,0.0,5.1,8.5,1224.0,91,118.69018570522731,27.690185705227307,Low Error (20-50%),1224.0,8.5,0.47476074282090924,94.95214856418184,0.08839729885602002,HVAC Moderation,Adjust HVAC setpoint; Reduce cooling or heating intensity
6.4,12.5,1018,72,4.2,0.15,0.0,100,1,840,975,0.86,5,16,5,30,0.8615384606548323,0,80.0,0.0,900.0,4275.6,-0.8660254037844384,-0.5000000000000004,0.49999999999999994,-0.8660254037844387,5.66553889764798e-16,-1.0,1.0,8.5,0.0,8.5,0.0,5.1,8.5,1224.0,12,101.573434865163,89.573434865163,High Error (>60%),1224.0,8.5,0.406293739460652,81.2587478921304,0.07662603377297537,HVAC Moderation,Adjust HVAC setpoint; Reduce cooling or heating intensity
22.7,12.5,1018,72,4.2,0.15,0.0,100,1,855,975,0.88,5,16,5,45,0.8769230760236686,0,283.75,0.0,900.0,4275.6,-0.8660254037844384,-0.5000000000000004,0.49999999999999994,-0.8660254037844387,-1.0,-1.8369701987210297e-16,1.0,8.5,0.0,8.5,0.0,5.1,8.5,1224.0,32,204.87371974777622,172.87371974777622,High Error (>60%),1224.0,8.5,0.8194948789911048,163.898975798221,0.14338126369946752,HVAC Moderation,Adjust HVAC setpoint; Reduce cooling or heating intensity
26.6,11.9,1019,81,3.9,0.34,0.0,100,1,870,975,0.89,5,17,5,0,0.892307691392505,0,316.54,0.0,963.9,3974.1,-0.9659258262890683,-0.25881904510252063,0.49999999999999994,-0.8660254037844387,0.0,1.0,1.0,9.1,0.0,9.1,0.0,5.1,9.1,1296.0,42,201.55356321413072,159.55356321413072,High Error (>60%),1296.0,9.1,0.8062142528565229,161.2428505713046,0.1345885503066461,HVAC Moderation,Adjust HVAC setpoint; Reduce cooling or heating intensity
31.1,11.9,1019,81,3.9,0.34,0.0,100,1,885,975,0.91,5,17,5,15,0.9076923067613413,0,370.09000000000003,0.0,963.9,3974.1,-0.9659258262890683,-0.25881904510252063,0.49999999999999994,-0.8660254037844387,1.0,2.83276944882399e-16,1.0,9.1,0.0,9.1,0.0,5.46,9.1,1310.4,69,212.15057311305029,143.15057311305029,High Error (>60%),1310.4,9.1,0.8486022924522011,169.72045849044022,0.13933893344504295,HVAC Moderation,Adjust HVAC setpoint; Reduce cooling or heating intensity
14.9,11.9,1019,81,3.9,0.34,0.0,100,1,900,975,0.92,5,17,5,30,0.9230769221301776,0,177.31,0.0,963.9,3974.1,-0.9659258262890683,-0.25881904510252063,0.49999999999999994,-0.8660254037844387,5.66553889764798e-16,-1.0,1.0,9.1,0.0,9.1,0.0,5.46,9.1,1310.4,42,94.2962999563223,52.2962999563223,High Error (>60%),1310.4,9.1,0.3771851998252892,75.43703996505783,0.06712931463699663,HVAC Moderation,Adjust HVAC setpoint; Reduce cooling or heating intensity
7.2,11.9,1019,81,3.9,0.34,0.0,100,1,915,975,0.94,5,17,5,45,0.9384615374990138,0,85.68,0.0,963.9,3974.1,-0.9659258262890683,-0.25881904510252063,0.49999999999999994,-0.8660254037844387,-1.0,-1.8369701987210297e-16,1.0,9.1,0.0,9.1,0.0,5.46,9.1,1310.4,5,46.19304495143503,41.19304495143503,High Error (>60%),1310.4,9.1,0.18477217980574012,36.95443596114802,0.0340507752780333,HVAC Moderation,Adjust HVAC setpoint; Reduce cooling or heating intensity
4.1,11.0,1019,88,2.8,0.42,0.0,100,1,930,975,0.95,5,18,5,0,0.9538461528678501,0,45.099999999999994,0.0,968.0,2853.2,-1.0,-1.8369701987210297e-16,0.49999999999999994,-0.8660254037844387,0.0,1.0,1.0,10.0,0.0,10.0,0.0,5.46,10.0,1418.4,0,17.98741176068164,17.98741176068164,Zero-Actual / Undefined % Error,1418.4,10.0,0.07194964704272655,14.38992940854531,0.012522674315357942,HVAC Moderation,Adjust HVAC setpoint; Reduce cooling or heating intensity
6.4,11.0,1019,88,2.8,0.42,0.0,100,1,945,975,0.97,5,18,5,15,0.9692307682366864,0,70.4,0.0,968.0,2853.2,-1.0,-1.8369701987210297e-16,0.49999999999999994,-0.8660254037844387,1.0,2.83276944882399e-16,1.0,10.0,0.0,10.0,0.0,6.0,10.0,1440.0,0,30.789254204203335,30.789254204203335,Zero-Actual / Undefined % Error,1440.0,10.0,0.12315701681681333,24.63140336336267,0.020933831339370625,HVAC Moderation,Adjust HVAC setpoint; Reduce cooling or heating intensity
4.3,11.0,1019,88,2.8,0.42,0.0,100,1,960,975,0.98,5,18,5,30,0.9846153836055227,0,47.3,0.0,968.0,2853.2,-1.0,-1.8369701987210297e-16,0.49999999999999994,-0.8660254037844387,5.66553889764798e-16,-1.0,1.0,10.0,0.0,10.0,0.0,6.0,10.0,1440.0,0,10.787007907153212,10.787007907153212,Zero-Actual / Undefined % Error,1440.0,10.0,0.043148031628612846,8.62960632572257,0.007435280189942446,HVAC Moderation,Adjust HVAC setpoint; Reduce cooling or heating intensity
1.1,11.0,1019,88,2.8,0.42,0.0,100,1,975,975,1.0,5,18,5,45,0.999999998974359,0,12.100000000000001,0.0,968.0,2853.2,-1.0,-1.8369701987210297e-16,0.49999999999999994,-0.8660254037844387,-1.0,-1.8369701987210297e-16,1.0,10.0,0.0,10.0,0.0,6.0,10.0,1440.0,0,-4.995903305469671,4.995903305469671,Zero-Actual / Undefined % Error,1440.0,10.0,-0.019983613221878683,-3.996722644375737,-0.0034814557766741304,HVAC Moderation,Adjust HVAC setpoint; Reduce cooling or heating intensity
0.0,10.8,1020,91,2.5,0.0,0.0,100,0,0,975,0.0,4,19,5,0,0.0,1,0.0,0.0,982.8000000000001,2550.0,-0.9659258262890684,0.2588190451025203,0.49999999999999994,-0.8660254037844387,0.0,1.0,1.0,10.2,0.0,10.2,0.0,6.0,10.2,1464.0,0,1.4050249330223654,1.4050249330223654,Zero-Actual / Undefined % Error,1464.0,10.2,0.005620099732089462,1.1240199464178924,0.0009587963110251973,HVAC Moderation,Adjust HVAC setpoint; Reduce cooling or heating intensity
0.0,10.8,1020,91,2.5,0.0,0.0,100,0,0,975,0.0,4,19,5,15,0.0,1,0.0,0.0,982.8000000000001,2550.0,-0.9659258262890684,0.2588190451025203,0.49999999999999994,-0.8660254037844387,1.0,2.83276944882399e-16,1.0,10.2,0.0,10.2,0.0,6.119999999999999,10.2,1468.8,0,1.5998229557366668,1.5998229557366668,Zero-Actual / Undefined % Error,1468.8,10.2,0.006399291822946667,1.2798583645893333,0.0010880190065806388,HVAC Moderation,Adjust HVAC setpoint; Reduce cooling or heating intensity
0.0,10.8,1020,91,2.5,0.0,0.0,100,0,0,975,0.0,4,19,5,30,0.0,1,0.0,0.0,982.8000000000001,2550.0,-0.9659258262890684,0.2588190451025203,0.49999999999999994,-0.8660254037844387,5.66553889764798e-16,-1.0,1.0,10.2,0.0,10.2,0.0,6.119999999999999,10.2,1468.8,0,1.9273902899810387,1.9273902899810387,Zero-Actual / Undefined % Error,1468.8,10.2,0.007709561159924155,1.5419122319848308,0.0013105013895814619,HVAC Moderation,Adjust HVAC setpoint; Reduce cooling or heating intensity
0.0,10.8,1020,91,2.5,0.0,0.0,100,0,0,975,0.0,4,19,5,45,0.0,1,0.0,0.0,982.8000000000001,2550.0,-0.9659258262890684,0.2588190451025203,0.49999999999999994,-0.8660254037844387,-1.0,-1.8369701987210297e-16,1.0,10.2,0.0,10.2,0.0,6.119999999999999,10.2,1468.8,0,1.427314688940922,1.427314688940922,Zero-Actual / Undefined % Error,1468.8,10.2,0.005709258755763689,1.1418517511527377,0.0009708122503982248,HVAC Moderation,Adjust HVAC setpoint; Reduce cooling or heating intensity
0.0,10.1,1020,93,2.9,0.0,0.0,100,0,0,975,0.0,4,20,5,0,0.0,1,0.0,0.0,939.3,2958.0,-0.8660254037844386,0.5000000000000001,0.49999999999999994,-0.8660254037844387,0.0,1.0,1.0,10.9,0.0,10.9,0.0,6.119999999999999,10.9,1552.8,0,1.7162540583029167,1.7162540583029167,Zero-Actual / Undefined % Error,1552.8,10.9,0.006865016233211667,1.3730032466423334,0.0011040438160220766,HVAC Moderation,Adjust HVAC setpoint; Reduce cooling or heating intensity
0.0,10.1,1020,93,2.9,0.0,0.0,100,0,0,975,0.0,4,20,5,15,0.0,1,0.0,0.0,939.3,2958.0,-0.8660254037844386,0.5000000000000001,0.49999999999999994,-0.8660254037844387,1.0,2.83276944882399e-16,1.0,10.9,0.0,10.9,0.0,6.54,10.9,1569.6,0,1.741394657867459,1.741394657867459,Zero-Actual / Undefined % Error,1569.6,10.9,0.0069655786314698365,1.3931157262939673,0.0011082217159679652,HVAC Moderation,Adjust HVAC setpoint; Reduce cooling or heating intensity
0.0,10.1,1020,93,2.9,0.0,0.0,100,0,0,975,0.0,4,20,5,30,0.0,1,0.0,0.0,939.3,2958.0,-0.8660254037844386,0.5000000000000001,0.49999999999999994,-0.8660254037844387,5.66553889764798e-16,-1.0,1.0,10.9,0.0,10.9,0.0,6.54,10.9,1569.6,0,2.068961992111831,2.068961992111831,Zero-Actual / Undefined % Error,1569.6,10.9,0.008275847968447325,1.655169593689465,0.0013164107969486035,HVAC Moderation,Adjust HVAC setpoint; Reduce cooling or heating intensity
0.0,10.1,1020,93,2.9,0.0,0.0,100,0,0,975,0.0,4,20,5,45,0.0,1,0.0,0.0,939.3,2958.0,-0.8660254037844386,0.5000000000000001,0.49999999999999994,-0.8660254037844387,-1.0,-1.8369701987210297e-16,1.0,10.9,0.0,10.9,0.0,6.54,10.9,1569.6,0,1.7069857085507554,1.7069857085507554,Zero-Actual / Undefined % Error,1569.6,10.9,0.006827942834203022,1.3655885668406043,0.0010863476857099793,HVAC Moderation,Adjust HVAC setpoint; Reduce cooling or heating intensity
0.0,9.0,1021,92,3.0,0.0,0.0,87,0,0,975,0.0,4,21,5,0,0.0,1,0.0,0.0,828.0,3063.0,-0.7071067811865477,0.7071067811865474,0.49999999999999994,-0.8660254037844387,0.0,1.0,1.0,12.0,0.0,12.0,0.0,6.54,12.0,1701.6,0,0.11656469291263748,0.11656469291263748,Zero-Actual / Undefined % Error,1701.6,12.0,0.00046625877165054993,0.09325175433010999,6.849830063514375e-05,HVAC Moderation,Adjust HVAC setpoint; Reduce cooling or heating intensity
0.0,9.0,1021,92,3.0,0.0,0.0,87,0,0,975,0.0,4,21,5,15,0.0,1,0.0,0.0,828.0,3063.0,-0.7071067811865477,0.7071067811865474,0.49999999999999994,-0.8660254037844387,1.0,2.83276944882399e-16,1.0,12.0,0.0,12.0,0.0,7.199999999999999,12.0,1728.0,0,-0.09733588444353754,0.09733588444353754,Zero-Actual / Undefined % Error,1728.0,12.0,-0.00038934353777415014,-0.07786870755483002,-5.63318098922129e-05,HVAC Moderation,Adjust HVAC setpoint; Reduce cooling or heating intensity
0.0,9.0,1021,92,3.0,0.0,0.0,87,0,0,975,0.0,4,21,5,30,0.0,1,0.0,0.0,828.0,3063.0,-0.7071067811865477,0.7071067811865474,0.49999999999999994,-0.8660254037844387,5.66553889764798e-16,-1.0,1.0,12.0,0.0,12.0,0.0,7.199999999999999,12.0,1728.0,0,0.23282746574799906,0.23282746574799906,Zero-Actual / Undefined % Error,1728.0,12.0,0.0009313098629919963,0.18626197259839924,0.00013471996476001062,HVAC Moderation,Adjust HVAC setpoint; Reduce cooling or heating intensity
0.0,9.0,1021,92,3.0,0.0,0.0,87,0,0,975,0.0,4,21,5,45,0.0,1,0.0,0.0,828.0,3063.0,-0.7071067811865477,0.7071067811865474,0.49999999999999994,-0.8660254037844387,-1.0,-1.8369701987210297e-16,1.0,12.0,0.0,12.0,0.0,7.199999999999999,12.0,1728.0,0,-0.2024902116322773,0.2024902116322773,Zero-Actual / Undefined % Error,1728.0,12.0,-0.0008099608465291092,-0.16199216930582183,-0.00011719556855935282,HVAC Moderation,Adjust HVAC setpoint; Reduce cooling or heating intensity
0.0,8.9,1021,94,3.2,0.0,0.0,56,0,0,975,0.0,3,22,5,0,0.0,1,0.0,0.0,836.6,3267.2000000000003,-0.5000000000000004,0.8660254037844384,0.49999999999999994,-0.8660254037844387,0.0,1.0,1.0,12.1,0.0,12.1,0.0,7.199999999999999,12.1,1740.0,0,-0.5647781984623835,0.5647781984623835,Zero-Actual / Undefined % Error,1740.0,12.1,-0.002259112793849534,-0.45182255876990685,-0.00032469056108496564,HVAC Moderation,Adjust HVAC setpoint; Reduce cooling or heating intensity
0.0,8.9,1021,94,3.2,0.0,0.0,56,0,0,975,0.0,3,22,5,15,0.0,1,0.0,0.0,836.6,3267.2000000000003,-0.5000000000000004,0.8660254037844384,0.49999999999999994,-0.8660254037844387,1.0,2.83276944882399e-16,1.0,12.1,0.0,12.1,0.0,7.26,12.1,1742.4,0,-0.39982183404248817,0.39982183404248817,Zero-Actual / Undefined % Error,1742.4,12.1,-0.0015992873361699526,-0.31985746723399056,-0.00022951882486827103,HVAC Moderation,Adjust HVAC setpoint; Reduce cooling or heating intensity
0.0,8.9,1021,94,3.2,0.0,0.0,56,0,0,975,0.0,3,22,5,30,0.0,1,0.0,0.0,836.6,3267.2000000000003,-0.5000000000000004,0.8660254037844384,0.49999999999999994,-0.8660254037844387,5.66553889764798e-16,-1.0,1.0,12.1,0.0,12.1,0.0,7.26,12.1,1742.4,0,-0.12850405345197688,0.12850405345197688,Zero-Actual / Undefined % Error,1742.4,12.1,-0.0005140162138079075,-0.10280324276158151,-7.375661811444953e-05,HVAC Moderation,Adjust HVAC setpoint; Reduce cooling or heating intensity
0.0,8.9,1021,94,3.2,0.0,0.0,56,0,0,975,0.0,3,22,5,45,0.0,1,0.0,0.0,836.6,3267.2000000000003,-0.5000000000000004,0.8660254037844384,0.49999999999999994,-0.8660254037844387,-1.0,-1.8369701987210297e-16,1.0,12.1,0.0,12.1,0.0,7.26,12.1,1742.4,0,-0.5638217308322534,0.5638217308322534,Zero-Actual / Undefined % Error,1742.4,12.1,-0.0022552869233290135,-0.4510573846658027,-0.00032369389127559587,HVAC Moderation,Adjust HVAC setpoint; Reduce cooling or heating intensity
0.0,8.4,1021,94,3.1,0.0,0.0,40,0,0,975,0.0,2,23,5,0,0.0,1,0.0,0.0,789.6,3165.1,-0.25881904510252157,0.9659258262890681,0.49999999999999994,-0.8660254037844387,0.0,1.0,0.6,12.6,0.0,7.56,0.0,7.26,12.6,1197.6,0,0.9954088117273979,0.9954088117273979,Zero-Actual / Undefined % Error,1197.6,12.6,0.003981635246909592,0.7963270493819183,0.0008304794124680941,HVAC Moderation,Adjust HVAC setpoint; Reduce cooling or heating intensity
0.0,8.4,1021,94,3.1,0.0,0.0,40,0,0,975,0.0,2,23,5,15,0.0,1,0.0,0.0,789.6,3165.1,-0.25881904510252157,0.9659258262890681,0.49999999999999994,-0.8660254037844387,1.0,2.83276944882399e-16,0.6,12.6,0.0,7.56,0.0,4.536,12.6,1088.6399999999999,0,0.9198863290581106,0.9198863290581106,Zero-Actual / Undefined % Error,1088.6399999999999,12.6,0.0036795453162324424,0.7359090632464885,0.0008442733068240202,HVAC Moderation,Adjust HVAC setpoint; Reduce cooling or heating intensity
0.0,8.4,1021,94,3.1,0.0,0.0,40,0,0,975,0.0,2,23,5,30,0.0,1,0.0,0.0,789.6,3165.1,-0.25881904510252157,0.9659258262890681,0.49999999999999994,-0.8660254037844387,5.66553889764798e-16,-1.0,0.6,12.6,0.0,7.56,0.0,4.536,12.6,1088.6399999999999,0,1.191204109648622,1.191204109648622,Zero-Actual / Undefined % Error,1088.6399999999999,12.6,0.004764816438594488,0.9529632877188975,0.0010930170691238136,HVAC Moderation,Adjust HVAC setpoint; Reduce cooling or heating intensity
0.0,8.4,1021,94,3.1,0.0,0.0,40,0,0,975,0.0,2,23,5,45,0.0,1,0.0,0.0,789.6,3165.1,-0.25881904510252157,0.9659258262890681,0.49999999999999994,-0.8660254037844387,-1.0,-1.8369701987210297e-16,0.6,12.6,0.0,7.56,0.0,4.536,12.6,1088.6399999999999,0,0.7558864322683455,0.7558864322683455,Zero-Actual / Undefined % Error,1088.6399999999999,12.6,0.003023545729073382,0.6047091458146764,0.0006938583493737868,HVAC Moderation,Adjust HVAC setpoint; Reduce cooling or heating intensity
0.0,8.5,1022,95,3.2,0.0,0.0,23,0,0,990,0.0,2,0,5,0,0.0,1,0.0,0.0,807.5,3270.4,0.0,1.0,0.49999999999999994,-0.8660254037844387,0.0,1.0,0.6,12.5,0.0,7.5,0.0,4.536,12.5,1081.44,0,2.6558139955727693,2.6558139955727693,Zero-Actual / Undefined % Error,1081.44,12.5,0.010623255982291076,2.1246511964582155,0.002449796373011194,HVAC Moderation,Adjust HVAC setpoint; Reduce cooling or heating intensity
0.0,8.5,1022,95,3.2,0.0,0.0,23,0,0,990,0.0,2,0,5,15,0.0,1,0.0,0.0,807.5,3270.4,0.0,1.0,0.49999999999999994,-0.8660254037844387,1.0,2.83276944882399e-16,0.6,12.5,0.0,7.5,0.0,4.5,12.5,1080.0,0,2.9642699984260927,2.9642699984260927,Zero-Actual / Undefined % Error,1080.0,12.5,0.011857079993704372,2.3714159987408743,0.0027371817130155355,HVAC Moderation,Adjust HVAC setpoint; Reduce cooling or heating intensity
0.0,8.5,1022,95,3.2,0.0,0.0,23,0,0,990,0.0,2,0,5,30,0.0,1,0.0,0.0,807.5,3270.4,0.0,1.0,0.49999999999999994,-0.8660254037844387,5.66553889764798e-16,-1.0,0.6,12.5,0.0,7.5,0.0,4.5,12.5,1080.0,0,3.4708720900317824,3.4708720900317824,Zero-Actual / Undefined % Error,1080.0,12.5,0.013883488360127129,2.776697672025426,0.0032034752167660416,HVAC Moderation,Adjust HVAC setpoint; Reduce cooling or heating intensity
0.0,8.5,1022,95,3.2,0.0,0.0,23,0,0,990,0.0,2,0,5,45,0.0,1,0.0,0.0,807.5,3270.4,0.0,1.0,0.49999999999999994,-0.8660254037844387,-1.0,-1.8369701987210297e-16,0.6,12.5,0.0,7.5,0.0,4.5,12.5,1080.0,0,3.0532399392242886,3.0532399392242886,Zero-Actual / Undefined % Error,1080.0,12.5,0.012212959756897155,2.442591951379431,0.002819104198955646,HVAC Moderation,Adjust HVAC setpoint; Reduce cooling or heating intensity
0.0,7.1,1021,95,3.4,0.0,0.0,9,0,0,990,0.0,1,1,5,0,0.0,1,0.0,0.0,674.5,3471.4,0.25881904510252074,0.9659258262890683,0.49999999999999994,-0.8660254037844387,0.0,1.0,0.6,13.9,0.0,8.34,0.0,4.5,13.9,1180.8,0,4.96982531646872,4.96982531646872,Zero-Actual / Undefined % Error,1180.8,13.9,0.01987930126587488,3.975860253174976,0.004191222618564363,HVAC Moderation,Adjust HVAC setpoint; Reduce cooling or heating intensity
0.0,7.1,1021,95,3.4,0.0,0.0,9,0,0,990,0.0,1,1,5,15,0.0,1,0.0,0.0,674.5,3471.4,0.25881904510252074,0.9659258262890683,0.49999999999999994,-0.8660254037844387,1.0,2.83276944882399e-16,0.6,13.9,0.0,8.34,0.0,5.004,13.9,1200.96,0,5.122284870965484,5.122284870965484,Zero-Actual / Undefined % Error,1200.96,13.9,0.020489139483861937,4.097827896772388,0.004247044277966867,HVAC Moderation,Adjust HVAC setpoint; Reduce cooling or heating intensity
0.0,7.1,1021,95,3.4,0.0,0.0,9,0,0,990,0.0,1,1,5,30,0.0,1,0.0,0.0,674.5,3471.4,0.25881904510252074,0.9659258262890683,0.49999999999999994,-0.8660254037844387,5.66553889764798e-16,-1.0,0.6,13.9,0.0,8.34,0.0,5.004,13.9,1200.96,0,5.676413102036308,5.676413102036308,Zero-Actual / Undefined % Error,1200.96,13.9,0.02270565240814523,4.541130481629046,0.00470432769614418,HVAC Moderation,Adjust HVAC setpoint; Reduce cooling or heating intensity
0.0,7.1,1021,95,3.4,0.0,0.0,9,0,0,990,0.0,1,1,5,45,0.0,1,0.0,0.0,674.5,3471.4,0.25881904510252074,0.9659258262890683,0.49999999999999994,-0.8660254037844387,-1.0,-1.8369701987210297e-16,0.6,13.9,0.0,8.34,0.0,5.004,13.9,1200.96,0,5.258780951228814,5.258780951228814,Zero-Actual / Undefined % Error,1200.96,13.9,0.021035123804915255,4.207024760983051,0.00435972398201427,HVAC Moderation,Adjust HVAC setpoint; Reduce cooling or heating intensity
0.0,6.2,1021,96,3.2,0.0,0.0,3,0,0,990,0.0,1,2,5,0,0.0,1,0.0,0.0,595.2,3267.2000000000003,0.49999999999999994,0.8660254037844387,0.49999999999999994,-0.8660254037844387,0.0,1.0,0.6,14.8,0.0,8.88,0.0,5.004,14.8,1265.7600000000002,0,5.833583067520314,5.833583067520314,Zero-Actual / Undefined % Error,1265.7600000000002,14.8,0.023334332270081255,4.666866454016251,0.00458761599666152,HVAC Moderation,Adjust HVAC setpoint; Reduce cooling or heating intensity
0.0,6.2,1021,96,3.2,0.0,0.0,3,0,0,990,0.0,1,2,5,15,0.0,1,0.0,0.0,595.2,3267.2000000000003,0.49999999999999994,0.8660254037844387,0.49999999999999994,-0.8660254037844387,1.0,2.83276944882399e-16,0.6,14.8,0.0,8.88,0.0,5.328,14.8,1278.7200000000003,0,5.945617351430288,5.945617351430288,Zero-Actual / Undefined % Error,1278.7200000000003,14.8,0.02378246940572115,4.75649388114423,0.004628143904917534,HVAC Moderation,Adjust HVAC setpoint; Reduce cooling or heating intensity
0.0,6.2,1021,96,3.2,0.0,0.0,3,0,0,990,0.0,1,2,5,30,0.0,1,0.0,0.0,595.2,3267.2000000000003,0.49999999999999994,0.8660254037844387,0.49999999999999994,-0.8660254037844387,5.66553889764798e-16,-1.0,0.6,14.8,0.0,8.88,0.0,5.328,14.8,1278.7200000000003,0,6.526653405433223,6.526653405433223,Zero-Actual / Undefined % Error,1278.7200000000003,14.8,0.02610661362173289,5.221322724346578,0.005078132966199013,HVAC Moderation,Adjust HVAC setpoint; Reduce cooling or heating intensity
0.4,6.2,1021,96,3.2,0.0,0.0,3,1,15,990,0.02,1,2,5,45,0.01515151513621059,0,2.4800000000000004,0.388,595.2,3267.2000000000003,0.49999999999999994,0.8660254037844387,0.49999999999999994,-0.8660254037844387,-1.0,-1.8369701987210297e-16,0.6,14.8,0.0,8.88,0.0,5.328,14.8,1278.7200000000003,0,13.256805334160685,13.256805334160685,Zero-Actual / Undefined % Error,1278.7200000000003,14.8,0.05302722133664274,10.605444267328547,0.010260869443759892,HVAC Moderation,Adjust HVAC setpoint; Reduce cooling or heating intensity
3.1,6.5,1021,96,3.2,0.0,0.0,9,1,30,990,0.03,1,3,5,0,0.03030303027242118,0,20.150000000000002,2.821,624.0,3267.2000000000003,0.7071067811865475,0.7071067811865476,0.49999999999999994,-0.8660254037844387,0.0,1.0,0.6,14.5,0.0,8.7,0.0,5.328,14.5,1257.12,30,12.568050777299705,17.431949222700297,Moderate Error (50-60%),1257.12,14.5,0.05027220310919882,10.054440621839763,0.009898534336608936,HVAC Moderation,Adjust HVAC setpoint; Reduce cooling or heating intensity
7.6,6.5,1021,96,3.2,0.0,0.0,9,1,45,990,0.05,1,3,5,15,0.04545454540863177,0,49.4,6.9159999999999995,624.0,3267.2000000000003,0.7071067811865475,0.7071067811865476,0.49999999999999994,-0.8660254037844387,1.0,2.83276944882399e-16,0.6,14.5,0.0,8.7,0.0,5.22,14.5,1252.8,54,49.22397570631632,4.776024293683683,Very Low Error (<20%),1252.8,14.5,0.19689590282526526,39.379180565053055,0.03780573675059076,HVAC Moderation,Adjust HVAC setpoint; Reduce cooling or heating intensity
13.4,6.5,1021,96,3.2,0.0,0.0,9,1,60,990,0.06,1,3,5,30,0.06060606054484236,0,87.10000000000001,12.194,624.0,3267.2000000000003,0.7071067811865475,0.7071067811865476,0.49999999999999994,-0.8660254037844387,5.66553889764798e-16,-1.0,0.6,14.5,0.0,8.7,0.0,5.22,14.5,1252.8,83,98.15660421342848,15.15660421342848,Very Low Error (<20%),1252.8,14.5,0.3926264168537139,78.52528337074278,0.07265711114230895,HVAC Moderation,Adjust HVAC setpoint; Reduce cooling or heating intensity
20.4,6.5,1021,96,3.2,0.0,0.0,9,1,75,990,0.08,1,3,5,45,0.07575757568105296,0,132.6,18.564,624.0,3267.2000000000003,0.7071067811865475,0.7071067811865476,0.49999999999999994,-0.8660254037844387,-1.0,-1.8369701987210297e-16,0.6,14.5,0.0,8.7,0.0,5.22,14.5,1252.8,118,167.02460405805826,49.02460405805826,Low Error (20-50%),1252.8,14.5,0.668098416232233,133.6196832464466,0.11763749090066546,HVAC Moderation,Adjust HVAC setpoint; Reduce cooling or heating intensity
28.2,7.5,1021,95,3.9,0.0,0.0,24,1,90,990,0.09,2,4,5,0,0.09090909081726355,0,211.5,21.432,712.5,3981.9,0.8660254037844386,0.5000000000000001,0.49999999999999994,-0.8660254037844387,0.0,1.0,0.6,13.5,0.0,8.1,0.0,5.22,13.5,1180.8,154,218.1444477778518,64.14444777785181,Low Error (20-50%),1180.8,13.5,0.8725777911114072,174.51555822228144,0.15593503227982178,HVAC Moderation,Adjust HVAC setpoint; Reduce cooling or heating intensity
36.7,7.5,1021,95,3.9,0.0,0.0,24,1,105,990,0.11,2,4,5,15,0.10606060595347414,0,275.25,27.892000000000003,712.5,3981.9,0.8660254037844386,0.5000000000000001,0.49999999999999994,-0.8660254037844387,1.0,2.83276944882399e-16,0.6,13.5,0.0,8.1,0.0,4.859999999999999,13.5,1166.4,184,244.9165791759044,60.91657917590439,Low Error (20-50%),1166.4,13.5,0.9796663167036176,195.9332633407235,0.17353766165304904,HVAC Moderation,Adjust HVAC setpoint; Reduce cooling or heating intensity
45.7,7.5,1021,95,3.9,0.0,0.0,24,1,120,990,0.12,2,4,5,30,0.12121212108968472,0,342.75,34.732,712.5,3981.9,0.8660254037844386,0.5000000000000001,0.49999999999999994,-0.8660254037844387,5.66553889764798e-16,-1.0,0.6,13.5,0.0,8.1,0.0,4.859999999999999,13.5,1166.4,240,274.0135444621846,34.0135444621846,Very Low Error (<20%),1166.4,13.5,1.0960541778487385,219.21083556974767,0.19023255184278484,HVAC Moderation,Adjust HVAC setpoint; Reduce cooling or heating intensity
55.0,7.5,1021,95,3.9,0.0,0.0,24,1,135,990,0.14,2,4,5,45,0.1363636362258953,0,412.5,41.8,712.5,3981.9,0.8660254037844386,0.5000000000000001,0.49999999999999994,-0.8660254037844387,-1.0,-1.8369701987210297e-16,0.6,13.5,0.0,8.1,0.0,4.859999999999999,13.5,1166.4,345,302.3917234967714,42.60827650322858,Very Low Error (<20%),1166.4,13.5,1.2095668939870856,241.91337879741712,0.20587787802275032,HVAC Moderation,Adjust HVAC setpoint; Reduce cooling or heating intensity
61.1,9.1,1021,90,4.5,0.0,0.0,45,1,150,990,0.15,2,5,5,0,0.15151515136210592,0,556.01,33.605000000000004,819.0,4594.5,0.9659258262890683,0.25881904510252074,0.49999999999999994,-0.8660254037844387,0.0,1.0,0.6,11.9,0.0,7.14,0.0,4.859999999999999,11.9,1051.1999999999998,482,401.3050490569946,80.69495094300538,Very Low Error (<20%),1051.1999999999998,11.9,1.6052201962279784,321.0440392455957,0.2762847874719939,HVAC Moderation,Adjust HVAC setpoint; Reduce cooling or heating intensity
69.9,9.1,1021,90,4.5,0.0,0.0,45,1,165,990,0.17,2,5,5,15,0.1666666664983165,0,636.09,38.44500000000001,819.0,4594.5,0.9659258262890683,0.25881904510252074,0.49999999999999994,-0.8660254037844387,1.0,2.83276944882399e-16,0.6,11.9,0.0,7.14,0.0,4.284,11.9,1028.1599999999999,788,446.9066741409013,341.0933258590987,Low Error (20-50%),1028.1599999999999,11.9,1.7876266965636052,357.52533931272103,0.30297388021338895,HVAC Moderation,Adjust HVAC setpoint; Reduce cooling or heating intensity
68.9,9.1,1021,90,4.5,0.0,0.0,45,1,180,990,0.18,2,5,5,30,0.1818181816345271,0,626.99,37.895,819.0,4594.5,0.9659258262890683,0.25881904510252074,0.49999999999999994,-0.8660254037844387,5.66553889764798e-16,-1.0,0.6,11.9,0.0,7.14,0.0,4.284,11.9,1028.1599999999999,804,500.14895123250875,303.85104876749125,Low Error (20-50%),1028.1599999999999,11.9,2.000595804930035,400.119160986007,0.3272564428166869,HVAC Moderation,Adjust HVAC setpoint; Reduce cooling or heating intensity
38.4,9.1,1021,90,4.5,0.0,0.0,45,1,195,990,0.2,2,5,5,45,0.19696969677073767,0,349.44,21.12,819.0,4594.5,0.9659258262890683,0.25881904510252074,0.49999999999999994,-0.8660254037844387,-1.0,-1.8369701987210297e-16,0.6,11.9,0.0,7.14,0.0,4.284,11.9,1028.1599999999999,802,604.0826317730751,197.91736822692485,Low Error (20-50%),1028.1599999999999,11.9,2.416330527092301,483.26610541846014,0.37009364885095397,HVAC Moderation,Adjust HVAC setpoint; Reduce cooling or heating intensity
29.4,10.7,1022,82,5.3,0.0,0.0,92,1,210,990,0.21,4,6,5,0,0.21212121190694827,0,314.58,2.3519999999999985,877.4,5416.599999999999,1.0,6.123233995736766e-17,0.49999999999999994,-0.8660254037844387,0.0,1.0,0.6,10.3,0.0,6.180000000000001,0.0,4.284,10.3,912.96,603,604.168459927581,1.1684599275810115,Very Low Error (<20%),912.96,10.3,2.4166738397103242,483.3347679420648,0.3982315772773711,HVAC Moderation,Adjust HVAC setpoint; Reduce cooling or heating intensity
37.8,10.7,1022,82,5.3,0.0,0.0,92,1,225,990,0.23,4,6,5,15,0.22727272704315887,0,404.4599999999999,3.0239999999999982,877.4,5416.599999999999,1.0,6.123233995736766e-17,0.49999999999999994,-0.8660254037844387,1.0,2.83276944882399e-16,0.6,10.3,0.0,6.180000000000001,0.0,3.708,10.3,889.9200000000001,713,700.7496366401865,12.250363359813491,Very Low Error (<20%),889.9200000000001,10.3,2.802998546560746,560.5997093121492,0.4405375070085406,HVAC Moderation,Adjust HVAC setpoint; Reduce cooling or heating intensity
26.9,10.7,1022,82,5.3,0.0,0.0,92,1,240,990,0.24,4,6,5,30,0.24242424217936945,0,287.83,2.151999999999999,877.4,5416.599999999999,1.0,6.123233995736766e-17,0.49999999999999994,-0.8660254037844387,5.66553889764798e-16,-1.0,0.6,10.3,0.0,6.180000000000001,0.0,3.708,10.3,889.9200000000001,681,579.2727989133156,101.72720108668443,Very Low Error (<20%),889.9200000000001,10.3,2.3170911956532625,463.41823913065247,0.39427963365154894,HVAC Moderation,Adjust HVAC setpoint; Reduce cooling or heating intensity
49.4,10.7,1022,82,5.3,0.0,0.0,92,1,255,990,0.26,4,6,5,45,0.25757575731558,0,528.5799999999999,3.9519999999999977,877.4,5416.599999999999,1.0,6.123233995736766e-17,0.49999999999999994,-0.8660254037844387,-1.0,-1.8369701987210297e-16,0.6,10.3,0.0,6.180000000000001,0.0,3.708,10.3,889.9200000000001,571,850.3279204033278,279.32792040332777,Low Error (20-50%),889.9200000000001,10.3,3.401311681613311,680.2623363226622,0.4886245861553032,HVAC Moderation,Adjust HVAC setpoint; Reduce cooling or heating intensity
62.1,10.9,1022,75,5.9,0.0,0.0,98,1,270,990,0.27,4,7,5,0,0.2727272724517906,0,676.89,1.242000000000001,817.5,6029.8,0.9659258262890683,-0.25881904510252063,0.49999999999999994,-0.8660254037844387,0.0,1.0,1.0,10.1,0.0,10.1,0.0,3.708,10.1,1360.32,1190,1077.4789549161399,112.52104508386014,Very Low Error (<20%),1360.32,10.1,4.3099158196645595,861.9831639329119,0.4419884389158813,HVAC Moderation,Adjust HVAC setpoint; Reduce cooling or heating intensity
63.5,10.9,1022,75,5.9,0.0,0.0,98,1,285,990,0.29,4,7,5,15,0.28787878758800123,0,692.15,1.2700000000000011,817.5,6029.8,0.9659258262890683,-0.25881904510252063,0.49999999999999994,-0.8660254037844387,1.0,2.83276944882399e-16,1.0,10.1,0.0,10.1,0.0,6.06,10.1,1454.4,910,1162.273295930232,252.27329593023205,Low Error (20-50%),1454.4,10.1,4.649093183720928,929.8186367441856,0.44417975193684317,HVAC Moderation,Adjust HVAC setpoint; Reduce cooling or heating intensity
96.3,10.9,1022,75,5.9,0.0,0.0,98,1,300,990,0.3,4,7,5,30,0.30303030272421183,0,1049.67,1.9260000000000017,817.5,6029.8,0.9659258262890683,-0.25881904510252063,0.49999999999999994,-0.8660254037844387,5.66553889764798e-16,-1.0,1.0,10.1,0.0,10.1,0.0,6.06,10.1,1454.4,1856,1683.0464423031574,172.9535576968426,Very Low Error (<20%),1454.4,10.1,6.73218576921263,1346.437153842526,0.53643830188579,HVAC Moderation,Adjust HVAC setpoint; Reduce cooling or heating intensity
135.6,10.9,1022,75,5.9,0.0,0.0,98,1,315,990,0.32,4,7,5,45,0.31818181786042243,0,1478.04,2.7120000000000024,817.5,6029.8,0.9659258262890683,-0.25881904510252063,0.49999999999999994,-0.8660254037844387,-1.0,-1.8369701987210297e-16,1.0,10.1,0.0,10.1,0.0,6.06,10.1,1454.4,1590,2338.8380870727556,748.8380870727556,Low Error (20-50%),1454.4,10.1,9.355352348291023,1871.0704696582045,0.616580882288108,HVAC Moderation,Adjust HVAC setpoint; Reduce cooling or heating intensity
153.2,12.8,1022,70,5.8,0.0,0.0,100,1,330,990,0.33,4,8,5,0,0.333333332996633,0,1960.96,0.0,896.0,5927.599999999999,0.8660254037844387,-0.4999999999999998,0.49999999999999994,-0.8660254037844387,0.0,1.0,1.0,8.2,0.0,8.2,0.0,6.06,8.2,1226.3999999999999,2865,2860.002198323243,4.997801676756808,Very Low Error (<20%),1226.3999999999999,8.2,11.440008793292973,2288.0017586585946,0.6998826984766437,HVAC Moderation,Adjust HVAC setpoint; Reduce cooling or heating intensity
138.7,12.8,1022,70,5.8,0.0,0.0,100,1,345,990,0.35,4,8,5,15,0.3484848481328436,0,1775.36,0.0,896.0,5927.599999999999,0.8660254037844387,-0.4999999999999998,0.49999999999999994,-0.8660254037844387,1.0,2.83276944882399e-16,1.0,8.2,0.0,8.2,0.0,4.919999999999999,8.2,1180.7999999999997,2581,2570.203259930255,10.796740069744828,Very Low Error (<20%),1180.7999999999997,8.2,10.280813039721021,2056.162607944204,0.6852042190154857,HVAC Moderation,Adjust HVAC setpoint; Reduce cooling or heating intensity
96.5,12.8,1022,70,5.8,0.0,0.0,100,1,360,990,0.36,4,8,5,30,0.3636363632690542,0,1235.2,0.0,896.0,5927.599999999999,0.8660254037844387,-0.4999999999999998,0.49999999999999994,-0.8660254037844387,5.66553889764798e-16,-1.0,1.0,8.2,0.0,8.2,0.0,4.919999999999999,8.2,1180.7999999999997,2811,1973.352444994557,837.6475550054431,Low Error (20-50%),1180.7999999999997,8.2,7.893409779978228,1578.6819559956455,0.6256363567653517,HVAC Moderation,Adjust HVAC setpoint; Reduce cooling or heating intensity
80.6,12.8,1022,70,5.8,0.0,0.0,100,1,375,990,0.38,4,8,5,45,0.3787878784052648,0,1031.68,0.0,896.0,5927.599999999999,0.8660254037844387,-0.4999999999999998,0.49999999999999994,-0.8660254037844387,-1.0,-1.8369701987210297e-16,1.0,8.2,0.0,8.2,0.0,4.919999999999999,8.2,1180.7999999999997,1151,1582.0199580964193,431.01995809641926,Low Error (20-50%),1180.7999999999997,8.2,6.328079832385677,1265.6159664771353,0.5726105868345541,HVAC Moderation,Adjust HVAC setpoint; Reduce cooling or heating intensity
42.5,13.2,1022,68,5.6,0.0,0.0,97,1,390,990,0.39,4,9,5,0,0.39393939354147534,0,561.0,1.2750000000000012,897.5999999999999,5723.2,0.7071067811865476,-0.7071067811865475,0.49999999999999994,-0.8660254037844387,0.0,1.0,1.0,7.800000000000001,0.0,7.800000000000001,0.0,4.919999999999999,7.800000000000001,1132.8000000000002,344,946.1553041109138,602.1553041109138,High Error (>60%),1132.8000000000002,7.800000000000001,3.784621216443655,756.9242432887311,0.45511094047326606,HVAC Moderation,Adjust HVAC setpoint; Reduce cooling or heating intensity
45.3,13.2,1022,68,5.6,0.0,0.0,97,1,405,990,0.41,4,9,5,15,0.40909090867768594,0,597.9599999999999,1.359000000000001,897.5999999999999,5723.2,0.7071067811865476,-0.7071067811865475,0.49999999999999994,-0.8660254037844387,1.0,2.83276944882399e-16,1.0,7.800000000000001,0.0,7.800000000000001,0.0,4.680000000000001,7.800000000000001,1123.2,106,982.9276647171133,876.9276647171133,High Error (>60%),1123.2,7.800000000000001,3.9317106588684534,786.3421317736907,0.4666989948980311,HVAC Moderation,Adjust HVAC setpoint; Reduce cooling or heating intensity
38.8,13.2,1022,68,5.6,0.0,0.0,97,1,420,990,0.42,4,9,5,30,0.42424242381389654,0,512.16,1.164000000000001,897.5999999999999,5723.2,0.7071067811865476,-0.7071067811865475,0.49999999999999994,-0.8660254037844387,5.66553889764798e-16,-1.0,1.0,7.800000000000001,0.0,7.800000000000001,0.0,4.680000000000001,7.800000000000001,1123.2,268,881.1014085110459,613.1014085110459,High Error (>60%),1123.2,7.800000000000001,3.5244056340441836,704.8811268088367,0.43960524316848765,HVAC Moderation,Adjust HVAC setpoint; Reduce cooling or heating intensity
82.0,13.2,1022,68,5.6,0.0,0.0,97,1,435,990,0.44,4,9,5,45,0.43939393895010714,0,1082.3999999999999,2.460000000000002,897.5999999999999,5723.2,0.7071067811865476,-0.7071067811865475,0.49999999999999994,-0.8660254037844387,-1.0,-1.8369701987210297e-16,1.0,7.800000000000001,0.0,7.800000000000001,0.0,4.680000000000001,7.800000000000001,1123.2,251,1695.4163678634077,1444.4163678634077,High Error (>60%),1123.2,7.800000000000001,6.781665471453631,1356.3330942907262,0.6015066067849012,HVAC Moderation,Adjust HVAC setpoint; Reduce cooling or heating intensity
101.2,13.8,1021,61,6.4,0.0,0.0,100,1,450,990,0.45,4,10,5,0,0.45454545408631775,0,1396.5600000000002,0.0,841.8000000000001,6534.400000000001,0.49999999999999994,-0.8660254037844387,0.49999999999999994,-0.8660254037844387,0.0,1.0,1.0,7.199999999999999,0.0,7.199999999999999,0.0,4.680000000000001,7.199999999999999,1051.1999999999998,1575,1978.0461544348893,403.04615443488933,Low Error (20-50%),1051.1999999999998,7.199999999999999,7.912184617739557,1582.4369235479114,0.6529829709896634,HVAC Moderation,Adjust HVAC setpoint; Reduce cooling or heating intensity
66.6,13.8,1021,61,6.4,0.0,0.0,100,1,465,990,0.47,4,10,5,15,0.4696969692225283,0,919.0799999999999,0.0,841.8000000000001,6534.400000000001,0.49999999999999994,-0.8660254037844387,0.49999999999999994,-0.8660254037844387,1.0,2.83276944882399e-16,1.0,7.199999999999999,0.0,7.199999999999999,0.0,4.319999999999999,7.199999999999999,1036.8,3967,1330.4534953045138,2636.546504695486,High Error (>60%),1036.8,7.199999999999999,5.321813981218055,1064.362796243611,0.5620240913706395,HVAC Moderation,Adjust HVAC setpoint; Reduce cooling or heating intensity
52.5,13.8,1021,61,6.4,0.0,0.0,100,1,480,990,0.48,4,10,5,30,0.4848484843587389,0,724.5,0.0,841.8000000000001,6534.400000000001,0.49999999999999994,-0.8660254037844387,0.49999999999999994,-0.8660254037844387,5.66553889764798e-16,-1.0,1.0,7.199999999999999,0.0,7.199999999999999,0.0,4.319999999999999,7.199999999999999,1036.8,2288,1011.0471935195798,1276.9528064804203,Moderate Error (50-60%),1036.8,7.199999999999999,4.044188774078319,808.8377548156639,0.49371222434238754,HVAC Moderation,Adjust HVAC setpoint; Reduce cooling or heating intensity
54.1,13.8,1021,61,6.4,0.0,0.0,100,1,495,990,0.5,4,10,5,45,0.4999999994949495,0,746.58,0.0,841.8000000000001,6534.400000000001,0.49999999999999994,-0.8660254037844387,0.49999999999999994,-0.8660254037844387,-1.0,-1.8369701987210297e-16,1.0,7.199999999999999,0.0,7.199999999999999,0.0,4.319999999999999,7.199999999999999,1036.8,234,731.8112077047164,497.81120770471637,High Error (>60%),1036.8,7.199999999999999,2.9272448308188657,585.4489661637731,0.413777320930062,HVAC Moderation,Adjust HVAC setpoint; Reduce cooling or heating intensity
135.9,14.5,1021,60,5.6,0.13,0.0,100,1,510,990,0.52,5,11,5,0,0.51515151463116,0,1970.5500000000002,0.0,870.0,5717.599999999999,0.258819045102521,-0.9659258262890682,0.49999999999999994,-0.8660254037844387,0.0,1.0,1.0,6.5,0.0,6.5,0.0,4.319999999999999,6.5,952.8,2680,2174.6303045424215,505.3696954575785,Very Low Error (<20%),952.8,6.5,8.698521218169686,1739.7042436339373,0.6953409323586042,HVAC Moderation,Adjust HVAC setpoint; Reduce cooling or heating intensity
170.7,14.5,1021,60,5.6,0.13,0.0,100,1,525,990,0.53,5,11,5,15,0.5303030297673706,0,2475.1499999999996,0.0,870.0,5717.599999999999,0.258819045102521,-0.9659258262890682,0.49999999999999994,-0.8660254037844387,1.0,2.83276944882399e-16,1.0,6.5,0.0,6.5,0.0,3.9,6.5,936.0,3803,3061.140098456502,741.8599015434979,Very Low Error (<20%),936.0,6.5,12.244560393826008,2448.912078765202,0.7658325758641111,HVAC Moderation,Adjust HVAC setpoint; Reduce cooling or heating intensity
158.0,14.5,1021,60,5.6,0.13,0.0,100,1,540,990,0.55,5,11,5,30,0.5454545449035813,0,2291.0,0.0,870.0,5717.599999999999,0.258819045102521,-0.9659258262890682,0.49999999999999994,-0.8660254037844387,5.66553889764798e-16,-1.0,1.0,6.5,0.0,6.5,0.0,3.9,6.5,936.0,2945,2664.554849202269,280.445150797731,Very Low Error (<20%),936.0,6.5,10.658219396809075,2131.6438793618154,0.7400400660616465,HVAC Moderation,Adjust HVAC setpoint; Reduce cooling or heating intensity
131.9,14.5,1021,60,5.6,0.13,0.0,100,1,555,990,0.56,5,11,5,45,0.5606060600397919,0,1912.5500000000002,0.0,870.0,5717.599999999999,0.258819045102521,-0.9659258262890682,0.49999999999999994,-0.8660254037844387,-1.0,-1.8369701987210297e-16,1.0,6.5,0.0,6.5,0.0,3.9,6.5,936.0,2351,2045.9092438426467,305.0907561573533,Very Low Error (<20%),936.0,6.5,8.183636975370586,1636.7273950741173,0.6861071467487294,HVAC Moderation,Adjust HVAC setpoint; Reduce cooling or heating intensity
99.3,14.9,1022,74,6.5,0.72,0.0,100,1,570,990,0.58,5,12,5,0,0.5757575751760025,0,1479.57,0.0,1102.6000000000001,6643.0,1.2246467991473532e-16,-1.0,0.49999999999999994,-0.8660254037844387,0.0,1.0,1.0,6.1,0.0,6.1,0.0,3.9,6.1,888.0,1667,1125.1968493800152,541.8031506199848,Low Error (20-50%),888.0,6.1,4.500787397520061,900.1574795040121,0.5589104955969013,HVAC Moderation,Adjust HVAC setpoint; Reduce cooling or heating intensity
70.4,14.9,1022,74,6.5,0.72,0.0,100,1,585,990,0.59,5,12,5,15,0.5909090903122131,0,1048.96,0.0,1102.6000000000001,6643.0,1.2246467991473532e-16,-1.0,0.49999999999999994,-0.8660254037844387,1.0,2.83276944882399e-16,1.0,6.1,0.0,6.1,0.0,3.6599999999999997,6.1,878.4,234,686.1185059531916,452.11850595319163,High Error (>60%),878.4,6.1,2.7444740238127667,548.8948047625533,0.4385493063225997,HVAC Moderation,Adjust HVAC setpoint; Reduce cooling or heating intensity
85.6,14.9,1022,74,6.5,0.72,0.0,100,1,600,990,0.61,5,12,5,30,0.6060606054484237,0,1275.44,0.0,1102.6000000000001,6643.0,1.2246467991473532e-16,-1.0,0.49999999999999994,-0.8660254037844387,5.66553889764798e-16,-1.0,1.0,6.1,0.0,6.1,0.0,3.6599999999999997,6.1,878.4,317,977.1479456938529,660.1479456938529,High Error (>60%),878.4,6.1,3.9085917827754115,781.7183565550823,0.5266088367238901,HVAC Moderation,Adjust HVAC setpoint; Reduce cooling or heating intensity
128.6,14.9,1022,74,6.5,0.72,0.0,100,1,615,990,0.62,5,12,5,45,0.6212121205846343,0,1916.1399999999999,0.0,1102.6000000000001,6643.0,1.2246467991473532e-16,-1.0,0.49999999999999994,-0.8660254037844387,-1.0,-1.8369701987210297e-16,1.0,6.1,0.0,6.1,0.0,3.6599999999999997,6.1,878.4,2272,1834.1281865098815,437.8718134901185,Very Low Error (<20%),878.4,6.1,7.336512746039526,1467.3025492079053,0.6761692634035347,HVAC Moderation,Adjust HVAC setpoint; Reduce cooling or heating intensity
126.6,12.6,1022,63,6.3,0.0,0.0,97,1,630,990,0.64,4,13,5,0,0.6363636357208449,0,1595.1599999999999,3.798000000000003,793.8,6438.599999999999,-0.2588190451025208,-0.9659258262890683,0.49999999999999994,-0.8660254037844387,0.0,1.0,1.0,8.4,0.0,8.4,0.0,3.6599999999999997,8.4,1154.4,2194,2060.9349072708715,133.06509272912854,Very Low Error (<20%),1154.4,8.4,8.243739629083485,1648.7479258166973,0.6409705259534509,HVAC Moderation,Adjust HVAC setpoint; Reduce cooling or heating intensity
79.3,12.6,1022,63,6.3,0.0,0.0,97,1,645,990,0.65,4,13,5,15,0.6515151508570554,0,999.18,2.3790000000000022,793.8,6438.599999999999,-0.2588190451025208,-0.9659258262890683,0.49999999999999994,-0.8660254037844387,1.0,2.83276944882399e-16,1.0,8.4,0.0,8.4,0.0,5.04,8.4,1209.6,363,1141.5662997937363,778.5662997937363,High Error (>60%),1209.6,8.4,4.566265199174945,913.2530398349891,0.48553192490397296,HVAC Moderation,Adjust HVAC setpoint; Reduce cooling or heating intensity
45.5,12.6,1022,63,6.3,0.0,0.0,97,1,660,990,0.67,4,13,5,30,0.666666665993266,0,573.3,1.365000000000001,793.8,6438.599999999999,-0.2588190451025208,-0.9659258262890683,0.49999999999999994,-0.8660254037844387,5.66553889764798e-16,-1.0,1.0,8.4,0.0,8.4,0.0,5.04,8.4,1209.6,130,646.8309695969256,516.8309695969256,High Error (>60%),1209.6,8.4,2.587323878387702,517.4647756775405,0.34842715934056007,HVAC Moderation,Adjust HVAC setpoint; Reduce cooling or heating intensity
43.5,12.6,1022,63,6.3,0.0,0.0,97,1,675,990,0.68,4,13,5,45,0.6818181811294766,0,548.1,1.305000000000001,793.8,6438.599999999999,-0.2588190451025208,-0.9659258262890683,0.49999999999999994,-0.8660254037844387,-1.0,-1.8369701987210297e-16,1.0,8.4,0.0,8.4,0.0,5.04,8.4,1209.6,164,600.9733544483826,436.97335444838257,High Error (>60%),1209.6,8.4,2.40389341779353,480.77868355870606,0.331924333604011,HVAC Moderation,Adjust HVAC setpoint; Reduce cooling or heating intensity
64.8,11.9,1022,56,5.3,0.0,0.0,97,1,690,990,0.7,4,14,5,0,0.6969696962656872,0,771.12,1.9440000000000017,666.4,5416.599999999999,-0.4999999999999997,-0.8660254037844388,0.49999999999999994,-0.8660254037844387,0.0,1.0,1.0,9.1,0.0,9.1,0.0,5.04,9.1,1293.6,736,936.7413530202596,200.74135302025957,Low Error (20-50%),1293.6,9.1,3.746965412081038,749.3930824162077,0.41999909625123266,HVAC Moderation,Adjust HVAC setpoint; Reduce cooling or heating intensity
70.8,11.9,1022,56,5.3,0.0,0.0,97,1,705,990,0.71,4,14,5,15,0.7121212114018978,0,842.52,2.124000000000002,666.4,5416.599999999999,-0.4999999999999997,-0.8660254037844388,0.49999999999999994,-0.8660254037844387,1.0,2.83276944882399e-16,1.0,9.1,0.0,9.1,0.0,5.46,9.1,1310.4,1007,1031.8835875144719,24.883587514471856,Very Low Error (<20%),1310.4,9.1,4.127534350057887,825.5068700115775,0.44054596658336975,HVAC Moderation,Adjust HVAC setpoint; Reduce cooling or heating intensity
59.3,11.9,1022,56,5.3,0.0,0.0,97,1,720,990,0.73,4,14,5,30,0.7272727265381084,0,705.67,1.7790000000000015,666.4,5416.599999999999,-0.4999999999999997,-0.8660254037844388,0.49999999999999994,-0.8660254037844387,5.66553889764798e-16,-1.0,1.0,9.1,0.0,9.1,0.0,5.46,9.1,1310.4,414,820.6042703569027,406.6042703569027,High Error (>60%),1310.4,9.1,3.282417081427611,656.4834162855221,0.3850786605107968,HVAC Moderation,Adjust HVAC setpoint; Reduce cooling or heating intensity
49.6,11.9,1022,56,5.3,0.0,0.0,97,1,735,990,0.74,4,14,5,45,0.742424241674319,0,590.24,1.4880000000000013,666.4,5416.599999999999,-0.4999999999999997,-0.8660254037844388,0.49999999999999994,-0.8660254037844387,-1.0,-1.8369701987210297e-16,1.0,9.1,0.0,9.1,0.0,5.46,9.1,1310.4,773,720.3386765077613,52.661323492238694,Very Low Error (<20%),1310.4,9.1,2.881354706031045,576.270941206209,0.3547175638530715,HVAC Moderation,Adjust HVAC setpoint; Reduce cooling or heating intensity
53.3,12.6,1021,63,4.8,0.0,0.0,97,1,750,990,0.76,4,15,5,0,0.7575757568105296,0,671.5799999999999,1.5990000000000013,793.8,4900.8,-0.7071067811865471,-0.7071067811865479,0.49999999999999994,-0.8660254037844387,0.0,1.0,1.0,8.4,0.0,8.4,0.0,5.46,8.4,1226.4,728,762.375555657372,34.37555565737205,Very Low Error (<20%),1226.4,8.4,3.049502222629488,609.9004445258977,0.383339162182148,HVAC Moderation,Adjust HVAC setpoint; Reduce cooling or heating intensity
64.0,12.6,1021,63,4.8,0.0,0.0,97,1,765,990,0.77,4,15,5,15,0.7727272719467402,0,806.4,1.9200000000000017,793.8,4900.8,-0.7071067811865471,-0.7071067811865479,0.49999999999999994,-0.8660254037844387,1.0,2.83276944882399e-16,1.0,8.4,0.0,8.4,0.0,5.04,8.4,1209.6,704,891.6838622026352,187.68386220263517,Low Error (20-50%),1209.6,8.4,3.5667354488105407,713.3470897621081,0.4243519297024395,HVAC Moderation,Adjust HVAC setpoint; Reduce cooling or heating intensity
35.0,12.6,1021,63,4.8,0.0,0.0,97,1,780,990,0.79,4,15,5,30,0.7878787870829507,0,441.0,1.050000000000001,793.8,4900.8,-0.7071067811865471,-0.7071067811865479,0.49999999999999994,-0.8660254037844387,5.66553889764798e-16,-1.0,1.0,8.4,0.0,8.4,0.0,5.04,8.4,1209.6,82,508.7485933349562,426.7485933349562,High Error (>60%),1209.6,8.4,2.0349943733398246,406.99887466796497,0.29606832688791795,HVAC Moderation,Adjust HVAC setpoint; Reduce cooling or heating intensity
16.8,12.6,1021,63,4.8,0.0,0.0,97,1,795,990,0.8,4,15,5,45,0.8030303022191613,0,211.68,0.5040000000000004,793.8,4900.8,-0.7071067811865471,-0.7071067811865479,0.49999999999999994,-0.8660254037844387,-1.0,-1.8369701987210297e-16,1.0,8.4,0.0,8.4,0.0,5.04,8.4,1209.6,64,303.21275476879015,239.21275476879015,High Error (>60%),1209.6,8.4,1.2128510190751607,242.57020381503213,0.20042979781374312,HVAC Moderation,Adjust HVAC setpoint; Reduce cooling or heating intensity
19.9,10.3,1021,71,4.0,0.0,0.0,99,1,810,990,0.82,4,16,5,0,0.8181818173553719,0,204.97,0.19900000000000015,731.3000000000001,4084.0,-0.8660254037844384,-0.5000000000000004,0.49999999999999994,-0.8660254037844387,0.0,1.0,1.0,10.7,0.0,10.7,0.0,5.04,10.7,1485.6,165,281.3716720268507,116.37167202685072,High Error (>60%),1485.6,10.7,1.1254866881074028,225.09733762148056,0.1592394922465602,HVAC Moderation,Adjust HVAC setpoint; Reduce cooling or heating intensity
45.0,10.3,1021,71,4.0,0.0,0.0,99,1,825,990,0.83,4,16,5,15,0.8333333324915825,0,463.50000000000006,0.4500000000000004,731.3000000000001,4084.0,-0.8660254037844384,-0.5000000000000004,0.49999999999999994,-0.8660254037844387,1.0,2.83276944882399e-16,1.0,10.7,0.0,10.7,0.0,6.419999999999999,10.7,1540.8,685,452.7889729228289,232.21102707717108,Low Error (20-50%),1540.8,10.7,1.8111558916913157,362.23117833826313,0.22712253069491356,HVAC Moderation,Adjust HVAC setpoint; Reduce cooling or heating intensity
36.0,10.3,1021,71,4.0,0.0,0.0,99,1,840,990,0.85,4,16,5,30,0.8484848476277931,0,370.8,0.3600000000000003,731.3000000000001,4084.0,-0.8660254037844384,-0.5000000000000004,0.49999999999999994,-0.8660254037844387,5.66553889764798e-16,-1.0,1.0,10.7,0.0,10.7,0.0,6.419999999999999,10.7,1540.8,245,382.49915284818246,137.49915284818246,Moderate Error (50-60%),1540.8,10.7,1.52999661139273,305.99932227854595,0.19887657730357186,HVAC Moderation,Adjust HVAC setpoint; Reduce cooling or heating intensity
21.5,10.3,1021,71,4.0,0.0,0.0,99,1,855,990,0.86,4,16,5,45,0.8636363627640037,0,221.45000000000002,0.2150000000000002,731.3000000000001,4084.0,-0.8660254037844384,-0.5000000000000004,0.49999999999999994,-0.8660254037844387,-1.0,-1.8369701987210297e-16,1.0,10.7,0.0,10.7,0.0,6.419999999999999,10.7,1540.8,67,238.23654091496428,171.23654091496428,High Error (>60%),1540.8,10.7,0.9529461636598571,190.58923273197144,0.1339132363512473,HVAC Moderation,Adjust HVAC setpoint; Reduce cooling or heating intensity
21.0,10.5,1022,74,3.9,0.0,0.0,96,1,870,990,0.88,4,17,5,0,0.8787878779002143,0,220.5,0.8400000000000007,777.0,3985.7999999999997,-0.9659258262890683,-0.25881904510252063,0.49999999999999994,-0.8660254037844387,0.0,1.0,1.0,10.5,0.0,10.5,0.0,6.419999999999999,10.5,1516.8,75,198.4221202393062,123.4221202393062,High Error (>60%),1516.8,10.5,0.7936884809572248,158.73769619144497,0.11568304640097545,HVAC Moderation,Adjust HVAC setpoint; Reduce cooling or heating intensity
19.2,10.5,1022,74,3.9,0.0,0.0,96,1,885,990,0.89,4,17,5,15,0.8939393930364249,0,201.6,0.7680000000000007,777.0,3985.7999999999997,-0.9659258262890683,-0.25881904510252063,0.49999999999999994,-0.8660254037844387,1.0,2.83276944882399e-16,1.0,10.5,0.0,10.5,0.0,6.3,10.5,1512.0,97,175.167011794126,78.16701179412601,High Error (>60%),1512.0,10.5,0.700668047176504,140.1336094353008,0.10382316063898796,HVAC Moderation,Adjust HVAC setpoint; Reduce cooling or heating intensity
11.2,10.5,1022,74,3.9,0.0,0.0,96,1,900,990,0.91,4,17,5,30,0.9090909081726355,0,117.6,0.44800000000000034,777.0,3985.7999999999997,-0.9659258262890683,-0.25881904510252063,0.49999999999999994,-0.8660254037844387,5.66553889764798e-16,-1.0,1.0,10.5,0.0,10.5,0.0,6.3,10.5,1512.0,162,76.63098206198674,85.36901793801326,Moderate Error (50-60%),1512.0,10.5,0.30652392824794694,61.30478564958939,0.04823711917936116,HVAC Moderation,Adjust HVAC setpoint; Reduce cooling or heating intensity
14.3,10.5,1022,74,3.9,0.0,0.0,96,1,915,990,0.92,4,17,5,45,0.924242423308846,0,150.15,0.5720000000000005,777.0,3985.7999999999997,-0.9659258262890683,-0.25881904510252063,0.49999999999999994,-0.8660254037844387,-1.0,-1.8369701987210297e-16,1.0,10.5,0.0,10.5,0.0,6.3,10.5,1512.0,69,91.61418306424953,22.61418306424953,Low Error (20-50%),1512.0,10.5,0.3664567322569981,73.29134645139962,0.05712981587133365,HVAC Moderation,Adjust HVAC setpoint; Reduce cooling or heating intensity
10.9,10.4,1022,78,2.7,0.0,0.0,98,1,930,990,0.94,4,18,5,0,0.9393939384450566,0,113.36000000000001,0.2180000000000002,811.2,2759.4,-1.0,-1.8369701987210297e-16,0.49999999999999994,-0.8660254037844387,0.0,1.0,1.0,10.6,0.0,10.6,0.0,6.3,10.6,1524.0,17,67.3548627244324,50.354862724432394,High Error (>60%),1524.0,10.6,0.26941945089772956,53.883890179545915,0.04232548268133859,HVAC Moderation,Adjust HVAC setpoint; Reduce cooling or heating intensity
8.7,10.4,1022,78,2.7,0.0,0.0,98,1,945,990,0.95,4,18,5,15,0.9545454535812672,0,90.47999999999999,0.17400000000000013,811.2,2759.4,-1.0,-1.8369701987210297e-16,0.49999999999999994,-0.8660254037844387,1.0,2.83276944882399e-16,1.0,10.6,0.0,10.6,0.0,6.359999999999999,10.6,1526.4,5,60.58372283192775,55.58372283192775,High Error (>60%),1526.4,10.6,0.242334891327711,48.4669782655422,0.03817539015815638,HVAC Moderation,Adjust HVAC setpoint; Reduce cooling or heating intensity
5.0,10.4,1022,78,2.7,0.0,0.0,98,1,960,990,0.97,4,18,5,30,0.9696969687174778,0,52.0,0.10000000000000009,811.2,2759.4,-1.0,-1.8369701987210297e-16,0.49999999999999994,-0.8660254037844387,5.66553889764798e-16,-1.0,1.0,10.6,0.0,10.6,0.0,6.359999999999999,10.6,1526.4,0,40.54203032956793,40.54203032956793,Zero-Actual / Undefined % Error,1526.4,10.6,0.1621681213182717,32.433624263654345,0.02587334407972167,HVAC Moderation,Adjust HVAC setpoint; Reduce cooling or heating intensity
1.4,10.4,1022,78,2.7,0.0,0.0,98,1,975,990,0.98,4,18,5,45,0.9848484838536884,0,14.559999999999999,0.02800000000000002,811.2,2759.4,-1.0,-1.8369701987210297e-16,0.49999999999999994,-0.8660254037844387,-1.0,-1.8369701987210297e-16,1.0,10.6,0.0,10.6,0.0,6.359999999999999,10.6,1526.4,0,5.310295451979687,5.310295451979687,Zero-Actual / Undefined % Error,1526.4,10.6,0.02124118180791875,4.24823636158375,0.0034669058922436827,HVAC Moderation,Adjust HVAC setpoint; Reduce cooling or heating intensity
0.0,10.3,1022,84,2.0,0.53,0.0,98,1,990,990,1.0,5,19,5,0,0.999999998989899,0,0.0,0.0,865.2,2044.0,-0.9659258262890684,0.2588190451025203,0.49999999999999994,-0.8660254037844387,0.0,1.0,1.0,10.7,0.0,10.7,0.0,6.359999999999999,10.7,1538.4,0,-11.569901030927872,11.569901030927872,Zero-Actual / Undefined % Error,1538.4,10.7,-0.04627960412371149,-9.255920824742297,-0.007577726579507591,HVAC Moderation,Adjust HVAC setpoint; Reduce cooling or heating intensity
0.0,10.3,1022,84,2.0,0.53,0.0,98,0,0,990,0.0,5,19,5,15,0.0,1,0.0,0.0,865.2,2044.0,-0.9659258262890684,0.2588190451025203,0.49999999999999994,-0.8660254037844387,1.0,2.83276944882399e-16,1.0,10.7,0.0,10.7,0.0,6.419999999999999,10.7,1540.8,0,0.35462058929546453,0.35462058929546453,Zero-Actual / Undefined % Error,1540.8,10.7,0.001418482357181858,0.2836964714363716,0.0002301005910294495,HVAC Moderation,Adjust HVAC setpoint; Reduce cooling or heating intensity
0.0,10.3,1022,84,2.0,0.53,0.0,98,0,0,990,0.0,5,19,5,30,0.0,1,0.0,0.0,865.2,2044.0,-0.9659258262890684,0.2588190451025203,0.49999999999999994,-0.8660254037844387,5.66553889764798e-16,-1.0,1.0,10.7,0.0,10.7,0.0,6.419999999999999,10.7,1540.8,0,0.7695247505582758,0.7695247505582758,Zero-Actual / Undefined % Error,1540.8,10.7,0.0030780990022331034,0.6156198004466207,0.000499182643211379,HVAC Moderation,Adjust HVAC setpoint; Reduce cooling or heating intensity
0.0,10.3,1022,84,2.0,0.53,0.0,98,0,0,990,0.0,5,19,5,45,0.0,1,0.0,0.0,865.2,2044.0,-0.9659258262890684,0.2588190451025203,0.49999999999999994,-0.8660254037844387,-1.0,-1.8369701987210297e-16,1.0,10.7,0.0,10.7,0.0,6.419999999999999,10.7,1540.8,0,0.3738746957584475,0.3738746957584475,Zero-Actual / Undefined % Error,1540.8,10.7,0.00149549878303379,0.299099756606758,0.0002425908598987008,HVAC Moderation,Adjust HVAC setpoint; Reduce cooling or heating intensity
0.0,10.3,1022,86,2.4,0.25,0.0,100,0,0,990,0.0,5,20,5,0,0.0,1,0.0,0.0,885.8000000000001,2452.7999999999997,-0.8660254037844386,0.5000000000000001,0.49999999999999994,-0.8660254037844387,0.0,1.0,1.0,10.7,0.0,10.7,0.0,6.419999999999999,10.7,1540.8,0,5.233280274443327,5.233280274443327,Zero-Actual / Undefined % Error,1540.8,10.7,0.02093312109777331,4.186624219554662,0.0033849725861848016,HVAC Moderation,Adjust HVAC setpoint; Reduce cooling or heating intensity
0.0,10.3,1022,86,2.4,0.25,0.0,100,0,0,990,0.0,5,20,5,15,0.0,1,0.0,0.0,885.8000000000001,2452.7999999999997,-0.8660254037844386,0.5000000000000001,0.49999999999999994,-0.8660254037844387,1.0,2.83276944882399e-16,1.0,10.7,0.0,10.7,0.0,6.419999999999999,10.7,1540.8,0,4.625115180146263,4.625115180146263,Zero-Actual / Undefined % Error,1540.8,10.7,0.018500460720585053,3.7000921441170105,0.0029927785770547327,HVAC Moderation,Adjust HVAC setpoint; Reduce cooling or heating intensity
0.0,10.3,1022,86,2.4,0.25,0.0,100,0,0,990,0.0,5,20,5,30,0.0,1,0.0,0.0,885.8000000000001,2452.7999999999997,-0.8660254037844386,0.5000000000000001,0.49999999999999994,-0.8660254037844387,5.66553889764798e-16,-1.0,1.0,10.7,0.0,10.7,0.0,6.419999999999999,10.7,1540.8,0,5.077283083211773,5.077283083211773,Zero-Actual / Undefined % Error,1540.8,10.7,0.02030913233284709,4.061826466569419,0.003284402413754902,HVAC Moderation,Adjust HVAC setpoint; Reduce cooling or heating intensity
0.0,10.3,1022,86,2.4,0.25,0.0,100,0,0,990,0.0,5,20,5,45,0.0,1,0.0,0.0,885.8000000000001,2452.7999999999997,-0.8660254037844386,0.5000000000000001,0.49999999999999994,-0.8660254037844387,-1.0,-1.8369701987210297e-16,1.0,10.7,0.0,10.7,0.0,6.419999999999999,10.7,1540.8,0,4.773561148372475,4.773561148372475,Zero-Actual / Undefined % Error,1540.8,10.7,0.0190942445934899,3.81884891869798,0.0030885370099998006,HVAC Moderation,Adjust HVAC setpoint; Reduce cooling or heating intensity
0.0,9.8,1022,90,3.1,0.12,0.0,89,0,0,990,0.0,5,21,5,0,0.0,1,0.0,0.0,882.0000000000001,3168.2000000000003,-0.7071067811865477,0.7071067811865474,0.49999999999999994,-0.8660254037844387,0.0,1.0,1.0,11.2,0.0,11.2,0.0,6.419999999999999,11.2,1600.8,0,4.479125596571068,4.479125596571068,Zero-Actual / Undefined % Error,1600.8,11.2,0.017916502386284273,3.5833004772568544,0.002790247205211891,HVAC Moderation,Adjust HVAC setpoint; Reduce cooling or heating intensity
0.0,9.8,1022,90,3.1,0.12,0.0,89,0,0,990,0.0,5,21,5,15,0.0,1,0.0,0.0,882.0000000000001,3168.2000000000003,-0.7071067811865477,0.7071067811865474,0.49999999999999994,-0.8660254037844387,1.0,2.83276944882399e-16,1.0,11.2,0.0,11.2,0.0,6.72,11.2,1612.8,0,4.229247511835231,4.229247511835231,Zero-Actual / Undefined % Error,1612.8,11.2,0.016916990047340923,3.383398009468185,0.00261544280397367,HVAC Moderation,Adjust HVAC setpoint; Reduce cooling or heating intensity
0.0,9.8,1022,90,3.1,0.12,0.0,89,0,0,990,0.0,5,21,5,30,0.0,1,0.0,0.0,882.0000000000001,3168.2000000000003,-0.7071067811865477,0.7071067811865474,0.49999999999999994,-0.8660254037844387,5.66553889764798e-16,-1.0,1.0,11.2,0.0,11.2,0.0,6.72,11.2,1612.8,0,4.364507402009283,4.364507402009283,Zero-Actual / Undefined % Error,1612.8,11.2,0.017458029608037134,3.4916059216074267,0.0026988642029511537,HVAC Moderation,Adjust HVAC setpoint; Reduce cooling or heating intensity
0.0,9.8,1022,90,3.1,0.12,0.0,89,0,0,990,0.0,5,21,5,45,0.0,1,0.0,0.0,882.0000000000001,3168.2000000000003,-0.7071067811865477,0.7071067811865474,0.49999999999999994,-0.8660254037844387,-1.0,-1.8369701987210297e-16,1.0,11.2,0.0,11.2,0.0,6.72,11.2,1612.8,0,3.9643245001299268,3.9643245001299268,Zero-Actual / Undefined % Error,1612.8,11.2,0.015857298000519708,3.1714596001039412,0.002452011364676544,HVAC Moderation,Adjust HVAC setpoint; Reduce cooling or heating intensity
0.0,9.8,1022,92,3.0,0.15,0.0,76,0,0,990,0.0,5,22,5,0,0.0,1,0.0,0.0,901.6,3066.0,-0.5000000000000004,0.8660254037844384,0.49999999999999994,-0.8660254037844387,0.0,1.0,1.0,11.2,0.0,11.2,0.0,6.72,11.2,1612.8,0,10.078999927780776,10.078999927780776,Zero-Actual / Undefined % Error,1612.8,11.2,0.0403159997111231,8.063199942224621,0.006210567714548485,HVAC Moderation,Adjust HVAC setpoint; Reduce cooling or heating intensity
0.0,9.8,1022,92,3.0,0.15,0.0,76,0,0,990,0.0,5,22,5,15,0.0,1,0.0,0.0,901.6,3066.0,-0.5000000000000004,0.8660254037844384,0.49999999999999994,-0.8660254037844387,1.0,2.83276944882399e-16,1.0,11.2,0.0,11.2,0.0,6.72,11.2,1612.8,0,9.88879692744239,9.88879692744239,Zero-Actual / Undefined % Error,1612.8,11.2,0.03955518770976956,7.911037541953912,0.006094080972317504,HVAC Moderation,Adjust HVAC setpoint; Reduce cooling or heating intensity
0.0,9.8,1022,92,3.0,0.15,0.0,76,0,0,990,0.0,5,22,5,30,0.0,1,0.0,0.0,901.6,3066.0,-0.5000000000000004,0.8660254037844384,0.49999999999999994,-0.8660254037844387,5.66553889764798e-16,-1.0,1.0,11.2,0.0,11.2,0.0,6.72,11.2,1612.8,0,10.002585727047547,10.002585727047547,Zero-Actual / Undefined % Error,1612.8,11.2,0.04001034290819019,8.002068581638039,0.006163772358301007,HVAC Moderation,Adjust HVAC setpoint; Reduce cooling or heating intensity
0.0,9.8,1022,92,3.0,0.15,0.0,76,0,0,990,0.0,5,22,5,45,0.0,1,0.0,0.0,901.6,3066.0,-0.5000000000000004,0.8660254037844384,0.49999999999999994,-0.8660254037844387,-1.0,-1.8369701987210297e-16,1.0,11.2,0.0,11.2,0.0,6.72,11.2,1612.8,0,9.763621715868089,9.763621715868089,Zero-Actual / Undefined % Error,1612.8,11.2,0.039054486863472355,7.8108973726944715,0.006017404543758729,HVAC Moderation,Adjust HVAC setpoint; Reduce cooling or heating intensity
0.0,9.8,1022,92,3.2,0.0,0.0,97,0,0,990,0.0,4,23,5,0,0.0,1,0.0,0.0,901.6,3270.4,-0.25881904510252157,0.9659258262890681,0.49999999999999994,-0.8660254037844387,0.0,1.0,0.6,11.2,0.0,6.72,0.0,6.72,11.2,1075.2,0,4.5846923873292935,4.5846923873292935,Zero-Actual / Undefined % Error,1075.2,11.2,0.018338769549317173,3.6677539098634346,0.004245932004228475,HVAC Moderation,Adjust HVAC setpoint; Reduce cooling or heating intensity
0.0,9.8,1022,92,3.2,0.0,0.0,97,0,0,990,0.0,4,23,5,15,0.0,1,0.0,0.0,901.6,3270.4,-0.25881904510252157,0.9659258262890681,0.49999999999999994,-0.8660254037844387,1.0,2.83276944882399e-16,0.6,11.2,0.0,6.72,0.0,4.032,11.2,967.68,0,4.29796632002081,4.29796632002081,Zero-Actual / Undefined % Error,967.68,11.2,0.01719186528008324,3.4383730560166477,0.0044218762816932424,HVAC Moderation,Adjust HVAC setpoint; Reduce cooling or heating intensity
0.0,9.8,1022,92,3.2,0.0,0.0,97,0,0,990,0.0,4,23,5,30,0.0,1,0.0,0.0,901.6,3270.4,-0.25881904510252157,0.9659258262890681,0.49999999999999994,-0.8660254037844387,5.66553889764798e-16,-1.0,0.6,11.2,0.0,6.72,0.0,4.032,11.2,967.68,0,4.606460303174823,4.606460303174823,Zero-Actual / Undefined % Error,967.68,11.2,0.018425841212699294,3.6851682425398584,0.004737760409623202,HVAC Moderation,Adjust HVAC setpoint; Reduce cooling or heating intensity
0.0,9.8,1022,92,3.2,0.0,0.0,97,0,0,990,0.0,4,23,5,45,0.0,1,0.0,0.0,901.6,3270.4,-0.25881904510252157,0.9659258262890681,0.49999999999999994,-0.8660254037844387,-1.0,-1.8369701987210297e-16,0.6,11.2,0.0,6.72,0.0,4.032,11.2,967.68,0,4.1711426257945465,4.1711426257945465,Zero-Actual / Undefined % Error,967.68,11.2,0.016684570503178186,3.3369141006356373,0.004291956286878251,HVAC Moderation,Adjust HVAC setpoint; Reduce cooling or heating intensity
0.0,9.8,1022,91,3.5,0.0,0.0,99,0,0,990,0.0,4,0,5,0,0.0,1,0.0,0.0,891.8000000000001,3577.0,0.0,1.0,0.49999999999999994,-0.8660254037844387,0.0,1.0,0.6,11.2,0.0,6.72,0.0,4.032,11.2,967.68,0,3.842089489061029,3.842089489061029,Zero-Actual / Undefined % Error,967.68,11.2,0.015368357956244116,3.0736715912488233,0.003954711402523986,HVAC Moderation,Adjust HVAC setpoint; Reduce cooling or heating intensity
0.0,9.8,1022,91,3.5,0.0,0.0,99,0,0,990,0.0,4,0,5,15,0.0,1,0.0,0.0,891.8000000000001,3577.0,0.0,1.0,0.49999999999999994,-0.8660254037844387,1.0,2.83276944882399e-16,0.6,11.2,0.0,6.72,0.0,4.032,11.2,967.68,0,3.7962995553736008,3.7962995553736008,Zero-Actual / Undefined % Error,967.68,11.2,0.015185198221494403,3.0370396442988805,0.003907763424803397,HVAC Moderation,Adjust HVAC setpoint; Reduce cooling or heating intensity
0.0,9.8,1022,91,3.5,0.0,0.0,99,0,0,990,0.0,4,0,5,30,0.0,1,0.0,0.0,891.8000000000001,3577.0,0.0,1.0,0.49999999999999994,-0.8660254037844387,5.66553889764798e-16,-1.0,0.6,11.2,0.0,6.72,0.0,4.032,11.2,967.68,0,4.408236077178598,4.408236077178598,Zero-Actual / Undefined % Error,967.68,11.2,0.017632944308714392,3.5265888617428787,0.004534810636566327,HVAC Moderation,Adjust HVAC setpoint; Reduce cooling or heating intensity
0.0,9.8,1022,91,3.5,0.0,0.0,99,0,0,990,0.0,4,0,5,45,0.0,1,0.0,0.0,891.8000000000001,3577.0,0.0,1.0,0.49999999999999994,-0.8660254037844387,-1.0,-1.8369701987210297e-16,0.6,11.2,0.0,6.72,0.0,4.032,11.2,967.68,0,3.925846002711263,3.925846002711263,Zero-Actual / Undefined % Error,967.68,11.2,0.01570338401084505,3.1406768021690104,0.004040574698909061,HVAC Moderation,Adjust HVAC setpoint; Reduce cooling or heating intensity
0.0,9.8,1022,92,3.9,0.0,0.0,99,0,0,990,0.0,4,1,5,0,0.0,1,0.0,0.0,901.6,3985.7999999999997,0.25881904510252074,0.9659258262890683,0.49999999999999994,-0.8660254037844387,0.0,1.0,0.6,11.2,0.0,6.72,0.0,4.032,11.2,967.68,0,5.867477051963311,5.867477051963311,Zero-Actual / Undefined % Error,967.68,11.2,0.023469908207853243,4.693981641570649,0.0060269038585605925,HVAC Moderation,Adjust HVAC setpoint; Reduce cooling or heating intensity
0.0,9.8,1022,92,3.9,0.0,0.0,99,0,0,990,0.0,4,1,5,15,0.0,1,0.0,0.0,901.6,3985.7999999999997,0.25881904510252074,0.9659258262890683,0.49999999999999994,-0.8660254037844387,1.0,2.83276944882399e-16,0.6,11.2,0.0,6.72,0.0,4.032,11.2,967.68,0,5.8813622026733325,5.8813622026733325,Zero-Actual / Undefined % Error,967.68,11.2,0.02352544881069333,4.705089762138666,0.0060410801259878745,HVAC Moderation,Adjust HVAC setpoint; Reduce cooling or heating intensity
0.0,9.8,1022,92,3.9,0.0,0.0,99,0,0,990,0.0,4,1,5,30,0.0,1,0.0,0.0,901.6,3985.7999999999997,0.25881904510252074,0.9659258262890683,0.49999999999999994,-0.8660254037844387,5.66553889764798e-16,-1.0,0.6,11.2,0.0,6.72,0.0,4.032,11.2,967.68,0,6.49329872447833,6.49329872447833,Zero-Actual / Undefined % Error,967.68,11.2,0.02597319489791332,5.194638979582664,0.006665445179327749,HVAC Moderation,Adjust HVAC setpoint; Reduce cooling or heating intensity
0.0,9.8,1022,92,3.9,0.0,0.0,99,0,0,990,0.0,4,1,5,45,0.0,1,0.0,0.0,901.6,3985.7999999999997,0.25881904510252074,0.9659258262890683,0.49999999999999994,-0.8660254037844387,-1.0,-1.8369701987210297e-16,0.6,11.2,0.0,6.72,0.0,4.032,11.2,967.68,0,6.147555880751179,6.147555880751179,Zero-Actual / Undefined % Error,967.68,11.2,0.024590223523004717,4.918044704600943,0.006312776669046316,HVAC Moderation,Adjust HVAC setpoint; Reduce cooling or heating intensity
0.0,9.2,1022,91,4.2,0.0,0.0,100,0,0,990,0.0,4,2,5,0,0.0,1,0.0,0.0,837.1999999999999,4292.400000000001,0.49999999999999994,0.8660254037844387,0.49999999999999994,-0.8660254037844387,0.0,1.0,0.6,11.8,0.0,7.08,0.0,4.032,11.8,1010.88,0,7.442031010404499,7.442031010404499,Zero-Actual / Undefined % Error,1010.88,11.8,0.029768124041617994,5.953624808323599,0.007308131196682643,HVAC Moderation,Adjust HVAC setpoint; Reduce cooling or heating intensity
0.0,9.2,1022,91,4.2,0.0,0.0,100,0,0,990,0.0,4,2,5,15,0.0,1,0.0,0.0,837.1999999999999,4292.400000000001,0.49999999999999994,0.8660254037844387,0.49999999999999994,-0.8660254037844387,1.0,2.83276944882399e-16,0.6,11.8,0.0,7.08,0.0,4.248,11.8,1019.52,0,7.375674123551624,7.375674123551624,Zero-Actual / Undefined % Error,1019.52,11.8,0.029502696494206497,5.9005392988412995,0.007182496043392349,HVAC Moderation,Adjust HVAC setpoint; Reduce cooling or heating intensity
0.0,9.2,1022,91,4.2,0.0,0.0,100,0,0,990,0.0,4,2,5,30,0.0,1,0.0,0.0,837.1999999999999,4292.400000000001,0.49999999999999994,0.8660254037844387,0.49999999999999994,-0.8660254037844387,5.66553889764798e-16,-1.0,0.6,11.8,0.0,7.08,0.0,4.248,11.8,1019.52,0,8.005029694249199,8.005029694249199,Zero-Actual / Undefined % Error,1019.52,11.8,0.032020118776996793,6.4040237553993595,0.007790593372543523,HVAC Moderation,Adjust HVAC setpoint; Reduce cooling or heating intensity
0.5,9.2,1022,91,4.2,0.0,0.0,100,1,15,990,0.02,4,2,5,45,0.01515151513621059,0,4.6,0.0,837.1999999999999,4292.400000000001,0.49999999999999994,0.8660254037844387,0.49999999999999994,-0.8660254037844387,-1.0,-1.8369701987210297e-16,0.6,11.8,0.0,7.08,0.0,4.248,11.8,1019.52,0,8.155241101687436,8.155241101687436,Zero-Actual / Undefined % Error,1019.52,11.8,0.03262096440674974,6.524192881349949,0.007935620872805343,HVAC Moderation,Adjust HVAC setpoint; Reduce cooling or heating intensity
3.4,9.1,1022,91,4.2,0.11,0.0,99,1,30,990,0.03,5,3,5,0,0.03030303027242118,0,30.939999999999998,0.03400000000000003,828.1,4292.400000000001,0.7071067811865475,0.7071067811865476,0.49999999999999994,-0.8660254037844387,0.0,1.0,0.6,11.9,0.0,7.14,0.0,4.248,11.9,1026.72,0,12.012362754410901,12.012362754410901,Zero-Actual / Undefined % Error,1026.72,11.9,0.0480494510176436,9.609890203528721,0.011564444484037468,HVAC Moderation,Adjust HVAC setpoint; Reduce cooling or heating intensity
8.2,9.1,1022,91,4.2,0.11,0.0,99,1,45,990,0.05,5,3,5,15,0.04545454540863177,0,74.61999999999999,0.08200000000000006,828.1,4292.400000000001,0.7071067811865475,0.7071067811865476,0.49999999999999994,-0.8660254037844387,1.0,2.83276944882399e-16,0.6,11.9,0.0,7.14,0.0,4.284,11.9,1028.1599999999999,0,55.56069241152223,55.56069241152223,Zero-Actual / Undefined % Error,1028.1599999999999,11.9,0.22224276964608894,44.44855392921779,0.051268461282785636,HVAC Moderation,Adjust HVAC setpoint; Reduce cooling or heating intensity
14.1,9.1,1022,91,4.2,0.11,0.0,99,1,60,990,0.06,5,3,5,30,0.06060606054484236,0,128.31,0.14100000000000013,828.1,4292.400000000001,0.7071067811865475,0.7071067811865476,0.49999999999999994,-0.8660254037844387,5.66553889764798e-16,-1.0,0.6,11.9,0.0,7.14,0.0,4.284,11.9,1028.1599999999999,0,99.49935480253424,99.49935480253424,Zero-Actual / Undefined % Error,1028.1599999999999,11.9,0.397997419210137,79.5994838420274,0.08823529401015114,HVAC Moderation,Adjust HVAC setpoint; Reduce cooling or heating intensity
8.1,9.1,1022,91,4.2,0.11,0.0,99,1,75,990,0.08,5,3,5,45,0.07575757568105296,0,73.71,0.08100000000000007,828.1,4292.400000000001,0.7071067811865475,0.7071067811865476,0.49999999999999994,-0.8660254037844387,-1.0,-1.8369701987210297e-16,0.6,11.9,0.0,7.14,0.0,4.284,11.9,1028.1599999999999,56,79.21451252237277,23.21451252237277,Low Error (20-50%),1028.1599999999999,11.9,0.3168580500894911,63.37161001789822,0.07153362440174343,HVAC Moderation,Adjust HVAC setpoint; Reduce cooling or heating intensity
3.6,9.2,1022,92,4.3,0.19,0.0,100,1,90,990,0.09,5,4,5,0,0.09090909081726355,0,33.12,0.0,846.4,4394.599999999999,0.8660254037844386,0.5000000000000001,0.49999999999999994,-0.8660254037844387,0.0,1.0,0.6,11.8,0.0,7.08,0.0,4.284,11.8,1020.96,18,65.29126904107025,47.29126904107025,High Error (>60%),1020.96,11.8,0.26116507616428103,52.233015232856204,0.0601069668149632,HVAC Moderation,Adjust HVAC setpoint; Reduce cooling or heating intensity
4.3,9.2,1022,92,4.3,0.19,0.0,100,1,105,990,0.11,5,4,5,15,0.10606060595347414,0,39.559999999999995,0.0,846.4,4394.599999999999,0.8660254037844386,0.5000000000000001,0.49999999999999994,-0.8660254037844387,1.0,2.83276944882399e-16,0.6,11.8,0.0,7.08,0.0,4.248,11.8,1019.52,129,88.01470061663015,40.98529938336985,Low Error (20-50%),1019.52,11.8,0.3520588024665206,70.41176049330412,0.07946902294633128,HVAC Moderation,Adjust HVAC setpoint; Reduce cooling or heating intensity
4.9,9.2,1022,92,4.3,0.19,0.0,100,1,120,990,0.12,5,4,5,30,0.12121212108968472,0,45.08,0.0,846.4,4394.599999999999,0.8660254037844386,0.5000000000000001,0.49999999999999994,-0.8660254037844387,5.66553889764798e-16,-1.0,0.6,11.8,0.0,7.08,0.0,4.248,11.8,1019.52,126,112.20752324108848,13.79247675891152,Very Low Error (<20%),1019.52,11.8,0.44883009296435394,89.76601859287078,0.09914711875222118,HVAC Moderation,Adjust HVAC setpoint; Reduce cooling or heating intensity
5.9,9.2,1022,92,4.3,0.19,0.0,100,1,135,990,0.14,5,4,5,45,0.1363636362258953,0,54.28,0.0,846.4,4394.599999999999,0.8660254037844386,0.5000000000000001,0.49999999999999994,-0.8660254037844387,-1.0,-1.8369701987210297e-16,0.6,11.8,0.0,7.08,0.0,4.248,11.8,1019.52,93,137.09914621428058,44.09914621428058,Low Error (20-50%),1019.52,11.8,0.5483965848571223,109.67931697142447,0.11853439098296455,HVAC Moderation,Adjust HVAC setpoint; Reduce cooling or heating intensity
16.9,9.8,1023,93,4.6,0.39,0.0,100,1,150,990,0.15,5,5,5,0,0.15151515136210592,0,165.62,0.0,911.4000000000001,4705.799999999999,0.9659258262890683,0.25881904510252074,0.49999999999999994,-0.8660254037844387,0.0,1.0,0.6,11.2,0.0,6.72,0.0,4.248,11.2,976.3199999999999,143,234.416142784381,91.41614278438101,High Error (>60%),976.3199999999999,11.2,0.937664571137524,187.53291422750482,0.1936145575465103,HVAC Moderation,Adjust HVAC setpoint; Reduce cooling or heating intensity
21.3,9.8,1023,93,4.6,0.39,0.0,100,1,165,990,0.17,5,5,5,15,0.1666666664983165,0,208.74,0.0,911.4000000000001,4705.799999999999,0.9659258262890683,0.25881904510252074,0.49999999999999994,-0.8660254037844387,1.0,2.83276944882399e-16,0.6,11.2,0.0,6.72,0.0,4.032,11.2,967.68,221,318.73315799483413,97.73315799483413,Low Error (20-50%),967.68,11.2,1.2749326319793366,254.98652639586732,0.24776888806383396,HVAC Moderation,Adjust HVAC setpoint; Reduce cooling or heating intensity
15.8,9.8,1023,93,4.6,0.39,0.0,100,1,180,990,0.18,5,5,5,30,0.1818181816345271,0,154.84000000000003,0.0,911.4000000000001,4705.799999999999,0.9659258262890683,0.25881904510252074,0.49999999999999994,-0.8660254037844387,5.66553889764798e-16,-1.0,0.6,11.2,0.0,6.72,0.0,4.032,11.2,967.68,243,267.6245512397508,24.624551239750815,Very Low Error (<20%),967.68,11.2,1.0704982049590033,214.09964099180064,0.21664661621663772,HVAC Moderation,Adjust HVAC setpoint; Reduce cooling or heating intensity
13.2,9.8,1023,93,4.6,0.39,0.0,100,1,195,990,0.2,5,5,5,45,0.19696969677073767,0,129.36,0.0,911.4000000000001,4705.799999999999,0.9659258262890683,0.25881904510252074,0.49999999999999994,-0.8660254037844387,-1.0,-1.8369701987210297e-16,0.6,11.2,0.0,6.72,0.0,4.032,11.2,967.68,405,287.6974094516466,117.30259054835341,Low Error (20-50%),967.68,11.2,1.1507896378065863,230.15792756131728,0.22917204583770692,HVAC Moderation,Adjust HVAC setpoint; Reduce cooling or heating intensity
35.1,10.0,1023,95,4.8,0.29,0.0,100,1,210,990,0.21,5,6,5,0,0.21212121190694827,0,351.0,0.0,950.0,4910.4,1.0,6.123233995736766e-17,0.49999999999999994,-0.8660254037844387,0.0,1.0,0.6,11.0,0.0,6.6,0.0,4.032,11.0,953.28,395,510.1888954635033,115.18889546350329,Low Error (20-50%),953.28,11.0,2.0407555818540133,408.15111637080264,0.3486161521412468,HVAC Moderation,Adjust HVAC setpoint; Reduce cooling or heating intensity
43.3,10.0,1023,95,4.8,0.29,0.0,100,1,225,990,0.23,5,6,5,15,0.22727272704315887,0,433.0,0.0,950.0,4910.4,1.0,6.123233995736766e-17,0.49999999999999994,-0.8660254037844387,1.0,2.83276944882399e-16,0.6,11.0,0.0,6.6,0.0,3.9599999999999995,11.0,950.4,756,595.0837197765808,160.91628022341922,Low Error (20-50%),950.4,11.0,2.3803348791063232,476.06697582126463,0.38504690264712765,HVAC Moderation,Adjust HVAC setpoint; Reduce cooling or heating intensity
46.3,10.0,1023,95,4.8,0.29,0.0,100,1,240,990,0.24,5,6,5,30,0.24242424217936945,0,463.0,0.0,950.0,4910.4,1.0,6.123233995736766e-17,0.49999999999999994,-0.8660254037844387,5.66553889764798e-16,-1.0,0.6,11.0,0.0,6.6,0.0,3.9599999999999995,11.0,950.4,1168,656.695666186332,511.304333813668,Low Error (20-50%),950.4,11.0,2.626782664745328,525.3565329490656,0.40862263497733176,HVAC Moderation,Adjust HVAC setpoint; Reduce cooling or heating intensity
49.3,10.0,1023,95,4.8,0.29,0.0,100,1,255,990,0.26,5,6,5,45,0.25757575731558,0,493.0,0.0,950.0,4910.4,1.0,6.123233995736766e-17,0.49999999999999994,-0.8660254037844387,-1.0,-1.8369701987210297e-16,0.6,11.0,0.0,6.6,0.0,3.9599999999999995,11.0,950.4,762,721.9906260449476,40.00937395505241,Very Low Error (<20%),950.4,11.0,2.8879625041797903,577.592500835958,0.4317117151754661,HVAC Moderation,Adjust HVAC setpoint; Reduce cooling or heating intensity
54.0,10.1,1024,94,4.2,0.65,0.0,81,1,270,990,0.27,5,7,5,0,0.2727272724517906,0,545.4,10.259999999999998,949.4,4300.8,0.9659258262890683,-0.25881904510252063,0.49999999999999994,-0.8660254037844387,0.0,1.0,1.0,10.9,0.0,10.9,0.0,3.9599999999999995,10.9,1466.4,1207,924.2031282241222,282.7968717758778,Low Error (20-50%),1466.4,10.9,3.696812512896489,739.3625025792978,0.3865983094082518,HVAC Moderation,Adjust HVAC setpoint; Reduce cooling or heating intensity
55.0,10.1,1024,94,4.2,0.65,0.0,81,1,285,990,0.29,5,7,5,15,0.28787878758800123,0,555.5,10.449999999999998,949.4,4300.8,0.9659258262890683,-0.25881904510252063,0.49999999999999994,-0.8660254037844387,1.0,2.83276944882399e-16,1.0,10.9,0.0,10.9,0.0,6.54,10.9,1569.6,887,949.7443358616639,62.7443358616639,Very Low Error (<20%),1569.6,10.9,3.7989773434466554,759.7954686893311,0.3769807572412894,HVAC Moderation,Adjust HVAC setpoint; Reduce cooling or heating intensity
75.9,10.1,1024,94,4.2,0.65,0.0,81,1,300,990,0.3,5,7,5,30,0.30303030272421183,0,766.59,14.420999999999998,949.4,4300.8,0.9659258262890683,-0.25881904510252063,0.49999999999999994,-0.8660254037844387,5.66553889764798e-16,-1.0,1.0,10.9,0.0,10.9,0.0,6.54,10.9,1569.6,1051,1248.3874767370096,197.3874767370096,Very Low Error (<20%),1569.6,10.9,4.993549906948038,998.7099813896077,0.4430067509524669,HVAC Moderation,Adjust HVAC setpoint; Reduce cooling or heating intensity
89.2,10.1,1024,94,4.2,0.65,0.0,81,1,315,990,0.32,5,7,5,45,0.31818181786042243,0,900.92,16.947999999999997,949.4,4300.8,0.9659258262890683,-0.25881904510252063,0.49999999999999994,-0.8660254037844387,-1.0,-1.8369701987210297e-16,1.0,10.9,0.0,10.9,0.0,6.54,10.9,1569.6,914,1420.802860860492,506.80286086049205,Moderate Error (50-60%),1569.6,10.9,5.6832114434419685,1136.6422886883936,0.47512088721602325,HVAC Moderation,Adjust HVAC setpoint; Reduce cooling or heating intensity
115.8,11.5,1025,91,3.8,0.13,0.0,86,1,330,990,0.33,5,8,5,0,0.333333332996633,0,1331.7,16.212,1046.5,3895.0,0.8660254037844387,-0.4999999999999998,0.49999999999999994,-0.8660254037844387,0.0,1.0,1.0,9.5,0.0,9.5,0.0,6.54,9.5,1401.6,2357,2165.796487231802,191.20351276819792,Very Low Error (<20%),1401.6,9.5,8.66318594892721,1732.6371897854417,0.6071084317026084,HVAC Moderation,Adjust HVAC setpoint; Reduce cooling or heating intensity
60.9,11.5,1025,91,3.8,0.13,0.0,86,1,345,990,0.35,5,8,5,15,0.3484848481328436,0,700.35,8.526,1046.5,3895.0,0.8660254037844387,-0.4999999999999998,0.49999999999999994,-0.8660254037844387,1.0,2.83276944882399e-16,1.0,9.5,0.0,9.5,0.0,5.7,9.5,1368.0,1830,1129.748518655971,700.2514813440289,Low Error (20-50%),1368.0,9.5,4.518994074623884,903.7988149247769,0.4523067513664577,HVAC Moderation,Adjust HVAC setpoint; Reduce cooling or heating intensity
74.4,11.5,1025,91,3.8,0.13,0.0,86,1,360,990,0.36,5,8,5,30,0.3636363632690542,0,855.6,10.416000000000002,1046.5,3895.0,0.8660254037844387,-0.4999999999999998,0.49999999999999994,-0.8660254037844387,5.66553889764798e-16,-1.0,1.0,9.5,0.0,9.5,0.0,5.7,9.5,1368.0,1007,1456.8587627383258,449.8587627383258,Low Error (20-50%),1368.0,9.5,5.827435050953303,1165.4870101906606,0.5157280007905126,HVAC Moderation,Adjust HVAC setpoint; Reduce cooling or heating intensity
134.7,11.5,1025,91,3.8,0.13,0.0,86,1,375,990,0.38,5,8,5,45,0.3787878784052648,0,1549.05,18.858,1046.5,3895.0,0.8660254037844387,-0.4999999999999998,0.49999999999999994,-0.8660254037844387,-1.0,-1.8369701987210297e-16,1.0,9.5,0.0,9.5,0.0,5.7,9.5,1368.0,2495,2303.0339758751975,191.96602412480252,Very Low Error (<20%),1368.0,9.5,9.21213590350079,1842.427180700158,0.6273529448059076,HVAC Moderation,Adjust HVAC setpoint; Reduce cooling or heating intensity
100.6,12.1,1025,91,3.7,0.19,0.0,83,1,390,990,0.39,5,9,5,0,0.39393939354147534,0,1217.26,17.102000000000004,1101.1,3792.5,0.7071067811865476,-0.7071067811865475,0.49999999999999994,-0.8660254037844387,0.0,1.0,1.0,8.9,0.0,8.9,0.0,5.7,8.9,1296.0,2929,1939.2380397778822,989.7619602221178,Low Error (20-50%),1296.0,8.9,7.756952159111529,1551.3904318223058,0.5994112381639809,HVAC Moderation,Adjust HVAC setpoint; Reduce cooling or heating intensity
67.3,12.1,1025,91,3.7,0.19,0.0,83,1,405,990,0.41,5,9,5,15,0.40909090867768594,0,814.3299999999999,11.441000000000003,1101.1,3792.5,0.7071067811865476,-0.7071067811865475,0.49999999999999994,-0.8660254037844387,1.0,2.83276944882399e-16,1.0,8.9,0.0,8.9,0.0,5.34,8.9,1281.6,1045,1311.1683974094385,266.1683974094385,Low Error (20-50%),1281.6,8.9,5.244673589637754,1048.9347179275508,0.5057020897870357,HVAC Moderation,Adjust HVAC setpoint; Reduce cooling or heating intensity
63.1,12.1,1025,91,3.7,0.19,0.0,83,1,420,990,0.42,5,9,5,30,0.42424242381389654,0,763.51,10.727000000000002,1101.1,3792.5,0.7071067811865476,-0.7071067811865475,0.49999999999999994,-0.8660254037844387,5.66553889764798e-16,-1.0,1.0,8.9,0.0,8.9,0.0,5.34,8.9,1281.6,3571,1215.3248588792983,2355.6751411207015,High Error (>60%),1281.6,8.9,4.861299435517193,972.2598871034386,0.48672864706791674,HVAC Moderation,Adjust HVAC setpoint; Reduce cooling or heating intensity
31.8,12.1,1025,91,3.7,0.19,0.0,83,1,435,990,0.44,5,9,5,45,0.43939393895010714,0,384.78,5.4060000000000015,1101.1,3792.5,0.7071067811865476,-0.7071067811865475,0.49999999999999994,-0.8660254037844387,-1.0,-1.8369701987210297e-16,1.0,8.9,0.0,8.9,0.0,5.34,8.9,1281.6,1116,826.1085745120782,289.89142548792177,Low Error (20-50%),1281.6,8.9,3.304434298048313,660.8868596096626,0.39194629851110757,HVAC Moderation,Adjust HVAC setpoint; Reduce cooling or heating intensity
20.0,12.1,1026,87,3.6,0.27,0.0,97,1,450,990,0.45,5,10,5,0,0.45454545408631775,0,242.0,0.6000000000000005,1052.7,3693.6,0.49999999999999994,-0.8660254037844387,0.49999999999999994,-0.8660254037844387,0.0,1.0,1.0,8.9,0.0,8.9,0.0,5.34,8.9,1281.6,667,740.6199622393251,73.6199622393251,Very Low Error (<20%),1281.6,8.9,2.9624798489573005,592.4959697914601,0.3662410497881503,HVAC Moderation,Adjust HVAC setpoint; Reduce cooling or heating intensity
26.9,12.1,1026,87,3.6,0.27,0.0,97,1,465,990,0.47,5,10,5,15,0.4696969692225283,0,325.48999999999995,0.8070000000000007,1052.7,3693.6,0.49999999999999994,-0.8660254037844387,0.49999999999999994,-0.8660254037844387,1.0,2.83276944882399e-16,1.0,8.9,0.0,8.9,0.0,5.34,8.9,1281.6,1516,903.7710348792808,612.2289651207192,Low Error (20-50%),1281.6,8.9,3.615084139517123,723.0168279034247,0.4135549616249261,HVAC Moderation,Adjust HVAC setpoint; Reduce cooling or heating intensity
43.2,12.1,1026,87,3.6,0.27,0.0,97,1,480,990,0.48,5,10,5,30,0.4848484843587389,0,522.72,1.2960000000000012,1052.7,3693.6,0.49999999999999994,-0.8660254037844387,0.49999999999999994,-0.8660254037844387,5.66553889764798e-16,-1.0,1.0,8.9,0.0,8.9,0.0,5.34,8.9,1281.6,1206,1064.5653834364048,141.43461656359523,Very Low Error (<20%),1281.6,8.9,4.258261533745619,851.6523067491238,0.4537469483175989,HVAC Moderation,Adjust HVAC setpoint; Reduce cooling or heating intensity
73.0,12.1,1026,87,3.6,0.27,0.0,97,1,495,990,0.5,5,10,5,45,0.4999999994949495,0,883.3,2.190000000000002,1052.7,3693.6,0.49999999999999994,-0.8660254037844387,0.49999999999999994,-0.8660254037844387,-1.0,-1.8369701987210297e-16,1.0,8.9,0.0,8.9,0.0,5.34,8.9,1281.6,802,1093.745374798308,291.7453747983079,Low Error (20-50%),1281.6,8.9,4.374981499193232,874.9962998386463,0.4604574079803958,HVAC Moderation,Adjust HVAC setpoint; Reduce cooling or heating intensity
112.8,12.5,1026,84,3.7,0.24,0.0,93,1,510,990,0.52,5,11,5,0,0.51515151463116,0,1410.0,7.895999999999995,1050.0,3796.2000000000003,0.258819045102521,-0.9659258262890682,0.49999999999999994,-0.8660254037844387,0.0,1.0,1.0,8.5,0.0,8.5,0.0,5.34,8.5,1233.6,975,1692.4050789874407,717.4050789874407,High Error (>60%),1233.6,8.5,6.769620315949763,1353.9240631899524,0.5784012784402635,HVAC Moderation,Adjust HVAC setpoint; Reduce cooling or heating intensity
140.1,12.5,1026,84,3.7,0.24,0.0,93,1,525,990,0.53,5,11,5,15,0.5303030297673706,0,1751.25,9.806999999999993,1050.0,3796.2000000000003,0.258819045102521,-0.9659258262890682,0.49999999999999994,-0.8660254037844387,1.0,2.83276944882399e-16,1.0,8.5,0.0,8.5,0.0,5.1,8.5,1224.0,2011,2286.711993282451,275.7119932824512,Very Low Error (<20%),1224.0,8.5,9.146847973129805,1829.3695946259609,0.6513527731715368,HVAC Moderation,Adjust HVAC setpoint; Reduce cooling or heating intensity
126.1,12.5,1026,84,3.7,0.24,0.0,93,1,540,990,0.55,5,11,5,30,0.5454545449035813,0,1576.25,8.826999999999993,1050.0,3796.2000000000003,0.258819045102521,-0.9659258262890682,0.49999999999999994,-0.8660254037844387,5.66553889764798e-16,-1.0,1.0,8.5,0.0,8.5,0.0,5.1,8.5,1224.0,1326,1937.601788644823,611.601788644823,Low Error (20-50%),1224.0,8.5,7.7504071545792925,1550.0814309158584,0.6128544698421666,HVAC Moderation,Adjust HVAC setpoint; Reduce cooling or heating intensity
105.8,12.5,1026,84,3.7,0.24,0.0,93,1,555,990,0.56,5,11,5,45,0.5606060600397919,0,1322.5,7.405999999999994,1050.0,3796.2000000000003,0.258819045102521,-0.9659258262890682,0.49999999999999994,-0.8660254037844387,-1.0,-1.8369701987210297e-16,1.0,8.5,0.0,8.5,0.0,5.1,8.5,1224.0,833,1415.0202496978618,582.0202496978618,High Error (>60%),1224.0,8.5,5.6600809987914475,1132.0161997582895,0.5361915086948175,HVAC Moderation,Adjust HVAC setpoint; Reduce cooling or heating intensity
115.4,13.0,1027,82,3.8,0.17,0.0,80,1,570,990,0.58,5,12,5,0,0.5757575751760025,0,1500.2,23.079999999999995,1066.0,3902.6,1.2246467991473532e-16,-1.0,0.49999999999999994,-0.8660254037844387,0.0,1.0,1.0,8.0,0.0,8.0,0.0,5.1,8.0,1164.0,1223,1800.3075885595636,577.3075885595636,Low Error (20-50%),1164.0,8.0,7.2012303542382545,1440.2460708476508,0.6073281986324007,HVAC Moderation,Adjust HVAC setpoint; Reduce cooling or heating intensity
123.2,13.0,1027,82,3.8,0.17,0.0,80,1,585,990,0.59,5,12,5,15,0.5909090903122131,0,1601.6000000000001,24.639999999999993,1066.0,3902.6,1.2246467991473532e-16,-1.0,0.49999999999999994,-0.8660254037844387,1.0,2.83276944882399e-16,1.0,8.0,0.0,8.0,0.0,4.8,8.0,1152.0,1991,1959.3994119136264,31.60058808637359,Very Low Error (<20%),1152.0,8.0,7.837597647654506,1567.519529530901,0.6297485960115852,HVAC Moderation,Adjust HVAC setpoint; Reduce cooling or heating intensity
121.6,13.0,1027,82,3.8,0.17,0.0,80,1,600,990,0.61,5,12,5,30,0.6060606054484237,0,1580.8,24.319999999999993,1066.0,3902.6,1.2246467991473532e-16,-1.0,0.49999999999999994,-0.8660254037844387,5.66553889764798e-16,-1.0,1.0,8.0,0.0,8.0,0.0,4.8,8.0,1152.0,1723,1872.510140782677,149.5101407826769,Very Low Error (<20%),1152.0,8.0,7.490040563130708,1498.0081126261416,0.6191118736599774,HVAC Moderation,Adjust HVAC setpoint; Reduce cooling or heating intensity
115.1,13.0,1027,82,3.8,0.17,0.0,80,1,615,990,0.62,5,12,5,45,0.6212121205846343,0,1496.3,23.019999999999992,1066.0,3902.6,1.2246467991473532e-16,-1.0,0.49999999999999994,-0.8660254037844387,-1.0,-1.8369701987210297e-16,1.0,8.0,0.0,8.0,0.0,4.8,8.0,1152.0,1255,1806.1431805709483,551.1431805709483,Low Error (20-50%),1152.0,8.0,7.224572722283793,1444.9145444567587,0.6105665174772845,HVAC Moderation,Adjust HVAC setpoint; Reduce cooling or heating intensity
108.2,13.3,1027,80,4.1,0.0,0.0,83,1,630,990,0.64,3,13,5,0,0.6363636357208449,0,1439.0600000000002,18.394000000000005,1064.0,4210.7,-0.2588190451025208,-0.9659258262890683,0.49999999999999994,-0.8660254037844387,0.0,1.0,1.0,7.699999999999999,0.0,7.699999999999999,0.0,4.8,7.699999999999999,1116.0,1376,1761.4404890394771,385.44048903947714,Low Error (20-50%),1116.0,7.699999999999999,7.045761956157909,1409.1523912315818,0.6121553148142818,HVAC Moderation,Adjust HVAC setpoint; Reduce cooling or heating intensity
76.8,13.3,1027,80,4.1,0.0,0.0,83,1,645,990,0.65,3,13,5,15,0.6515151508570554,0,1021.44,13.056000000000003,1064.0,4210.7,-0.2588190451025208,-0.9659258262890683,0.49999999999999994,-0.8660254037844387,1.0,2.83276944882399e-16,1.0,7.699999999999999,0.0,7.699999999999999,0.0,4.619999999999999,7.699999999999999,1108.7999999999997,1127,1164.349166609635,37.34916660963495,Very Low Error (<20%),1108.7999999999997,7.699999999999999,4.65739666643854,931.479333287708,0.5122185482592084,HVAC Moderation,Adjust HVAC setpoint; Reduce cooling or heating intensity
55.9,13.3,1027,80,4.1,0.0,0.0,83,1,660,990,0.67,3,13,5,30,0.666666665993266,0,743.47,9.503000000000002,1064.0,4210.7,-0.2588190451025208,-0.9659258262890683,0.49999999999999994,-0.8660254037844387,5.66553889764798e-16,-1.0,1.0,7.699999999999999,0.0,7.699999999999999,0.0,4.619999999999999,7.699999999999999,1108.7999999999997,753,783.5898563404055,30.589856340405504,Very Low Error (<20%),1108.7999999999997,7.699999999999999,3.134359425361622,626.8718850723244,0.4140742211764309,HVAC Moderation,Adjust HVAC setpoint; Reduce cooling or heating intensity
41.9,13.3,1027,80,4.1,0.0,0.0,83,1,675,990,0.68,3,13,5,45,0.6818181811294766,0,557.27,7.123000000000001,1064.0,4210.7,-0.2588190451025208,-0.9659258262890683,0.49999999999999994,-0.8660254037844387,-1.0,-1.8369701987210297e-16,1.0,7.699999999999999,0.0,7.699999999999999,0.0,4.619999999999999,7.699999999999999,1108.7999999999997,340,610.6923236645846,270.6923236645846,High Error (>60%),1108.7999999999997,7.699999999999999,2.4427692946583384,488.55385893166766,0.3551585051615222,HVAC Moderation,Adjust HVAC setpoint; Reduce cooling or heating intensity
60.8,13.4,1027,78,4.4,0.0,0.0,46,1,690,990,0.7,2,14,5,0,0.6969696962656872,0,814.72,32.832,1045.2,4518.8,-0.4999999999999997,-0.8660254037844388,0.49999999999999994,-0.8660254037844387,0.0,1.0,1.0,7.6,0.0,7.6,0.0,4.619999999999999,7.6,1096.8,863,952.2449015068219,89.24490150682186,Very Low Error (<20%),1096.8,7.6,3.8089796060272874,761.7959212054575,0.4647262245653261,HVAC Moderation,Adjust HVAC setpoint; Reduce cooling or heating intensity
76.7,13.4,1027,78,4.4,0.0,0.0,46,1,705,990,0.71,2,14,5,15,0.7121212114018978,0,1027.78,41.418000000000006,1045.2,4518.8,-0.4999999999999997,-0.8660254037844388,0.49999999999999994,-0.8660254037844387,1.0,2.83276944882399e-16,1.0,7.6,0.0,7.6,0.0,4.56,7.6,1094.4,1121,1190.2664355773795,69.26643557737953,Very Low Error (<20%),1094.4,7.6,4.761065742309518,952.2131484619036,0.5209804006927583,HVAC Moderation,Adjust HVAC setpoint; Reduce cooling or heating intensity
91.4,13.4,1027,78,4.4,0.0,0.0,46,1,720,990,0.73,2,14,5,30,0.7272727265381084,0,1224.7600000000002,49.35600000000001,1045.2,4518.8,-0.4999999999999997,-0.8660254037844388,0.49999999999999994,-0.8660254037844387,5.66553889764798e-16,-1.0,1.0,7.6,0.0,7.6,0.0,4.56,7.6,1094.4,826,1359.7489615501268,533.7489615501268,High Error (>60%),1094.4,7.6,5.438995846200507,1087.7991692401015,0.5540612987637068,HVAC Moderation,Adjust HVAC setpoint; Reduce cooling or heating intensity
94.0,13.4,1027,78,4.4,0.0,0.0,46,1,735,990,0.74,2,14,5,45,0.742424241674319,0,1259.6000000000001,50.760000000000005,1045.2,4518.8,-0.4999999999999997,-0.8660254037844388,0.49999999999999994,-0.8660254037844387,-1.0,-1.8369701987210297e-16,1.0,7.6,0.0,7.6,0.0,4.56,7.6,1094.4,1406,1393.2948417843538,12.705158215646179,Very Low Error (<20%),1094.4,7.6,5.573179367137415,1114.6358734274831,0.5600746594083492,HVAC Moderation,Adjust HVAC setpoint; Reduce cooling or heating intensity
73.8,14.0,1028,75,4.7,0.0,0.0,41,1,750,990,0.76,2,15,5,0,0.7575757568105296,0,1033.2,43.542,1050.0,4831.6,-0.7071067811865471,-0.7071067811865479,0.49999999999999994,-0.8660254037844387,0.0,1.0,1.0,7.0,0.0,7.0,0.0,4.56,7.0,1022.4,2021,1038.1847789106191,982.8152210893809,Low Error (20-50%),1022.4,7.0,4.152739115642476,830.5478231284953,0.5038301694898726,HVAC Moderation,Adjust HVAC setpoint; Reduce cooling or heating intensity
74.7,14.0,1028,75,4.7,0.0,0.0,41,1,765,990,0.77,2,15,5,15,0.7727272719467402,0,1045.8,44.07300000000001,1050.0,4831.6,-0.7071067811865471,-0.7071067811865479,0.49999999999999994,-0.8660254037844387,1.0,2.83276944882399e-16,1.0,7.0,0.0,7.0,0.0,4.2,7.0,1008.0,709,1010.0959600978653,301.09596009786526,Low Error (20-50%),1008.0,7.0,4.040383840391461,808.0767680782922,0.5005192912374505,HVAC Moderation,Adjust HVAC setpoint; Reduce cooling or heating intensity
87.2,14.0,1028,75,4.7,0.0,0.0,41,1,780,990,0.79,2,15,5,30,0.7878787870829507,0,1220.8,51.44800000000001,1050.0,4831.6,-0.7071067811865471,-0.7071067811865479,0.49999999999999994,-0.8660254037844387,5.66553889764798e-16,-1.0,1.0,7.0,0.0,7.0,0.0,4.2,7.0,1008.0,600,1085.896413634109,485.89641363410897,High Error (>60%),1008.0,7.0,4.343585654536436,868.7171309072871,0.518600827645937,HVAC Moderation,Adjust HVAC setpoint; Reduce cooling or heating intensity
87.6,14.0,1028,75,4.7,0.0,0.0,41,1,795,990,0.8,2,15,5,45,0.8030303022191613,0,1226.3999999999999,51.684000000000005,1050.0,4831.6,-0.7071067811865471,-0.7071067811865479,0.49999999999999994,-0.8660254037844387,-1.0,-1.8369701987210297e-16,1.0,7.0,0.0,7.0,0.0,4.2,7.0,1008.0,1209,1017.7425451913219,191.25745480867806,Very Low Error (<20%),1008.0,7.0,4.070970180765288,814.1940361530576,0.5024046846944197,HVAC Moderation,Adjust HVAC setpoint; Reduce cooling or heating intensity
90.2,14.3,1028,74,4.6,0.0,0.0,41,1,810,990,0.82,2,16,5,0,0.8181818173553719,0,1289.8600000000001,53.21800000000001,1058.2,4728.799999999999,-0.8660254037844384,-0.5000000000000004,0.49999999999999994,-0.8660254037844387,0.0,1.0,1.0,6.699999999999999,0.0,6.699999999999999,0.0,4.2,6.699999999999999,971.9999999999999,994,782.9912090749878,211.00879092501225,Low Error (20-50%),971.9999999999999,6.699999999999999,3.131964836299951,626.3929672599902,0.4461510716293171,HVAC Moderation,Adjust HVAC setpoint; Reduce cooling or heating intensity
85.0,14.3,1028,74,4.6,0.0,0.0,41,1,825,990,0.83,2,16,5,15,0.8333333324915825,0,1215.5,50.150000000000006,1058.2,4728.799999999999,-0.8660254037844384,-0.5000000000000004,0.49999999999999994,-0.8660254037844387,1.0,2.83276944882399e-16,1.0,6.699999999999999,0.0,6.699999999999999,0.0,4.02,6.699999999999999,964.7999999999998,491,713.6054888006776,222.60548880067756,Low Error (20-50%),964.7999999999998,6.699999999999999,2.85442195520271,570.884391040542,0.42516870514134414,HVAC Moderation,Adjust HVAC setpoint; Reduce cooling or heating intensity
75.0,14.3,1028,74,4.6,0.0,0.0,41,1,840,990,0.85,2,16,5,30,0.8484848476277931,0,1072.5,44.25000000000001,1058.2,4728.799999999999,-0.8660254037844384,-0.5000000000000004,0.49999999999999994,-0.8660254037844387,5.66553889764798e-16,-1.0,1.0,6.699999999999999,0.0,6.699999999999999,0.0,4.02,6.699999999999999,964.7999999999998,325,450.5772808205768,125.57728082057679,Low Error (20-50%),964.7999999999998,6.699999999999999,1.8023091232823072,360.46182465646143,0.3183442935024409,HVAC Moderation,Adjust HVAC setpoint; Reduce cooling or heating intensity
65.1,14.3,1028,74,4.6,0.0,0.0,41,1,855,990,0.86,2,16,5,45,0.8636363627640037,0,930.93,38.409,1058.2,4728.799999999999,-0.8660254037844384,-0.5000000000000004,0.49999999999999994,-0.8660254037844387,-1.0,-1.8369701987210297e-16,1.0,6.699999999999999,0.0,6.699999999999999,0.0,4.02,6.699999999999999,964.7999999999998,275,374.8879231030917,99.88792310309168,Low Error (20-50%),964.7999999999998,6.699999999999999,1.4995516924123666,299.9103384824733,0.2798322776209807,HVAC Moderation,Adjust HVAC setpoint; Reduce cooling or heating intensity
55.4,13.2,1029,76,4.3,0.0,0.0,34,1,870,990,0.88,2,17,5,0,0.8787878779002143,0,731.28,36.56399999999999,1003.1999999999999,4424.7,-0.9659258262890683,-0.25881904510252063,0.49999999999999994,-0.8660254037844387,0.0,1.0,1.0,7.800000000000001,0.0,7.800000000000001,0.0,4.02,7.800000000000001,1096.8000000000002,190,268.064102531326,78.064102531326,Low Error (20-50%),1096.8000000000002,7.800000000000001,1.072256410125304,214.4512820250608,0.1964035114102284,HVAC Moderation,Adjust HVAC setpoint; Reduce cooling or heating intensity
45.8,13.2,1029,76,4.3,0.0,0.0,34,1,885,990,0.89,2,17,5,15,0.8939393930364249,0,604.56,30.227999999999994,1003.1999999999999,4424.7,-0.9659258262890683,-0.25881904510252063,0.49999999999999994,-0.8660254037844387,1.0,2.83276944882399e-16,1.0,7.800000000000001,0.0,7.800000000000001,0.0,4.680000000000001,7.800000000000001,1123.2,163,226.54868288201956,63.54868288201956,Low Error (20-50%),1123.2,7.800000000000001,0.9061947315280783,181.23894630561566,0.16784508522760075,HVAC Moderation,Adjust HVAC setpoint; Reduce cooling or heating intensity
36.7,13.2,1029,76,4.3,0.0,0.0,34,1,900,990,0.91,2,17,5,30,0.9090909081726355,0,484.44,24.221999999999998,1003.1999999999999,4424.7,-0.9659258262890683,-0.25881904510252063,0.49999999999999994,-0.8660254037844387,5.66553889764798e-16,-1.0,1.0,7.800000000000001,0.0,7.800000000000001,0.0,4.680000000000001,7.800000000000001,1123.2,131,187.99396935860293,56.993969358602925,Low Error (20-50%),1123.2,7.800000000000001,0.7519758774344117,150.39517548688235,0.14337616981809928,HVAC Moderation,Adjust HVAC setpoint; Reduce cooling or heating intensity
27.9,13.2,1029,76,4.3,0.0,0.0,34,1,915,990,0.92,2,17,5,45,0.924242423308846,0,368.28,18.413999999999998,1003.1999999999999,4424.7,-0.9659258262890683,-0.25881904510252063,0.49999999999999994,-0.8660254037844387,-1.0,-1.8369701987210297e-16,1.0,7.800000000000001,0.0,7.800000000000001,0.0,4.680000000000001,7.800000000000001,1123.2,115,160.60460662894317,45.60460662894317,Low Error (20-50%),1123.2,7.800000000000001,0.6424184265157727,128.48368530315454,0.12510050647470689,HVAC Moderation,Adjust HVAC setpoint; Reduce cooling or heating intensity
19.8,12.5,1029,80,3.4,0.0,0.0,19,1,930,990,0.94,2,18,5,0,0.9393939384450566,0,247.5,16.038,1000.0,3498.6,-1.0,-1.8369701987210297e-16,0.49999999999999994,-0.8660254037844387,0.0,1.0,1.0,8.5,0.0,8.5,0.0,4.680000000000001,8.5,1207.2,96,125.01255693868781,29.01255693868781,Low Error (20-50%),1207.2,8.5,0.5000502277547513,100.01004555095025,0.09383829644431353,HVAC Moderation,Adjust HVAC setpoint; Reduce cooling or heating intensity
12.4,12.5,1029,80,3.4,0.0,0.0,19,1,945,990,0.95,2,18,5,15,0.9545454535812672,0,155.0,10.044,1000.0,3498.6,-1.0,-1.8369701987210297e-16,0.49999999999999994,-0.8660254037844387,1.0,2.83276944882399e-16,1.0,8.5,0.0,8.5,0.0,5.1,8.5,1224.0,78,79.43292721105381,1.4329272110538085,Very Low Error (<20%),1224.0,8.5,0.31773170884421525,63.54634176884305,0.060941323095216375,HVAC Moderation,Adjust HVAC setpoint; Reduce cooling or heating intensity
6.3,12.5,1029,80,3.4,0.0,0.0,19,1,960,990,0.97,2,18,5,30,0.9696969687174778,0,78.75,5.103,1000.0,3498.6,-1.0,-1.8369701987210297e-16,0.49999999999999994,-0.8660254037844387,5.66553889764798e-16,-1.0,1.0,8.5,0.0,8.5,0.0,5.1,8.5,1224.0,48,35.501772264445,12.498227735554998,Low Error (20-50%),1224.0,8.5,0.14200708905778,28.401417811556,0.028187155443560496,HVAC Moderation,Adjust HVAC setpoint; Reduce cooling or heating intensity
1.9,12.5,1029,80,3.4,0.0,0.0,19,1,975,990,0.98,2,18,5,45,0.9848484838536884,0,23.75,1.539,1000.0,3498.6,-1.0,-1.8369701987210297e-16,0.49999999999999994,-0.8660254037844387,-1.0,-1.8369701987210297e-16,1.0,8.5,0.0,8.5,0.0,5.1,8.5,1224.0,24,3.2679859950752763,20.732014004924725,High Error (>60%),1224.0,8.5,0.013071943980301105,2.6143887960602212,0.0026628136883752917,HVAC Moderation,Adjust HVAC setpoint; Reduce cooling or heating intensity
0.0,11.1,1030,87,3.0,0.0,0.0,6,1,990,990,1.0,1,19,5,0,0.999999998989899,0,0.0,0.0,965.6999999999999,3090.0,-0.9659258262890684,0.2588190451025203,0.49999999999999994,-0.8660254037844387,0.0,1.0,1.0,9.9,0.0,9.9,0.0,5.1,9.9,1392.0,6,4.276313275932341,1.723686724067659,Low Error (20-50%),1392.0,9.9,0.017105253103729363,3.4210506207458726,0.003062655458815765,HVAC Moderation,Adjust HVAC setpoint; Reduce cooling or heating intensity
0.0,11.1,1030,87,3.0,0.0,0.0,6,0,0,990,0.0,1,19,5,15,0.0,1,0.0,0.0,965.6999999999999,3090.0,-0.9659258262890684,0.2588190451025203,0.49999999999999994,-0.8660254037844387,1.0,2.83276944882399e-16,1.0,9.9,0.0,9.9,0.0,5.94,9.9,1425.6,0,-0.7558148133805663,0.7558148133805663,Zero-Actual / Undefined % Error,1425.6,9.9,-0.003023259253522265,-0.604651850704453,-0.0005304543617526283,HVAC Moderation,Adjust HVAC setpoint; Reduce cooling or heating intensity
0.0,11.1,1030,87,3.0,0.0,0.0,6,0,0,990,0.0,1,19,5,30,0.0,1,0.0,0.0,965.6999999999999,3090.0,-0.9659258262890684,0.2588190451025203,0.49999999999999994,-0.8660254037844387,5.66553889764798e-16,-1.0,1.0,9.9,0.0,9.9,0.0,5.94,9.9,1425.6,0,-0.4507579511938366,0.4507579511938366,Zero-Actual / Undefined % Error,1425.6,9.9,-0.0018030318047753465,-0.36060636095506926,-0.000316288243769849,HVAC Moderation,Adjust HVAC setpoint; Reduce cooling or heating intensity
0.0,11.1,1030,87,3.0,0.0,0.0,6,0,0,990,0.0,1,19,5,45,0.0,1,0.0,0.0,965.6999999999999,3090.0,-0.9659258262890684,0.2588190451025203,0.49999999999999994,-0.8660254037844387,-1.0,-1.8369701987210297e-16,1.0,9.9,0.0,9.9,0.0,5.94,9.9,1425.6,0,-1.0307252805048002,1.0307252805048002,Zero-Actual / Undefined % Error,1425.6,9.9,-0.0041229011220192,-0.8245802244038402,-0.0007235346838322204,HVAC Moderation,Adjust HVAC setpoint; Reduce cooling or heating intensity
0.0,9.4,1031,94,2.8,0.0,0.0,7,0,0,990,0.0,1,20,5,0,0.0,1,0.0,0.0,883.6,2886.7999999999997,-0.8660254037844386,0.5000000000000001,0.49999999999999994,-0.8660254037844387,0.0,1.0,1.0,11.6,0.0,11.6,0.0,5.94,11.6,1629.6,0,-2.046353491045421,2.046353491045421,Zero-Actual / Undefined % Error,1629.6,11.6,-0.008185413964181685,-1.637082792836337,-0.0012573186107735735,HVAC Moderation,Adjust HVAC setpoint; Reduce cooling or heating intensity
0.0,9.4,1031,94,2.8,0.0,0.0,7,0,0,990,0.0,1,20,5,15,0.0,1,0.0,0.0,883.6,2886.7999999999997,-0.8660254037844386,0.5000000000000001,0.49999999999999994,-0.8660254037844387,1.0,2.83276944882399e-16,1.0,11.6,0.0,11.6,0.0,6.96,11.6,1670.4,0,-1.590016711951574,1.590016711951574,Zero-Actual / Undefined % Error,1670.4,11.6,-0.006360066847806296,-1.2720133695612592,-0.0009527847549581329,HVAC Moderation,Adjust HVAC setpoint; Reduce cooling or heating intensity
0.0,9.4,1031,94,2.8,0.0,0.0,7,0,0,990,0.0,1,20,5,30,0.0,1,0.0,0.0,883.6,2886.7999999999997,-0.8660254037844386,0.5000000000000001,0.49999999999999994,-0.8660254037844387,5.66553889764798e-16,-1.0,1.0,11.6,0.0,11.6,0.0,6.96,11.6,1670.4,0,-1.3414302825194,1.3414302825194,Zero-Actual / Undefined % Error,1670.4,11.6,-0.0053657211300776,-1.07314422601552,-0.0008037047387394903,HVAC Moderation,Adjust HVAC setpoint; Reduce cooling or heating intensity
0.0,9.4,1031,94,2.8,0.0,0.0,7,0,0,990,0.0,1,20,5,45,0.0,1,0.0,0.0,883.6,2886.7999999999997,-0.8660254037844386,0.5000000000000001,0.49999999999999994,-0.8660254037844387,-1.0,-1.8369701987210297e-16,1.0,11.6,0.0,11.6,0.0,6.96,11.6,1670.4,0,-1.7832982943513216,1.7832982943513216,Zero-Actual / Undefined % Error,1670.4,11.6,-0.007133193177405286,-1.4266386354810572,-0.0010687285411081632,HVAC Moderation,Adjust HVAC setpoint; Reduce cooling or heating intensity
0.0,8.6,1031,96,2.6,0.0,0.0,4,0,0,990,0.0,1,21,5,0,0.0,1,0.0,0.0,825.5999999999999,2680.6,-0.7071067811865477,0.7071067811865474,0.49999999999999994,-0.8660254037844387,0.0,1.0,1.0,12.4,0.0,12.4,0.0,6.96,12.4,1766.4,0,-2.358861731507244,2.358861731507244,Zero-Actual / Undefined % Error,1766.4,12.4,-0.009435446926028978,-1.8870893852057953,-0.00133719201837062,HVAC Moderation,Adjust HVAC setpoint; Reduce cooling or heating intensity
0.0,8.6,1031,96,2.6,0.0,0.0,4,0,0,990,0.0,1,21,5,15,0.0,1,0.0,0.0,825.5999999999999,2680.6,-0.7071067811865477,0.7071067811865474,0.49999999999999994,-0.8660254037844387,1.0,2.83276944882399e-16,1.0,12.4,0.0,12.4,0.0,7.4399999999999995,12.4,1785.6,0,-2.1499760791925207,2.1499760791925207,Zero-Actual / Undefined % Error,1785.6,12.4,-0.008599904316770083,-1.7199808633540166,-0.0012055151807732816,HVAC Moderation,Adjust HVAC setpoint; Reduce cooling or heating intensity
0.0,8.6,1031,96,2.6,0.0,0.0,4,0,0,990,0.0,1,21,5,30,0.0,1,0.0,0.0,825.5999999999999,2680.6,-0.7071067811865477,0.7071067811865474,0.49999999999999994,-0.8660254037844387,5.66553889764798e-16,-1.0,1.0,12.4,0.0,12.4,0.0,7.4399999999999995,12.4,1785.6,0,-1.9013896497603466,1.9013896497603466,Zero-Actual / Undefined % Error,1785.6,12.4,-0.007605558599041387,-1.5211117198082773,-0.001065981459906512,HVAC Moderation,Adjust HVAC setpoint; Reduce cooling or heating intensity
0.0,8.6,1031,96,2.6,0.0,0.0,4,0,0,990,0.0,1,21,5,45,0.0,1,0.0,0.0,825.5999999999999,2680.6,-0.7071067811865477,0.7071067811865474,0.49999999999999994,-0.8660254037844387,-1.0,-1.8369701987210297e-16,1.0,12.4,0.0,12.4,0.0,7.4399999999999995,12.4,1785.6,0,-2.2663413821428273,2.2663413821428273,Zero-Actual / Undefined % Error,1785.6,12.4,-0.009065365528571309,-1.813073105714262,-0.0012708454023283966,HVAC Moderation,Adjust HVAC setpoint; Reduce cooling or heating intensity
0.0,7.7,1032,97,2.2,0.0,0.0,4,0,0,990,0.0,1,22,5,0,0.0,1,0.0,0.0,746.9,2270.4,-0.5000000000000004,0.8660254037844384,0.49999999999999994,-0.8660254037844387,0.0,1.0,1.0,13.3,0.0,13.3,0.0,7.4399999999999995,13.3,1893.6,0,-1.5140775503191108,1.5140775503191108,Zero-Actual / Undefined % Error,1893.6,13.3,-0.006056310201276443,-1.2112620402552887,-0.0008002160639505318,HVAC Moderation,Adjust HVAC setpoint; Reduce cooling or heating intensity
0.0,7.7,1032,97,2.2,0.0,0.0,4,0,0,990,0.0,1,22,5,15,0.0,1,0.0,0.0,746.9,2270.4,-0.5000000000000004,0.8660254037844384,0.49999999999999994,-0.8660254037844387,1.0,2.83276944882399e-16,1.0,13.3,0.0,13.3,0.0,7.98,13.3,1915.2,0,-1.3347491623074748,1.3347491623074748,Zero-Actual / Undefined % Error,1915.2,13.3,-0.005338996649229899,-1.0677993298459798,-0.0006974102074458216,HVAC Moderation,Adjust HVAC setpoint; Reduce cooling or heating intensity
0.0,7.7,1032,97,2.2,0.0,0.0,4,0,0,990,0.0,1,22,5,30,0.0,1,0.0,0.0,746.9,2270.4,-0.5000000000000004,0.8660254037844384,0.49999999999999994,-0.8660254037844387,5.66553889764798e-16,-1.0,1.0,13.3,0.0,13.3,0.0,7.98,13.3,1915.2,0,-1.0973784899878576,1.0973784899878576,Zero-Actual / Undefined % Error,1915.2,13.3,-0.00438951395995143,-0.8779027919902861,-0.0005733122545691081,HVAC Moderation,Adjust HVAC setpoint; Reduce cooling or heating intensity
0.0,7.7,1032,97,2.2,0.0,0.0,4,0,0,990,0.0,1,22,5,45,0.0,1,0.0,0.0,746.9,2270.4,-0.5000000000000004,0.8660254037844384,0.49999999999999994,-0.8660254037844387,-1.0,-1.8369701987210297e-16,1.0,13.3,0.0,13.3,0.0,7.98,13.3,1915.2,0,-1.4873477524325105,1.4873477524325105,Zero-Actual / Undefined % Error,1915.2,13.3,-0.005949391009730042,-1.1898782019460084,-0.0007772053708839117,HVAC Moderation,Adjust HVAC setpoint; Reduce cooling or heating intensity
0.0,7.8,1032,98,2.0,0.0,0.0,13,0,0,990,0.0,2,23,5,0,0.0,1,0.0,0.0,764.4,2064.0,-0.25881904510252157,0.9659258262890681,0.49999999999999994,-0.8660254037844387,0.0,1.0,0.6,13.2,0.0,7.919999999999999,0.0,7.98,13.2,1269.6,0,0.1407117861393956,0.1407117861393956,Zero-Actual / Undefined % Error,1269.6,13.2,0.0005628471445575825,0.11256942891151649,0.00011081930721953269,HVAC Moderation,Adjust HVAC setpoint; Reduce cooling or heating intensity
0.0,7.8,1032,98,2.0,0.0,0.0,13,0,0,990,0.0,2,23,5,15,0.0,1,0.0,0.0,764.4,2064.0,-0.25881904510252157,0.9659258262890681,0.49999999999999994,-0.8660254037844387,1.0,2.83276944882399e-16,0.6,13.2,0.0,7.919999999999999,0.0,4.751999999999999,13.2,1140.4799999999998,0,0.3478227363284983,0.3478227363284983,Zero-Actual / Undefined % Error,1140.4799999999998,13.2,0.0013912909453139932,0.27825818906279864,0.00030488626687710254,HVAC Moderation,Adjust HVAC setpoint; Reduce cooling or heating intensity
0.0,7.8,1032,98,2.0,0.0,0.0,13,0,0,990,0.0,2,23,5,30,0.0,1,0.0,0.0,764.4,2064.0,-0.25881904510252157,0.9659258262890681,0.49999999999999994,-0.8660254037844387,5.66553889764798e-16,-1.0,0.6,13.2,0.0,7.919999999999999,0.0,4.751999999999999,13.2,1140.4799999999998,0,0.6679107438279223,0.6679107438279223,Zero-Actual / Undefined % Error,1140.4799999999998,13.2,0.002671642975311689,0.5343285950623378,0.0005852972580980012,HVAC Moderation,Adjust HVAC setpoint; Reduce cooling or heating intensity
0.0,7.8,1032,98,2.0,0.0,0.0,13,0,0,990,0.0,2,23,5,45,0.0,1,0.0,0.0,764.4,2064.0,-0.25881904510252157,0.9659258262890681,0.49999999999999994,-0.8660254037844387,-1.0,-1.8369701987210297e-16,0.6,13.2,0.0,7.919999999999999,0.0,4.751999999999999,13.2,1140.4799999999998,0,0.1783659763927839,0.1783659763927839,Zero-Actual / Undefined % Error,1140.4799999999998,13.2,0.0007134639055711356,0.14269278111422712,0.000156371076175585,HVAC Moderation,Adjust HVAC setpoint; Reduce cooling or heating intensity
0.0,8.4,1032,97,2.3,0.0,0.0,51,0,0,990,0.0,3,0,5,0,0.0,1,0.0,0.0,814.8000000000001,2373.6,0.0,1.0,0.49999999999999994,-0.8660254037844387,0.0,1.0,0.6,12.6,0.0,7.56,0.0,4.751999999999999,12.6,1097.28,0,-1.6486368416023494,1.6486368416023494,Zero-Actual / Undefined % Error,1097.28,12.6,-0.006594547366409398,-1.3189094732818796,-0.0015047368079579753,HVAC Moderation,Adjust HVAC setpoint; Reduce cooling or heating intensity
0.0,8.4,1032,97,2.3,0.0,0.0,51,0,0,990,0.0,3,0,5,15,0.0,1,0.0,0.0,814.8000000000001,2373.6,0.0,1.0,0.49999999999999994,-0.8660254037844387,1.0,2.83276944882399e-16,0.6,12.6,0.0,7.56,0.0,4.536,12.6,1088.6399999999999,0,-1.512532115914727,1.512532115914727,Zero-Actual / Undefined % Error,1088.6399999999999,12.6,-0.006050128463658907,-1.2100256927317816,-0.0013913107332917559,HVAC Moderation,Adjust HVAC setpoint; Reduce cooling or heating intensity
0.0,8.4,1032,97,2.3,0.0,0.0,51,0,0,990,0.0,3,0,5,30,0.0,1,0.0,0.0,814.8000000000001,2373.6,0.0,1.0,0.49999999999999994,-0.8660254037844387,5.66553889764798e-16,-1.0,0.6,12.6,0.0,7.56,0.0,4.536,12.6,1088.6399999999999,0,-1.0069920084298514,1.0069920084298514,Zero-Actual / Undefined % Error,1088.6399999999999,12.6,-0.0040279680337194056,-0.8055936067438811,-0.0009258564240924545,HVAC Moderation,Adjust HVAC setpoint; Reduce cooling or heating intensity
0.0,8.4,1032,97,2.3,0.0,0.0,51,0,0,990,0.0,3,0,5,45,0.0,1,0.0,0.0,814.8000000000001,2373.6,0.0,1.0,0.49999999999999994,-0.8660254037844387,-1.0,-1.8369701987210297e-16,0.6,12.6,0.0,7.56,0.0,4.536,12.6,1088.6399999999999,0,-1.4788512492922075,1.4788512492922075,Zero-Actual / Undefined % Error,1088.6399999999999,12.6,-0.00591540499716883,-1.1830809994337659,-0.0013602870647385775,HVAC Moderation,Adjust HVAC setpoint; Reduce cooling or heating intensity
0.0,8.5,1032,97,2.4,0.0,0.0,69,0,0,990,0.0,3,1,5,0,0.0,1,0.0,0.0,824.5,2476.7999999999997,0.25881904510252074,0.9659258262890683,0.49999999999999994,-0.8660254037844387,0.0,1.0,0.6,12.5,0.0,7.5,0.0,4.536,12.5,1081.44,0,0.5451023768952563,0.5451023768952563,Zero-Actual / Undefined % Error,1081.44,12.5,0.0021804095075810253,0.4360819015162051,0.0005037984120058416,HVAC Moderation,Adjust HVAC setpoint; Reduce cooling or heating intensity
0.0,8.5,1032,97,2.4,0.0,0.0,69,0,0,990,0.0,3,1,5,15,0.0,1,0.0,0.0,824.5,2476.7999999999997,0.25881904510252074,0.9659258262890683,0.49999999999999994,-0.8660254037844387,1.0,2.83276944882399e-16,0.6,12.5,0.0,7.5,0.0,4.5,12.5,1080.0,0,0.6476098907429161,0.6476098907429161,Zero-Actual / Undefined % Error,1080.0,12.5,0.0025904395629716644,0.5180879125943328,0.0005992794359755371,HVAC Moderation,Adjust HVAC setpoint; Reduce cooling or heating intensity
0.0,8.5,1032,97,2.4,0.0,0.0,69,0,0,990,0.0,3,1,5,30,0.0,1,0.0,0.0,824.5,2476.7999999999997,0.25881904510252074,0.9659258262890683,0.49999999999999994,-0.8660254037844387,5.66553889764798e-16,-1.0,0.6,12.5,0.0,7.5,0.0,4.5,12.5,1080.0,0,1.1531499982277917,1.1531499982277917,Zero-Actual / Undefined % Error,1080.0,12.5,0.004612599992911167,0.9225199985822334,0.0010665926443104653,HVAC Moderation,Adjust HVAC setpoint; Reduce cooling or heating intensity
0.0,8.5,1032,97,2.4,0.0,0.0,69,0,0,990,0.0,3,1,5,45,0.0,1,0.0,0.0,824.5,2476.7999999999997,0.25881904510252074,0.9659258262890683,0.49999999999999994,-0.8660254037844387,-1.0,-1.8369701987210297e-16,0.6,12.5,0.0,7.5,0.0,4.5,12.5,1080.0,0,0.6812907573654355,0.6812907573654355,Zero-Actual / Undefined % Error,1080.0,12.5,0.002725163029461742,0.5450326058923485,0.0006304270857299146,HVAC Moderation,Adjust HVAC setpoint; Reduce cooling or heating intensity
0.0,8.2,1032,97,2.4,0.0,0.0,90,0,0,990,0.0,4,2,5,0,0.0,1,0.0,0.0,795.4,2476.7999999999997,0.49999999999999994,0.8660254037844387,0.49999999999999994,-0.8660254037844387,0.0,1.0,0.6,12.8,0.0,7.68,0.0,4.5,12.8,1101.6,0,5.496405082121005,5.496405082121005,Zero-Actual / Undefined % Error,1101.6,12.8,0.021985620328484022,4.397124065696804,0.0049647032109625495,HVAC Moderation,Adjust HVAC setpoint; Reduce cooling or heating intensity
0.0,8.2,1032,97,2.4,0.0,0.0,90,0,0,990,0.0,4,2,5,15,0.0,1,0.0,0.0,795.4,2476.7999999999997,0.49999999999999994,0.8660254037844387,0.49999999999999994,-0.8660254037844387,1.0,2.83276944882399e-16,0.6,12.8,0.0,7.68,0.0,4.608,12.8,1105.9199999999998,0,5.598912595968665,5.598912595968665,Zero-Actual / Undefined % Error,1105.9199999999998,12.8,0.02239565038387466,4.479130076774932,0.0050371725820257535,HVAC Moderation,Adjust HVAC setpoint; Reduce cooling or heating intensity
0.0,8.2,1032,97,2.4,0.0,0.0,90,0,0,990,0.0,4,2,5,30,0.0,1,0.0,0.0,795.4,2476.7999999999997,0.49999999999999994,0.8660254037844387,0.49999999999999994,-0.8660254037844387,5.66553889764798e-16,-1.0,0.6,12.8,0.0,7.68,0.0,4.608,12.8,1105.9199999999998,0,6.21606286841425,6.21606286841425,Zero-Actual / Undefined % Error,1105.9199999999998,12.8,0.024864251473657,4.9728502947313995,0.005589300689335188,HVAC Moderation,Adjust HVAC setpoint; Reduce cooling or heating intensity
0.6,8.2,1032,97,2.4,0.0,0.0,90,1,15,990,0.02,4,2,5,45,0.01515151513621059,0,4.919999999999999,0.059999999999999984,795.4,2476.7999999999997,0.49999999999999994,0.8660254037844387,0.49999999999999994,-0.8660254037844387,-1.0,-1.8369701987210297e-16,0.6,12.8,0.0,7.68,0.0,4.608,12.8,1105.9199999999998,0,6.111036286540872,6.111036286540872,Zero-Actual / Undefined % Error,1105.9199999999998,12.8,0.024444145146163488,4.8888290292326975,0.005495382846015134,HVAC Moderation,Adjust HVAC setpoint; Reduce cooling or heating intensity
3.9,8.5,1033,98,2.7,0.0,0.0,100,1,30,990,0.03,4,3,5,0,0.03030303027242118,0,33.15,0.0,833.0,2789.1000000000004,0.7071067811865475,0.7071067811865476,0.49999999999999994,-0.8660254037844387,0.0,1.0,0.6,12.5,0.0,7.5,0.0,4.608,12.5,1084.32,12,22.56711368005961,10.56711368005961,High Error (>60%),1084.32,12.5,0.09026845472023844,18.053690944047688,0.020387908921121124,HVAC Moderation,Adjust HVAC setpoint; Reduce cooling or heating intensity
9.0,8.5,1033,98,2.7,0.0,0.0,100,1,45,990,0.05,4,3,5,15,0.04545454540863177,0,76.5,0.0,833.0,2789.1000000000004,0.7071067811865475,0.7071067811865476,0.49999999999999994,-0.8660254037844387,1.0,2.83276944882399e-16,0.6,12.5,0.0,7.5,0.0,4.5,12.5,1080.0,38,61.46833606155999,23.468336061559988,High Error (>60%),1080.0,12.5,0.24587334424623994,49.17466884924799,0.053850233130246665,HVAC Moderation,Adjust HVAC setpoint; Reduce cooling or heating intensity
15.1,8.5,1033,98,2.7,0.0,0.0,100,1,60,990,0.06,4,3,5,30,0.06060606054484236,0,128.35,0.0,833.0,2789.1000000000004,0.7071067811865475,0.7071067811865476,0.49999999999999994,-0.8660254037844387,5.66553889764798e-16,-1.0,0.6,12.5,0.0,7.5,0.0,4.5,12.5,1080.0,62,105.40930871492507,43.409308714925075,High Error (>60%),1080.0,12.5,0.4216372348597003,84.32744697194006,0.08892228857243796,HVAC Moderation,Adjust HVAC setpoint; Reduce cooling or heating intensity
8.7,8.5,1033,98,2.7,0.0,0.0,100,1,75,990,0.08,4,3,5,45,0.07575757568105296,0,73.94999999999999,0.0,833.0,2789.1000000000004,0.7071067811865475,0.7071067811865476,0.49999999999999994,-0.8660254037844387,-1.0,-1.8369701987210297e-16,0.6,12.5,0.0,7.5,0.0,4.5,12.5,1080.0,106,85.23463917111411,20.76536082888589,Very Low Error (<20%),1080.0,12.5,0.34093855668445644,68.18771133689128,0.07314804781172438,HVAC Moderation,Adjust HVAC setpoint; Reduce cooling or heating intensity
9.3,8.2,1033,95,3.5,0.0,0.0,100,1,90,990,0.09,4,4,5,0,0.09090909081726355,0,76.26,0.0,778.9999999999999,3615.5,0.8660254037844386,0.5000000000000001,0.49999999999999994,-0.8660254037844387,0.0,1.0,0.6,12.8,0.0,7.68,0.0,4.5,12.8,1101.6,199,114.64651281570097,84.35348718429903,Low Error (20-50%),1101.6,12.8,0.4585860512628039,91.71721025256078,0.09426256232876937,HVAC Moderation,Adjust HVAC setpoint; Reduce cooling or heating intensity
19.5,8.2,1033,95,3.5,0.0,0.0,100,1,105,990,0.11,4,4,5,15,0.10606060595347414,0,159.89999999999998,0.0,778.9999999999999,3615.5,0.8660254037844386,0.5000000000000001,0.49999999999999994,-0.8660254037844387,1.0,2.83276944882399e-16,0.6,12.8,0.0,7.68,0.0,4.608,12.8,1105.9199999999998,233,214.19343341204436,18.806566587955643,Very Low Error (<20%),1105.9199999999998,12.8,0.8567737336481774,171.35474672963548,0.1622538092777174,HVAC Moderation,Adjust HVAC setpoint; Reduce cooling or heating intensity
22.5,8.2,1033,95,3.5,0.0,0.0,100,1,120,990,0.12,4,4,5,30,0.12121212108968472,0,184.49999999999997,0.0,778.9999999999999,3615.5,0.8660254037844386,0.5000000000000001,0.49999999999999994,-0.8660254037844387,5.66553889764798e-16,-1.0,0.6,12.8,0.0,7.68,0.0,4.608,12.8,1105.9199999999998,342,219.54190209618622,122.45809790381378,Low Error (20-50%),1105.9199999999998,12.8,0.8781676083847448,175.633521676949,0.16563426046674876,HVAC Moderation,Adjust HVAC setpoint; Reduce cooling or heating intensity
28.1,8.2,1033,95,3.5,0.0,0.0,100,1,135,990,0.14,4,4,5,45,0.1363636362258953,0,230.42,0.0,778.9999999999999,3615.5,0.8660254037844386,0.5000000000000001,0.49999999999999994,-0.8660254037844387,-1.0,-1.8369701987210297e-16,0.6,12.8,0.0,7.68,0.0,4.608,12.8,1105.9199999999998,474,305.7893173161846,168.21068268381538,Low Error (20-50%),1105.9199999999998,12.8,1.2231572692647386,244.6314538529477,0.21660926463311486,HVAC Moderation,Adjust HVAC setpoint; Reduce cooling or heating intensity
36.5,8.3,1034,95,3.4,0.0,0.0,100,1,150,990,0.15,4,5,5,0,0.15151515136210592,0,302.95000000000005,0.0,788.5000000000001,3515.6,0.9659258262890683,0.25881904510252074,0.49999999999999994,-0.8660254037844387,0.0,1.0,0.6,12.7,0.0,7.619999999999999,0.0,4.608,12.7,1098.7199999999998,456,414.51241111347434,41.48758888652566,Very Low Error (<20%),1098.7199999999998,12.7,1.6580496444538975,331.6099288907795,0.27392514711903415,HVAC Moderation,Adjust HVAC setpoint; Reduce cooling or heating intensity
36.0,8.3,1034,95,3.4,0.0,0.0,100,1,165,990,0.17,4,5,5,15,0.1666666664983165,0,298.8,0.0,788.5000000000001,3515.6,0.9659258262890683,0.25881904510252074,0.49999999999999994,-0.8660254037844387,1.0,2.83276944882399e-16,0.6,12.7,0.0,7.619999999999999,0.0,4.571999999999999,12.7,1097.2799999999997,480,486.3197250052343,6.319725005234318,Very Low Error (<20%),1097.2799999999997,12.7,1.9452789000209372,389.05578000418745,0.30709763143999613,HVAC Moderation,Adjust HVAC setpoint; Reduce cooling or heating intensity
42.3,8.3,1034,95,3.4,0.0,0.0,100,1,180,990,0.18,4,5,5,30,0.1818181816345271,0,351.09000000000003,0.0,788.5000000000001,3515.6,0.9659258262890683,0.25881904510252074,0.49999999999999994,-0.8660254037844387,5.66553889764798e-16,-1.0,0.6,12.7,0.0,7.619999999999999,0.0,4.571999999999999,12.7,1097.2799999999997,646,544.5965057798961,101.40349422010388,Very Low Error (<20%),1097.2799999999997,12.7,2.1783860231195846,435.6772046239169,0.3316915148801156,HVAC Moderation,Adjust HVAC setpoint; Reduce cooling or heating intensity
64.7,8.3,1034,95,3.4,0.0,0.0,100,1,195,990,0.2,4,5,5,45,0.19696969677073767,0,537.0100000000001,0.0,788.5000000000001,3515.6,0.9659258262890683,0.25881904510252074,0.49999999999999994,-0.8660254037844387,-1.0,-1.8369701987210297e-16,0.6,12.7,0.0,7.619999999999999,0.0,4.571999999999999,12.7,1097.2799999999997,719,785.4059879158124,66.40598791581237,Very Low Error (<20%),1097.2799999999997,12.7,3.1416239516632496,628.3247903326499,0.4171731199678744,HVAC Moderation,Adjust HVAC setpoint; Reduce cooling or heating intensity
95.7,9.2,1034,94,3.2,0.0,0.0,85,1,210,990,0.21,4,6,5,0,0.21212121190694827,0,880.4399999999999,14.355000000000002,864.8,3308.8,1.0,6.123233995736766e-17,0.49999999999999994,-0.8660254037844387,0.0,1.0,0.6,11.8,0.0,7.08,0.0,4.571999999999999,11.8,1032.48,766,901.1942115805463,135.19421158054627,Very Low Error (<20%),1032.48,11.8,3.604776846322185,720.955369264437,0.4660527640681909,HVAC Moderation,Adjust HVAC setpoint; Reduce cooling or heating intensity
117.6,9.2,1034,94,3.2,0.0,0.0,85,1,225,990,0.23,4,6,5,15,0.22727272704315887,0,1081.9199999999998,17.64,864.8,3308.8,1.0,6.123233995736766e-17,0.49999999999999994,-0.8660254037844387,1.0,2.83276944882399e-16,0.6,11.8,0.0,7.08,0.0,4.248,11.8,1019.52,1120,1138.3169389439581,18.31693894395812,Very Low Error (<20%),1019.52,11.8,4.553267755775832,910.6535511551665,0.527526857044871,HVAC Moderation,Adjust HVAC setpoint; Reduce cooling or heating intensity
129.4,9.2,1034,94,3.2,0.0,0.0,85,1,240,990,0.24,4,6,5,30,0.24242424217936945,0,1190.48,19.410000000000004,864.8,3308.8,1.0,6.123233995736766e-17,0.49999999999999994,-0.8660254037844387,5.66553889764798e-16,-1.0,0.6,11.8,0.0,7.08,0.0,4.248,11.8,1019.52,1392,1452.9359902064477,60.93599020644774,Very Low Error (<20%),1019.52,11.8,5.811743960825791,1162.348792165158,0.5876488784326067,HVAC Moderation,Adjust HVAC setpoint; Reduce cooling or heating intensity
138.9,9.2,1034,94,3.2,0.0,0.0,85,1,255,990,0.26,4,6,5,45,0.25757575731558,0,1277.8799999999999,20.835000000000004,864.8,3308.8,1.0,6.123233995736766e-17,0.49999999999999994,-0.8660254037844387,-1.0,-1.8369701987210297e-16,0.6,11.8,0.0,7.08,0.0,4.248,11.8,1019.52,1872,1728.625369702896,143.37463029710398,Very Low Error (<20%),1019.52,11.8,6.914501478811584,1382.9002957623168,0.629015258119611,HVAC Moderation,Adjust HVAC setpoint; Reduce cooling or heating intensity
148.1,11.1,1035,86,3.1,0.0,0.0,77,1,270,990,0.27,3,7,5,0,0.2727272724517906,0,1643.9099999999999,34.062999999999995,954.6,3208.5,0.9659258262890683,-0.25881904510252063,0.49999999999999994,-0.8660254037844387,0.0,1.0,1.0,9.9,0.0,9.9,0.0,4.248,9.9,1357.92,2070,2192.4944138907545,122.49441389075446,Very Low Error (<20%),1357.92,9.9,8.769977655563018,1753.9955311126037,0.617531971674979,HVAC Moderation,Adjust HVAC setpoint; Reduce cooling or heating intensity
156.9,11.1,1035,86,3.1,0.0,0.0,77,1,285,990,0.29,3,7,5,15,0.28787878758800123,0,1741.59,36.086999999999996,954.6,3208.5,0.9659258262890683,-0.25881904510252063,0.49999999999999994,-0.8660254037844387,1.0,2.83276944882399e-16,1.0,9.9,0.0,9.9,0.0,5.94,9.9,1425.6,2180,2413.6339269788978,233.63392697889776,Very Low Error (<20%),1425.6,9.9,9.65453570791559,1930.9071415831181,0.6286759213574454,HVAC Moderation,Adjust HVAC setpoint; Reduce cooling or heating intensity
165.4,11.1,1035,86,3.1,0.0,0.0,77,1,300,990,0.3,3,7,5,30,0.30303030272421183,0,1835.94,38.042,954.6,3208.5,0.9659258262890683,-0.25881904510252063,0.49999999999999994,-0.8660254037844387,5.66553889764798e-16,-1.0,1.0,9.9,0.0,9.9,0.0,5.94,9.9,1425.6,2257,2725.0655747423298,468.0655747423298,Low Error (20-50%),1425.6,9.9,10.900262298969318,2180.052459793864,0.6565370119598137,HVAC Moderation,Adjust HVAC setpoint; Reduce cooling or heating intensity
173.4,11.1,1035,86,3.1,0.0,0.0,77,1,315,990,0.32,3,7,5,45,0.31818181786042243,0,1924.74,39.882,954.6,3208.5,0.9659258262890683,-0.25881904510252063,0.49999999999999994,-0.8660254037844387,-1.0,-1.8369701987210297e-16,1.0,9.9,0.0,9.9,0.0,5.94,9.9,1425.6,1966,2989.3278540025517,1023.3278540025517,Moderate Error (50-60%),1425.6,9.9,11.957311416010207,2391.4622832020414,0.6770955159811607,HVAC Moderation,Adjust HVAC setpoint; Reduce cooling or heating intensity
180.9,13.0,1035,78,2.9,0.0,0.0,32,1,330,990,0.33,2,8,5,0,0.333333332996633,0,2351.7000000000003,123.01199999999999,1014.0,3001.5,0.8660254037844387,-0.4999999999999998,0.49999999999999994,-0.8660254037844387,0.0,1.0,1.0,8.0,0.0,8.0,0.0,5.94,8.0,1197.6,3032,3623.5039791350728,591.5039791350728,Very Low Error (<20%),1197.6,8.0,14.494015916540292,2898.803183308058,0.7515921652105818,HVAC Moderation,Adjust HVAC setpoint; Reduce cooling or heating intensity
188.0,13.0,1035,78,2.9,0.0,0.0,32,1,345,990,0.35,2,8,5,15,0.3484848481328436,0,2444.0,127.83999999999999,1014.0,3001.5,0.8660254037844387,-0.4999999999999998,0.49999999999999994,-0.8660254037844387,1.0,2.83276944882399e-16,1.0,8.0,0.0,8.0,0.0,4.8,8.0,1152.0,2145,3697.5617022401298,1552.5617022401298,High Error (>60%),1152.0,8.0,14.79024680896052,2958.049361792104,0.7624527593431142,HVAC Moderation,Adjust HVAC setpoint; Reduce cooling or heating intensity
194.4,13.0,1035,78,2.9,0.0,0.0,32,1,360,990,0.36,2,8,5,30,0.3636363632690542,0,2527.2000000000003,132.19199999999998,1014.0,3001.5,0.8660254037844387,-0.4999999999999998,0.49999999999999994,-0.8660254037844387,5.66553889764798e-16,-1.0,1.0,8.0,0.0,8.0,0.0,4.8,8.0,1152.0,3140,3786.0272128036713,646.0272128036713,Low Error (20-50%),1152.0,8.0,15.144108851214686,3028.821770242937,0.766708454384431,HVAC Moderation,Adjust HVAC setpoint; Reduce cooling or heating intensity
199.9,13.0,1035,78,2.9,0.0,0.0,32,1,375,990,0.38,2,8,5,45,0.3787878784052648,0,2598.7000000000003,135.932,1014.0,3001.5,0.8660254037844387,-0.4999999999999998,0.49999999999999994,-0.8660254037844387,-1.0,-1.8369701987210297e-16,1.0,8.0,0.0,8.0,0.0,4.8,8.0,1152.0,2869,3953.907274707318,1084.9072747073178,Low Error (20-50%),1152.0,8.0,15.815629098829271,3163.1258197658544,0.774378981286844,HVAC Moderation,Adjust HVAC setpoint; Reduce cooling or heating intensity
191.6,14.5,1035,71,3.3,0.0,0.0,15,1,390,990,0.39,2,9,5,0,0.39393939354147534,0,2778.2,162.85999999999999,1029.5,3415.5,0.7071067811865476,-0.7071067811865475,0.49999999999999994,-0.8660254037844387,0.0,1.0,1.0,6.5,0.0,6.5,0.0,4.8,6.5,972.0,3107,3768.8719591601475,661.8719591601475,Low Error (20-50%),972.0,6.5,15.07548783664059,3015.097567328118,0.794974424711701,HVAC Moderation,Adjust HVAC setpoint; Reduce cooling or heating intensity
183.6,14.5,1035,71,3.3,0.0,0.0,15,1,405,990,0.41,2,9,5,15,0.40909090867768594,0,2662.2,156.06,1029.5,3415.5,0.7071067811865476,-0.7071067811865475,0.49999999999999994,-0.8660254037844387,1.0,2.83276944882399e-16,1.0,6.5,0.0,6.5,0.0,3.9,6.5,936.0,3441,3621.783188529152,180.78318852915208,Very Low Error (<20%),936.0,6.5,14.487132754116608,2897.4265508233216,0.7946370061765278,HVAC Moderation,Adjust HVAC setpoint; Reduce cooling or heating intensity
204.9,14.5,1035,71,3.3,0.0,0.0,15,1,420,990,0.42,2,9,5,30,0.42424242381389654,0,2971.05,174.165,1029.5,3415.5,0.7071067811865476,-0.7071067811865475,0.49999999999999994,-0.8660254037844387,5.66553889764798e-16,-1.0,1.0,6.5,0.0,6.5,0.0,3.9,6.5,936.0,3290,3930.785158737277,640.785158737277,Very Low Error (<20%),936.0,6.5,15.723140634949107,3144.628126989822,0.8076759153571249,HVAC Moderation,Adjust HVAC setpoint; Reduce cooling or heating intensity
217.8,14.5,1035,71,3.3,0.0,0.0,15,1,435,990,0.44,2,9,5,45,0.43939393895010714,0,3158.1000000000004,185.13,1029.5,3415.5,0.7071067811865476,-0.7071067811865475,0.49999999999999994,-0.8660254037844387,-1.0,-1.8369701987210297e-16,1.0,6.5,0.0,6.5,0.0,3.9,6.5,936.0,3078,4086.4822860687977,1008.4822860687977,Low Error (20-50%),936.0,6.5,16.345929144275193,3269.1858288550384,0.8136379687371151,HVAC Moderation,Adjust HVAC setpoint; Reduce cooling or heating intensity
219.9,14.8,1035,62,3.3,0.0,0.0,43,1,450,990,0.45,2,10,5,0,0.45454545408631775,0,3254.5200000000004,125.34300000000002,917.6,3415.5,0.49999999999999994,-0.8660254037844387,0.49999999999999994,-0.8660254037844387,0.0,1.0,1.0,6.199999999999999,0.0,6.199999999999999,0.0,3.9,6.199999999999999,899.9999999999999,3579,4153.630965282474,574.6309652824739,Very Low Error (<20%),899.9999999999999,6.199999999999999,16.614523861129896,3322.9047722259793,0.8219102251421311,HVAC Moderation,Adjust HVAC setpoint; Reduce cooling or heating intensity
203.0,14.8,1035,62,3.3,0.0,0.0,43,1,465,990,0.47,2,10,5,15,0.4696969692225283,0,3004.4,115.71000000000001,917.6,3415.5,0.49999999999999994,-0.8660254037844387,0.49999999999999994,-0.8660254037844387,1.0,2.83276944882399e-16,1.0,6.199999999999999,0.0,6.199999999999999,0.0,3.7199999999999993,6.199999999999999,892.7999999999998,3678,4080.2015210146556,402.20152101465555,Very Low Error (<20%),892.7999999999998,6.199999999999999,16.32080608405862,3264.1612168117244,0.8204705956658725,HVAC Moderation,Adjust HVAC setpoint; Reduce cooling or heating intensity
193.3,14.8,1035,62,3.3,0.0,0.0,43,1,480,990,0.48,2,10,5,30,0.4848484843587389,0,2860.84,110.18100000000001,917.6,3415.5,0.49999999999999994,-0.8660254037844387,0.49999999999999994,-0.8660254037844387,5.66553889764798e-16,-1.0,1.0,6.199999999999999,0.0,6.199999999999999,0.0,3.7199999999999993,6.199999999999999,892.7999999999998,3735,3903.3508882513374,168.35088825133744,Very Low Error (<20%),892.7999999999998,6.199999999999999,15.61340355300535,3122.68071060107,0.8138507270484638,HVAC Moderation,Adjust HVAC setpoint; Reduce cooling or heating intensity
214.5,14.8,1035,62,3.3,0.0,0.0,43,1,495,990,0.5,2,10,5,45,0.4999999994949495,0,3174.6000000000004,122.26500000000001,917.6,3415.5,0.49999999999999994,-0.8660254037844387,0.49999999999999994,-0.8660254037844387,-1.0,-1.8369701987210297e-16,1.0,6.199999999999999,0.0,6.199999999999999,0.0,3.7199999999999993,6.199999999999999,892.7999999999998,3711,4120.7285740319785,409.7285740319785,Very Low Error (<20%),892.7999999999998,6.199999999999999,16.482914296127912,3296.582859225583,0.8219218285807206,HVAC Moderation,Adjust HVAC setpoint; Reduce cooling or heating intensity
224.4,15.6,1034,58,3.5,0.0,0.0,66,1,510,990,0.52,3,11,5,0,0.51515151463116,0,3500.64,76.29599999999999,904.8,3619.0,0.258819045102521,-0.9659258262890682,0.49999999999999994,-0.8660254037844387,0.0,1.0,1.0,5.4,0.0,5.4,0.0,3.7199999999999993,5.4,796.8,4267,4089.668794147386,177.33120585261395,Very Low Error (<20%),796.8,5.4,16.358675176589543,3271.735035317909,0.8369374625309631,HVAC Moderation,Adjust HVAC setpoint; Reduce cooling or heating intensity
223.1,15.6,1034,58,3.5,0.0,0.0,66,1,525,990,0.53,3,11,5,15,0.5303030297673706,0,3480.3599999999997,75.85399999999998,904.8,3619.0,0.258819045102521,-0.9659258262890682,0.49999999999999994,-0.8660254037844387,1.0,2.83276944882399e-16,1.0,5.4,0.0,5.4,0.0,3.24,5.4,777.6,3987,4067.3459810531617,80.34598105316172,Very Low Error (<20%),777.6,5.4,16.269383924212647,3253.8767848425296,0.8395028543392606,HVAC Moderation,Adjust HVAC setpoint; Reduce cooling or heating intensity
208.7,15.6,1034,58,3.5,0.0,0.0,66,1,540,990,0.55,3,11,5,30,0.5454545449035813,0,3255.72,70.95799999999998,904.8,3619.0,0.258819045102521,-0.9659258262890682,0.49999999999999994,-0.8660254037844387,5.66553889764798e-16,-1.0,1.0,5.4,0.0,5.4,0.0,3.24,5.4,777.6,3111,3845.4647845278446,734.4647845278446,Low Error (20-50%),777.6,5.4,15.381859138111379,3076.3718276222758,0.8317998909653573,HVAC Moderation,Adjust HVAC setpoint; Reduce cooling or heating intensity
195.0,15.6,1034,58,3.5,0.0,0.0,66,1,555,990,0.56,3,11,5,45,0.5606060600397919,0,3042.0,66.3,904.8,3619.0,0.258819045102521,-0.9659258262890682,0.49999999999999994,-0.8660254037844387,-1.0,-1.8369701987210297e-16,1.0,5.4,0.0,5.4,0.0,3.24,5.4,777.6,4053,3749.3791545056424,303.6208454943576,Very Low Error (<20%),777.6,5.4,14.99751661802257,2999.5033236045138,0.828229825168447,HVAC Moderation,Adjust HVAC setpoint; Reduce cooling or heating intensity
191.5,16.2,1034,56,3.7,0.0,0.0,68,1,570,990,0.58,3,12,5,0,0.5757575751760025,0,3102.2999999999997,61.279999999999994,907.1999999999999,3825.8,1.2246467991473532e-16,-1.0,0.49999999999999994,-0.8660254037844387,0.0,1.0,1.0,4.800000000000001,0.0,4.800000000000001,0.0,3.24,4.800000000000001,705.6000000000001,3709,3667.690097446661,41.309902553338816,Very Low Error (<20%),705.6000000000001,4.800000000000001,14.670760389786645,2934.152077957329,0.8386569413150478,HVAC Moderation,Adjust HVAC setpoint; Reduce cooling or heating intensity
193.5,16.2,1034,56,3.7,0.0,0.0,68,1,585,990,0.59,3,12,5,15,0.5909090903122131,0,3134.7,61.91999999999999,907.1999999999999,3825.8,1.2246467991473532e-16,-1.0,0.49999999999999994,-0.8660254037844387,1.0,2.83276944882399e-16,1.0,4.800000000000001,0.0,4.800000000000001,0.0,2.8800000000000003,4.800000000000001,691.2000000000002,3336,3591.7209248163103,255.72092481631034,Very Low Error (<20%),691.2000000000002,4.800000000000001,14.366883699265241,2873.376739853048,0.8386148114867985,HVAC Moderation,Adjust HVAC setpoint; Reduce cooling or heating intensity
203.5,16.2,1034,56,3.7,0.0,0.0,68,1,600,990,0.61,3,12,5,30,0.6060606054484237,0,3296.7,65.11999999999999,907.1999999999999,3825.8,1.2246467991473532e-16,-1.0,0.49999999999999994,-0.8660254037844387,5.66553889764798e-16,-1.0,1.0,4.800000000000001,0.0,4.800000000000001,0.0,2.8800000000000003,4.800000000000001,691.2000000000002,3353,3722.004545621737,369.0045456217372,Very Low Error (<20%),691.2000000000002,4.800000000000001,14.888018182486949,2977.6036364973897,0.843379115176271,HVAC Moderation,Adjust HVAC setpoint; Reduce cooling or heating intensity
204.2,16.2,1034,56,3.7,0.0,0.0,68,1,615,990,0.62,3,12,5,45,0.6212121205846343,0,3308.0399999999995,65.34399999999998,907.1999999999999,3825.8,1.2246467991473532e-16,-1.0,0.49999999999999994,-0.8660254037844387,-1.0,-1.8369701987210297e-16,1.0,4.800000000000001,0.0,4.800000000000001,0.0,2.8800000000000003,4.800000000000001,691.2000000000002,3509,3764.9338540912054,255.93385409120538,Very Low Error (<20%),691.2000000000002,4.800000000000001,15.059735416364822,3011.9470832729644,0.844887962642708,HVAC Moderation,Adjust HVAC setpoint; Reduce cooling or heating intensity
198.7,16.8,1034,55,3.8,0.0,0.0,83,1,630,990,0.64,3,13,5,0,0.6363636357208449,0,3338.16,33.779,924.0,3929.2,-0.2588190451025208,-0.9659258262890683,0.49999999999999994,-0.8660254037844387,0.0,1.0,1.0,4.199999999999999,0.0,4.199999999999999,0.0,2.8800000000000003,4.199999999999999,619.1999999999999,3643,3600.130698067854,42.869301932145845,Very Low Error (<20%),619.1999999999999,4.199999999999999,14.400522792271417,2880.1045584542835,0.8532468665855474,Energy Storage,Store excess energy; Prepare controlled charging window
192.6,16.8,1034,55,3.8,0.0,0.0,83,1,645,990,0.65,3,13,5,15,0.6515151508570554,0,3235.68,32.742000000000004,924.0,3929.2,-0.2588190451025208,-0.9659258262890683,0.49999999999999994,-0.8660254037844387,1.0,2.83276944882399e-16,1.0,4.199999999999999,0.0,4.199999999999999,0.0,2.5199999999999996,4.199999999999999,604.7999999999998,3409,3458.9666615451474,49.96666154514742,Very Low Error (<20%),604.7999999999998,4.199999999999999,13.83586664618059,2767.1733292361178,0.8511725570824945,Energy Storage,Store excess energy; Prepare controlled charging window
186.0,16.8,1034,55,3.8,0.0,0.0,83,1,660,990,0.67,3,13,5,30,0.666666665993266,0,3124.8,31.620000000000008,924.0,3929.2,-0.2588190451025208,-0.9659258262890683,0.49999999999999994,-0.8660254037844387,5.66553889764798e-16,-1.0,1.0,4.199999999999999,0.0,4.199999999999999,0.0,2.5199999999999996,4.199999999999999,604.7999999999998,3148,3292.1640625423274,144.16406254232743,Very Low Error (<20%),604.7999999999998,4.199999999999999,13.16865625016931,2633.731250033862,0.8448022637267436,Energy Storage,Store excess energy; Prepare controlled charging window
178.8,16.8,1034,55,3.8,0.0,0.0,83,1,675,990,0.68,3,13,5,45,0.6818181811294766,0,3003.84,30.396000000000008,924.0,3929.2,-0.2588190451025208,-0.9659258262890683,0.49999999999999994,-0.8660254037844387,-1.0,-1.8369701987210297e-16,1.0,4.199999999999999,0.0,4.199999999999999,0.0,2.5199999999999996,4.199999999999999,604.7999999999998,2954,3160.1926621036605,206.1926621036605,Very Low Error (<20%),604.7999999999998,4.199999999999999,12.640770648414643,2528.154129682928,0.8393622364986405,HVAC Moderation,Adjust HVAC setpoint; Reduce cooling or heating intensity
171.1,16.8,1034,55,3.7,0.0,0.0,18,1,690,990,0.7,2,14,5,0,0.6969696962656872,0,2874.48,140.302,924.0,3825.8,-0.4999999999999997,-0.8660254037844388,0.49999999999999994,-0.8660254037844387,0.0,1.0,1.0,4.199999999999999,0.0,4.199999999999999,0.0,2.5199999999999996,4.199999999999999,604.7999999999998,2695,2850.2604582439144,155.2604582439144,Very Low Error (<20%),604.7999999999998,4.199999999999999,11.401041832975658,2280.2083665951313,0.8249524116482898,HVAC Moderation,Adjust HVAC setpoint; Reduce cooling or heating intensity
163.0,16.8,1034,55,3.7,0.0,0.0,18,1,705,990,0.71,2,14,5,15,0.7121212114018978,0,2738.4,133.66,924.0,3825.8,-0.4999999999999997,-0.8660254037844388,0.49999999999999994,-0.8660254037844387,1.0,2.83276944882399e-16,1.0,4.199999999999999,0.0,4.199999999999999,0.0,2.5199999999999996,4.199999999999999,604.7999999999998,2203,2663.20916818354,460.20916818354,Low Error (20-50%),604.7999999999998,4.199999999999999,10.65283667273416,2130.567334546832,0.8149331994833113,HVAC Moderation,Adjust HVAC setpoint; Reduce cooling or heating intensity
154.5,16.8,1034,55,3.7,0.0,0.0,18,1,720,990,0.73,2,14,5,30,0.7272727265381084,0,2595.6,126.69000000000001,924.0,3825.8,-0.4999999999999997,-0.8660254037844388,0.49999999999999994,-0.8660254037844387,5.66553889764798e-16,-1.0,1.0,4.199999999999999,0.0,4.199999999999999,0.0,2.5199999999999996,4.199999999999999,604.7999999999998,1878,2379.4415471488583,501.44154714885826,Low Error (20-50%),604.7999999999998,4.199999999999999,9.517766188595433,1903.5532377190866,0.7973354397618515,HVAC Moderation,Adjust HVAC setpoint; Reduce cooling or heating intensity
145.6,16.8,1034,55,3.7,0.0,0.0,18,1,735,990,0.74,2,14,5,45,0.742424241674319,0,2446.08,119.39200000000001,924.0,3825.8,-0.4999999999999997,-0.8660254037844388,0.49999999999999994,-0.8660254037844387,-1.0,-1.8369701987210297e-16,1.0,4.199999999999999,0.0,4.199999999999999,0.0,2.5199999999999996,4.199999999999999,604.7999999999998,2052,2202.6028713943583,150.60287139435832,Very Low Error (<20%),604.7999999999998,4.199999999999999,8.810411485577433,1762.0822971154867,0.7845695724874064,HVAC Moderation,Adjust HVAC setpoint; Reduce cooling or heating intensity
136.4,16.7,1034,56,3.8,0.0,0.0,5,1,750,990,0.76,1,15,5,0,0.7575757568105296,0,2277.88,129.58,935.1999999999999,3929.2,-0.7071067811865471,-0.7071067811865479,0.49999999999999994,-0.8660254037844387,0.0,1.0,1.0,4.300000000000001,0.0,4.300000000000001,0.0,2.5199999999999996,4.300000000000001,616.8000000000001,1816,1950.6887410707047,134.68874107070474,Very Low Error (<20%),616.8000000000001,4.300000000000001,7.802754964282819,1560.5509928565639,0.7597652558731204,HVAC Moderation,Adjust HVAC setpoint; Reduce cooling or heating intensity
126.9,16.7,1034,56,3.8,0.0,0.0,5,1,765,990,0.77,1,15,5,15,0.7727272719467402,0,2119.23,120.555,935.1999999999999,3929.2,-0.7071067811865471,-0.7071067811865479,0.49999999999999994,-0.8660254037844387,1.0,2.83276944882399e-16,1.0,4.300000000000001,0.0,4.300000000000001,0.0,2.5800000000000005,4.300000000000001,619.2000000000002,1559,1655.2318806981514,96.23188069815137,Very Low Error (<20%),619.2000000000002,4.300000000000001,6.620927522792606,1324.1855045585212,0.7277561900259292,HVAC Moderation,Adjust HVAC setpoint; Reduce cooling or heating intensity
117.2,16.7,1034,56,3.8,0.0,0.0,5,1,780,990,0.79,1,15,5,30,0.7878787870829507,0,1957.24,111.34,935.1999999999999,3929.2,-0.7071067811865471,-0.7071067811865479,0.49999999999999994,-0.8660254037844387,5.66553889764798e-16,-1.0,1.0,4.300000000000001,0.0,4.300000000000001,0.0,2.5800000000000005,4.300000000000001,619.2000000000002,1280,1431.9866472724623,151.98664727246228,Very Low Error (<20%),619.2000000000002,4.300000000000001,5.727946589089849,1145.58931781797,0.6981259596626671,HVAC Moderation,Adjust HVAC setpoint; Reduce cooling or heating intensity
107.3,16.7,1034,56,3.8,0.0,0.0,5,1,795,990,0.8,1,15,5,45,0.8030303022191613,0,1791.9099999999999,101.93499999999999,935.1999999999999,3929.2,-0.7071067811865471,-0.7071067811865479,0.49999999999999994,-0.8660254037844387,-1.0,-1.8369701987210297e-16,1.0,4.300000000000001,0.0,4.300000000000001,0.0,2.5800000000000005,4.300000000000001,619.2000000000002,1004,1187.0463517392466,183.04635173924657,Very Low Error (<20%),619.2000000000002,4.300000000000001,4.748185406956987,949.6370813913973,0.6571896186470035,HVAC Moderation,Adjust HVAC setpoint; Reduce cooling or heating intensity
97.3,15.7,1034,56,4.1,0.0,0.0,7,1,810,990,0.82,1,16,5,0,0.8181818173553719,0,1527.61,90.48899999999999,879.1999999999999,4239.4,-0.8660254037844384,-0.5000000000000004,0.49999999999999994,-0.8660254037844387,0.0,1.0,1.0,5.300000000000001,0.0,5.300000000000001,0.0,2.5800000000000005,5.300000000000001,739.2000000000002,729,845.887368502819,116.88736850281896,Very Low Error (<20%),739.2000000000002,5.300000000000001,3.383549474011276,676.7098948022551,0.5336534659084068,HVAC Moderation,Adjust HVAC setpoint; Reduce cooling or heating intensity
87.2,15.7,1034,56,4.1,0.0,0.0,7,1,825,990,0.83,1,16,5,15,0.8333333324915825,0,1369.04,81.096,879.1999999999999,4239.4,-0.8660254037844384,-0.5000000000000004,0.49999999999999994,-0.8660254037844387,1.0,2.83276944882399e-16,1.0,5.300000000000001,0.0,5.300000000000001,0.0,3.18,5.300000000000001,763.2000000000002,488,710.2441547312027,222.24415473120268,Low Error (20-50%),763.2000000000002,5.300000000000001,2.840976618924811,568.1953237849622,0.48202991064750667,HVAC Moderation,Adjust HVAC setpoint; Reduce cooling or heating intensity
77.1,15.7,1034,56,4.1,0.0,0.0,7,1,840,990,0.85,1,16,5,30,0.8484848476277931,0,1210.4699999999998,71.70299999999999,879.1999999999999,4239.4,-0.8660254037844384,-0.5000000000000004,0.49999999999999994,-0.8660254037844387,5.66553889764798e-16,-1.0,1.0,5.300000000000001,0.0,5.300000000000001,0.0,3.18,5.300000000000001,763.2000000000002,307,465.3803294654861,158.3803294654861,Moderate Error (50-60%),763.2000000000002,5.300000000000001,1.8615213178619445,372.3042635723889,0.3787951979413199,HVAC Moderation,Adjust HVAC setpoint; Reduce cooling or heating intensity
67.1,15.7,1034,56,4.1,0.0,0.0,7,1,855,990,0.86,1,16,5,45,0.8636363627640037,0,1053.4699999999998,62.40299999999999,879.1999999999999,4239.4,-0.8660254037844384,-0.5000000000000004,0.49999999999999994,-0.8660254037844387,-1.0,-1.8369701987210297e-16,1.0,5.300000000000001,0.0,5.300000000000001,0.0,3.18,5.300000000000001,763.2000000000002,200,397.9119309557878,197.9119309557878,High Error (>60%),763.2000000000002,5.300000000000001,1.5916477238231512,318.3295447646302,0.34269902840938093,HVAC Moderation,Adjust HVAC setpoint; Reduce cooling or heating intensity
57.3,15.0,1034,58,3.9,0.0,0.0,13,1,870,990,0.88,2,17,5,0,0.8787878779002143,0,859.5,49.851,870.0,4032.6,-0.9659258262890683,-0.25881904510252063,0.49999999999999994,-0.8660254037844387,0.0,1.0,1.0,6.0,0.0,6.0,0.0,3.18,6.0,847.2,167,300.16646126551996,133.16646126551996,High Error (>60%),847.2,6.0,1.2006658450620797,240.13316901241598,0.2616134174541144,HVAC Moderation,Adjust HVAC setpoint; Reduce cooling or heating intensity
47.6,15.0,1034,58,3.9,0.0,0.0,13,1,885,990,0.89,2,17,5,15,0.8939393930364249,0,714.0,41.412,870.0,4032.6,-0.9659258262890683,-0.25881904510252063,0.49999999999999994,-0.8660254037844387,1.0,2.83276944882399e-16,1.0,6.0,0.0,6.0,0.0,3.5999999999999996,6.0,864.0,153,227.0655151391101,74.06551513911009,Low Error (20-50%),864.0,6.0,0.9082620605564403,181.65241211128807,0.20811354751877187,HVAC Moderation,Adjust HVAC setpoint; Reduce cooling or heating intensity
38.3,15.0,1034,58,3.9,0.0,0.0,13,1,900,990,0.91,2,17,5,30,0.9090909081726355,0,574.5,33.321,870.0,4032.6,-0.9659258262890683,-0.25881904510252063,0.49999999999999994,-0.8660254037844387,5.66553889764798e-16,-1.0,1.0,6.0,0.0,6.0,0.0,3.5999999999999996,6.0,864.0,129,188.95991496208606,59.95991496208606,Low Error (20-50%),864.0,6.0,0.7558396598483442,151.16793196966884,0.17945594328672423,HVAC Moderation,Adjust HVAC setpoint; Reduce cooling or heating intensity
29.4,15.0,1034,58,3.9,0.0,0.0,13,1,915,990,0.92,2,17,5,45,0.924242423308846,0,441.0,25.578,870.0,4032.6,-0.9659258262890683,-0.25881904510252063,0.49999999999999994,-0.8660254037844387,-1.0,-1.8369701987210297e-16,1.0,6.0,0.0,6.0,0.0,3.5999999999999996,6.0,864.0,117,168.0720256908883,51.072025690888296,Low Error (20-50%),864.0,6.0,0.6722881027635532,134.45762055271064,0.1628491242319339,HVAC Moderation,Adjust HVAC setpoint; Reduce cooling or heating intensity
21.1,13.8,1034,64,3.0,0.0,0.0,10,1,930,990,0.94,1,18,5,0,0.9393939384450566,0,291.18,18.990000000000002,883.2,3102.0,-1.0,-1.8369701987210297e-16,0.49999999999999994,-0.8660254037844387,0.0,1.0,1.0,7.199999999999999,0.0,7.199999999999999,0.0,3.5999999999999996,7.199999999999999,1007.9999999999999,98,124.85090654791581,26.850906547915812,Low Error (20-50%),1007.9999999999999,7.199999999999999,0.49940362619166323,99.88072523833264,0.11020947744850092,HVAC Moderation,Adjust HVAC setpoint; Reduce cooling or heating intensity
13.6,13.8,1034,64,3.0,0.0,0.0,10,1,945,990,0.95,1,18,5,15,0.9545454535812672,0,187.68,12.24,883.2,3102.0,-1.0,-1.8369701987210297e-16,0.49999999999999994,-0.8660254037844387,1.0,2.83276944882399e-16,1.0,7.199999999999999,0.0,7.199999999999999,0.0,4.319999999999999,7.199999999999999,1036.8,74,86.96719193470487,12.967191934704871,Very Low Error (<20%),1036.8,7.199999999999999,0.3478687677388195,69.5737535477639,0.0773889756539262,HVAC Moderation,Adjust HVAC setpoint; Reduce cooling or heating intensity
7.2,13.8,1034,64,3.0,0.0,0.0,10,1,960,990,0.97,1,18,5,30,0.9696969687174778,0,99.36000000000001,6.48,883.2,3102.0,-1.0,-1.8369701987210297e-16,0.49999999999999994,-0.8660254037844387,5.66553889764798e-16,-1.0,1.0,7.199999999999999,0.0,7.199999999999999,0.0,4.319999999999999,7.199999999999999,1036.8,51,43.102411533415676,7.897588466584324,Very Low Error (<20%),1036.8,7.199999999999999,0.1724096461336627,34.48192922673254,0.03991324682042225,HVAC Moderation,Adjust HVAC setpoint; Reduce cooling or heating intensity
2.3,13.8,1034,64,3.0,0.0,0.0,10,1,975,990,0.98,1,18,5,45,0.9848484838536884,0,31.74,2.07,883.2,3102.0,-1.0,-1.8369701987210297e-16,0.49999999999999994,-0.8660254037844387,-1.0,-1.8369701987210297e-16,1.0,7.199999999999999,0.0,7.199999999999999,0.0,4.319999999999999,7.199999999999999,1036.8,25,11.538642606290598,13.461357393709402,Moderate Error (50-60%),1036.8,7.199999999999999,0.04615457042516239,9.230914085032477,0.01100659856112678,HVAC Moderation,Adjust HVAC setpoint; Reduce cooling or heating intensity
0.1,11.6,1035,74,2.3,0.0,0.0,0,1,990,990,1.0,1,19,5,0,0.999999998989899,0,1.16,0.1,858.4,2380.5,-0.9659258262890684,0.2588190451025203,0.49999999999999994,-0.8660254037844387,0.0,1.0,1.0,9.4,0.0,9.4,0.0,4.319999999999999,9.4,1300.8,5,17.648046253604765,12.648046253604765,High Error (>60%),1300.8,9.4,0.07059218501441906,14.118437002883812,0.013385469598416529,HVAC Moderation,Adjust HVAC setpoint; Reduce cooling or heating intensity
0.0,11.6,1035,74,2.3,0.0,0.0,0,0,0,990,0.0,1,19,5,15,0.0,1,0.0,0.0,858.4,2380.5,-0.9659258262890684,0.2588190451025203,0.49999999999999994,-0.8660254037844387,1.0,2.83276944882399e-16,1.0,9.4,0.0,9.4,0.0,5.64,9.4,1353.6,0,1.2489509713689448,1.2489509713689448,Zero-Actual / Undefined % Error,1353.6,9.4,0.0049958038854757796,0.9991607770951558,0.0009218377956831738,HVAC Moderation,Adjust HVAC setpoint; Reduce cooling or heating intensity
0.0,11.6,1035,74,2.3,0.0,0.0,0,0,0,990,0.0,1,19,5,30,0.0,1,0.0,0.0,858.4,2380.5,-0.9659258262890684,0.2588190451025203,0.49999999999999994,-0.8660254037844387,5.66553889764798e-16,-1.0,1.0,9.4,0.0,9.4,0.0,5.64,9.4,1353.6,0,0.9739359699799929,0.9739359699799929,Zero-Actual / Undefined % Error,1353.6,9.4,0.0038957438799199716,0.7791487759839943,0.0007189980136178991,HVAC Moderation,Adjust HVAC setpoint; Reduce cooling or heating intensity
0.0,11.6,1035,74,2.3,0.0,0.0,0,0,0,990,0.0,1,19,5,45,0.0,1,0.0,0.0,858.4,2380.5,-0.9659258262890684,0.2588190451025203,0.49999999999999994,-0.8660254037844387,-1.0,-1.8369701987210297e-16,1.0,9.4,0.0,9.4,0.0,5.64,9.4,1353.6,0,0.7422476253926454,0.7422476253926454,Zero-Actual / Undefined % Error,1353.6,9.4,0.002968990501570582,0.5937981003141164,0.0005480502628829599,HVAC Moderation,Adjust HVAC setpoint; Reduce cooling or heating intensity
0.0,9.7,1035,85,2.1,0.0,0.0,17,0,0,990,0.0,2,20,5,0,0.0,1,0.0,0.0,824.4999999999999,2173.5,-0.8660254037844386,0.5000000000000001,0.49999999999999994,-0.8660254037844387,0.0,1.0,1.0,11.3,0.0,11.3,0.0,5.64,11.3,1581.6,0,-0.668443211548284,0.668443211548284,Zero-Actual / Undefined % Error,1581.6,11.3,-0.002673772846193136,-0.5347545692386272,-0.0004228160341636561,HVAC Moderation,Adjust HVAC setpoint; Reduce cooling or heating intensity
0.0,9.7,1035,85,2.1,0.0,0.0,17,0,0,990,0.0,2,20,5,15,0.0,1,0.0,0.0,824.4999999999999,2173.5,-0.8660254037844386,0.5000000000000001,0.49999999999999994,-0.8660254037844387,1.0,2.83276944882399e-16,1.0,11.3,0.0,11.3,0.0,6.78,11.3,1627.2,0,0.1388111638704567,0.1388111638704567,Zero-Actual / Undefined % Error,1627.2,11.3,0.0005552446554818268,0.11104893109636535,8.529948578186963e-05,HVAC Moderation,Adjust HVAC setpoint; Reduce cooling or heating intensity
0.0,9.7,1035,85,2.1,0.0,0.0,17,0,0,990,0.0,2,20,5,30,0.0,1,0.0,0.0,824.4999999999999,2173.5,-0.8660254037844386,0.5000000000000001,0.49999999999999994,-0.8660254037844387,5.66553889764798e-16,-1.0,1.0,11.3,0.0,11.3,0.0,6.78,11.3,1627.2,0,0.035154779460685244,0.035154779460685244,Zero-Actual / Undefined % Error,1627.2,11.3,0.00014061911784274097,0.028123823568548194,2.1603994564538385e-05,HVAC Moderation,Adjust HVAC setpoint; Reduce cooling or heating intensity
0.0,9.7,1035,85,2.1,0.0,0.0,17,0,0,990,0.0,2,20,5,45,0.0,1,0.0,0.0,824.4999999999999,2173.5,-0.8660254037844386,0.5000000000000001,0.49999999999999994,-0.8660254037844387,-1.0,-1.8369701987210297e-16,1.0,11.3,0.0,11.3,0.0,6.78,11.3,1627.2,0,-0.2783194987699543,0.2783194987699543,Zero-Actual / Undefined % Error,1627.2,11.3,-0.0011132779950798173,-0.22265559901596346,-0.0001710712334432331,HVAC Moderation,Adjust HVAC setpoint; Reduce cooling or heating intensity
0.0,8.6,1035,91,1.7,0.0,0.0,40,0,0,990,0.0,2,21,5,0,0.0,1,0.0,0.0,782.6,1759.5,-0.7071067811865477,0.7071067811865474,0.49999999999999994,-0.8660254037844387,0.0,1.0,1.0,12.4,0.0,12.4,0.0,6.78,12.4,1759.2,0,-0.254294903164217,0.254294903164217,Zero-Actual / Undefined % Error,1759.2,12.4,-0.001017179612656868,-0.2034359225313736,-0.00014457234369587597,HVAC Moderation,Adjust HVAC setpoint; Reduce cooling or heating intensity
0.0,8.6,1035,91,1.7,0.0,0.0,40,0,0,990,0.0,2,21,5,15,0.0,1,0.0,0.0,782.6,1759.5,-0.7071067811865477,0.7071067811865474,0.49999999999999994,-0.8660254037844387,1.0,2.83276944882399e-16,1.0,12.4,0.0,12.4,0.0,7.4399999999999995,12.4,1785.6,0,-0.03366547402065607,0.03366547402065607,Zero-Actual / Undefined % Error,1785.6,12.4,-0.00013466189608262428,-0.026932379216524853,-1.885422756401774e-05,HVAC Moderation,Adjust HVAC setpoint; Reduce cooling or heating intensity
0.0,8.6,1035,91,1.7,0.0,0.0,40,0,0,990,0.0,2,21,5,30,0.0,1,0.0,0.0,782.6,1759.5,-0.7071067811865477,0.7071067811865474,0.49999999999999994,-0.8660254037844387,5.66553889764798e-16,-1.0,1.0,12.4,0.0,12.4,0.0,7.4399999999999995,12.4,1785.6,0,-0.20691540680215834,0.20691540680215834,Zero-Actual / Undefined % Error,1785.6,12.4,-0.0008276616272086334,-0.16553232544172666,-0.0001158934738079881,HVAC Moderation,Adjust HVAC setpoint; Reduce cooling or heating intensity
0.0,8.6,1035,91,1.7,0.0,0.0,40,0,0,990,0.0,2,21,5,45,0.0,1,0.0,0.0,782.6,1759.5,-0.7071067811865477,0.7071067811865474,0.49999999999999994,-0.8660254037844387,-1.0,-1.8369701987210297e-16,1.0,12.4,0.0,12.4,0.0,7.4399999999999995,12.4,1785.6,0,-0.5568439345514374,0.5568439345514374,Zero-Actual / Undefined % Error,1785.6,12.4,-0.0022273757382057498,-0.4454751476411499,-0.0003119498440961339,HVAC Moderation,Adjust HVAC setpoint; Reduce cooling or heating intensity
0.0,6.9,1035,97,2.2,0.0,0.0,58,0,0,990,0.0,3,22,5,0,0.0,1,0.0,0.0,669.3000000000001,2277.0,-0.5000000000000004,0.8660254037844384,0.49999999999999994,-0.8660254037844387,0.0,1.0,1.0,14.1,0.0,14.1,0.0,7.4399999999999995,14.1,1989.6,0,-0.3733267011207051,0.3733267011207051,Zero-Actual / Undefined % Error,1989.6,14.1,-0.0014933068044828204,-0.2986613608965641,-0.00018767428867918606,HVAC Moderation,Adjust HVAC setpoint; Reduce cooling or heating intensity
0.0,6.9,1035,97,2.2,0.0,0.0,58,0,0,990,0.0,3,22,5,15,0.0,1,0.0,0.0,669.3000000000001,2277.0,-0.5000000000000004,0.8660254037844384,0.49999999999999994,-0.8660254037844387,1.0,2.83276944882399e-16,1.0,14.1,0.0,14.1,0.0,8.459999999999999,14.1,2030.4,0,0.07737192630628777,0.07737192630628777,Zero-Actual / Undefined % Error,2030.4,14.1,0.00030948770522515106,0.061897541045030216,3.810528860746673e-05,HVAC Moderation,Adjust HVAC setpoint; Reduce cooling or heating intensity
0.0,6.9,1035,97,2.2,0.0,0.0,58,0,0,990,0.0,3,22,5,30,0.0,1,0.0,0.0,669.3000000000001,2277.0,-0.5000000000000004,0.8660254037844384,0.49999999999999994,-0.8660254037844387,5.66553889764798e-16,-1.0,1.0,14.1,0.0,14.1,0.0,8.459999999999999,14.1,2030.4,0,-0.1898110987675403,0.1898110987675403,Zero-Actual / Undefined % Error,2030.4,14.1,-0.0007592443950701612,-0.15184887901403224,-9.349332384977063e-05,HVAC Moderation,Adjust HVAC setpoint; Reduce cooling or heating intensity
0.0,6.9,1035,97,2.2,0.0,0.0,58,0,0,990,0.0,3,22,5,45,0.0,1,0.0,0.0,669.3000000000001,2277.0,-0.5000000000000004,0.8660254037844384,0.49999999999999994,-0.8660254037844387,-1.0,-1.8369701987210297e-16,1.0,14.1,0.0,14.1,0.0,8.459999999999999,14.1,2030.4,0,-0.3425268339780946,0.3425268339780946,Zero-Actual / Undefined % Error,2030.4,14.1,-0.0013701073359123784,-0.27402146718247566,-0.0001687276534467625,HVAC Moderation,Adjust HVAC setpoint; Reduce cooling or heating intensity
0.0,6.6,1035,98,2.3,0.0,0.0,79,0,0,990,0.0,3,23,5,0,0.0,1,0.0,0.0,646.8,2380.5,-0.25881904510252157,0.9659258262890681,0.49999999999999994,-0.8660254037844387,0.0,1.0,0.6,14.4,0.0,8.64,0.0,8.459999999999999,14.4,1375.2000000000003,0,-0.8166221569361999,0.8166221569361999,Zero-Actual / Undefined % Error,1375.2000000000003,14.4,-0.0032664886277447994,-0.6532977255489599,-0.0005941734813641449,HVAC Moderation,Adjust HVAC setpoint; Reduce cooling or heating intensity
0.0,6.6,1035,98,2.3,0.0,0.0,79,0,0,990,0.0,3,23,5,15,0.0,1,0.0,0.0,646.8,2380.5,-0.25881904510252157,0.9659258262890681,0.49999999999999994,-0.8660254037844387,1.0,2.83276944882399e-16,0.6,14.4,0.0,8.64,0.0,5.184,14.4,1244.1600000000003,0,-1.070439341904966,1.070439341904966,Zero-Actual / Undefined % Error,1244.1600000000003,14.4,-0.004281757367619864,-0.8563514735239728,-0.0008611120026437678,HVAC Moderation,Adjust HVAC setpoint; Reduce cooling or heating intensity
0.0,6.6,1035,98,2.3,0.0,0.0,79,0,0,990,0.0,3,23,5,30,0.0,1,0.0,0.0,646.8,2380.5,-0.25881904510252157,0.9659258262890681,0.49999999999999994,-0.8660254037844387,5.66553889764798e-16,-1.0,0.6,14.4,0.0,8.64,0.0,5.184,14.4,1244.1600000000003,0,-1.2787767973777688,1.2787767973777688,Zero-Actual / Undefined % Error,1244.1600000000003,14.4,-0.005115107189511075,-1.0230214379022151,-0.0010288809360670607,HVAC Moderation,Adjust HVAC setpoint; Reduce cooling or heating intensity
0.0,6.6,1035,98,2.3,0.0,0.0,79,0,0,990,0.0,3,23,5,45,0.0,1,0.0,0.0,646.8,2380.5,-0.25881904510252157,0.9659258262890681,0.49999999999999994,-0.8660254037844387,-1.0,-1.8369701987210297e-16,0.6,14.4,0.0,8.64,0.0,5.184,14.4,1244.1600000000003,0,-1.2945587648327272,1.2945587648327272,Zero-Actual / Undefined % Error,1244.1600000000003,14.4,-0.005178235059330909,-1.0356470118661818,-0.0010415920507891782,HVAC Moderation,Adjust HVAC setpoint; Reduce cooling or heating intensity
0.0,6.8,1035,100,1.9,0.0,0.0,85,0,0,990,0.0,4,0,5,0,0.0,1,0.0,0.0,680.0,1966.5,0.0,1.0,0.49999999999999994,-0.8660254037844387,0.0,1.0,0.6,14.2,0.0,8.52,0.0,5.184,14.2,1229.76,0,1.60102469276772,1.60102469276772,Zero-Actual / Undefined % Error,1229.76,14.2,0.00640409877107088,1.2808197542141762,0.0013002073797706716,HVAC Moderation,Adjust HVAC setpoint; Reduce cooling or heating intensity
0.0,6.8,1035,100,1.9,0.0,0.0,85,0,0,990,0.0,4,0,5,15,0.0,1,0.0,0.0,680.0,1966.5,0.0,1.0,0.49999999999999994,-0.8660254037844387,1.0,2.83276944882399e-16,0.6,14.2,0.0,8.52,0.0,5.111999999999999,14.2,1226.8799999999999,0,2.0272315952908664,2.0272315952908664,Zero-Actual / Undefined % Error,1226.8799999999999,14.2,0.008108926381163466,1.6217852762326932,0.001649621339610492,HVAC Moderation,Adjust HVAC setpoint; Reduce cooling or heating intensity
0.0,6.8,1035,100,1.9,0.0,0.0,85,0,0,990,0.0,4,0,5,30,0.0,1,0.0,0.0,680.0,1966.5,0.0,1.0,0.49999999999999994,-0.8660254037844387,5.66553889764798e-16,-1.0,0.6,14.2,0.0,8.52,0.0,5.111999999999999,14.2,1226.8799999999999,0,2.2225455055227754,2.2225455055227754,Zero-Actual / Undefined % Error,1226.8799999999999,14.2,0.008890182022091101,1.7780364044182204,0.001808266943911005,HVAC Moderation,Adjust HVAC setpoint; Reduce cooling or heating intensity
0.0,6.8,1035,100,1.9,0.0,0.0,85,0,0,990,0.0,4,0,5,45,0.0,1,0.0,0.0,680.0,1966.5,0.0,1.0,0.49999999999999994,-0.8660254037844387,-1.0,-1.8369701987210297e-16,0.6,14.2,0.0,8.52,0.0,5.111999999999999,14.2,1226.8799999999999,0,2.028401821825358,2.028401821825358,Zero-Actual / Undefined % Error,1226.8799999999999,14.2,0.008113607287301433,1.6227214574602864,0.0016505720175464113,HVAC Moderation,Adjust HVAC setpoint; Reduce cooling or heating intensity
0.0,4.9,1034,100,1.6,0.0,0.0,100,0,0,990,0.0,4,1,5,0,0.0,1,0.0,0.0,490.00000000000006,1654.4,0.25881904510252074,0.9659258262890683,0.49999999999999994,-0.8660254037844387,0.0,1.0,0.6,16.1,0.0,9.66,0.0,5.111999999999999,16.1,1363.68,0,5.266277618677641,5.266277618677641,Zero-Actual / Undefined % Error,1363.68,16.1,0.021065110474710564,4.213022094942113,0.0038469571092238394,HVAC Moderation,Adjust HVAC setpoint; Reduce cooling or heating intensity
0.0,4.9,1034,100,1.6,0.0,0.0,100,0,0,990,0.0,4,1,5,15,0.0,1,0.0,0.0,490.00000000000006,1654.4,0.25881904510252074,0.9659258262890683,0.49999999999999994,-0.8660254037844387,1.0,2.83276944882399e-16,0.6,16.1,0.0,9.66,0.0,5.796,16.1,1391.04,0,5.65930501588301,5.65930501588301,Zero-Actual / Undefined % Error,1391.04,16.1,0.02263722006353204,4.527444012706408,0.004051913673549612,HVAC Moderation,Adjust HVAC setpoint; Reduce cooling or heating intensity
0.0,4.9,1034,100,1.6,0.0,0.0,100,0,0,990,0.0,4,1,5,30,0.0,1,0.0,0.0,490.00000000000006,1654.4,0.25881904510252074,0.9659258262890683,0.49999999999999994,-0.8660254037844387,5.66553889764798e-16,-1.0,0.6,16.1,0.0,9.66,0.0,5.796,16.1,1391.04,0,5.925196819961977,5.925196819961977,Zero-Actual / Undefined % Error,1391.04,16.1,0.02370078727984791,4.740157455969582,0.004241477761370548,HVAC Moderation,Adjust HVAC setpoint; Reduce cooling or heating intensity
0.0,4.9,1034,100,1.6,0.0,0.0,100,0,0,990,0.0,4,1,5,45,0.0,1,0.0,0.0,490.00000000000006,1654.4,0.25881904510252074,0.9659258262890683,0.49999999999999994,-0.8660254037844387,-1.0,-1.8369701987210297e-16,0.6,16.1,0.0,9.66,0.0,5.796,16.1,1391.04,0,5.776871369421862,5.776871369421862,Zero-Actual / Undefined % Error,1391.04,16.1,0.02310748547768745,4.62149709553749,0.004135739969708806,HVAC Moderation,Adjust HVAC setpoint; Reduce cooling or heating intensity
0.0,4.0,1034,100,1.4,0.0,0.0,100,0,0,990,0.0,4,2,5,0,0.0,1,0.0,0.0,400.0,1447.6,0.49999999999999994,0.8660254037844387,0.49999999999999994,-0.8660254037844387,0.0,1.0,0.6,17.0,0.0,10.2,0.0,5.796,17.0,1455.84,0,7.669447371563683,7.669447371563683,Zero-Actual / Undefined % Error,1455.84,17.0,0.03067778948625473,6.135557897250946,0.005240449509975779,HVAC Moderation,Adjust HVAC setpoint; Reduce cooling or heating intensity
0.0,4.0,1034,100,1.4,0.0,0.0,100,0,0,990,0.0,4,2,5,15,0.0,1,0.0,0.0,400.0,1447.6,0.49999999999999994,0.8660254037844387,0.49999999999999994,-0.8660254037844387,1.0,2.83276944882399e-16,0.6,17.0,0.0,10.2,0.0,6.119999999999999,17.0,1468.8,0,8.308920464837179,8.308920464837179,Zero-Actual / Undefined % Error,1468.8,17.0,0.03323568185934871,6.647136371869744,0.0056251237428024525,HVAC Moderation,Adjust HVAC setpoint; Reduce cooling or heating intensity
0.0,4.0,1034,100,1.4,0.0,0.0,100,0,0,990,0.0,4,2,5,30,0.0,1,0.0,0.0,400.0,1447.6,0.49999999999999994,0.8660254037844387,0.49999999999999994,-0.8660254037844387,5.66553889764798e-16,-1.0,0.6,17.0,0.0,10.2,0.0,6.119999999999999,17.0,1468.8,0,8.574812268916146,8.574812268916146,Zero-Actual / Undefined % Error,1468.8,17.0,0.03429924907566458,6.859849815132916,0.005804087217341327,HVAC Moderation,Adjust HVAC setpoint; Reduce cooling or heating intensity
0.8,4.0,1034,100,1.4,0.0,0.0,100,1,15,990,0.02,4,2,5,45,0.01515151513621059,0,3.2,0.0,400.0,1447.6,0.49999999999999994,0.8660254037844387,0.49999999999999994,-0.8660254037844387,-1.0,-1.8369701987210297e-16,0.6,17.0,0.0,10.2,0.0,6.119999999999999,17.0,1468.8,0,9.023784666346794,9.023784666346794,Zero-Actual / Undefined % Error,1468.8,17.0,0.036095138665387175,7.219027733077435,0.006106130347792442,HVAC Moderation,Adjust HVAC setpoint; Reduce cooling or heating intensity
4.4,4.1,1034,100,0.9,0.0,0.0,100,1,30,990,0.03,4,3,5,0,0.03030303027242118,0,18.04,0.0,409.99999999999994,930.6,0.7071067811865475,0.7071067811865476,0.49999999999999994,-0.8660254037844387,0.0,1.0,0.6,16.9,0.0,10.139999999999999,0.0,6.119999999999999,16.9,1461.6,40,29.04035514602015,10.95964485397985,Low Error (20-50%),1461.6,16.9,0.1161614205840806,23.23228411681612,0.019481798561460262,HVAC Moderation,Adjust HVAC setpoint; Reduce cooling or heating intensity
9.9,4.1,1034,100,0.9,0.0,0.0,100,1,45,990,0.05,4,3,5,15,0.04545454540863177,0,40.589999999999996,0.0,409.99999999999994,930.6,0.7071067811865475,0.7071067811865476,0.49999999999999994,-0.8660254037844387,1.0,2.83276944882399e-16,0.6,16.9,0.0,10.139999999999999,0.0,6.083999999999999,16.9,1460.1599999999999,86,61.717210730947116,24.282789269052884,Low Error (20-50%),1460.1599999999999,16.9,0.24686884292378847,49.37376858475769,0.04055334441912789,HVAC Moderation,Adjust HVAC setpoint; Reduce cooling or heating intensity
16.4,4.1,1034,100,0.9,0.0,0.0,100,1,60,990,0.06,4,3,5,30,0.06060606054484236,0,67.24,0.0,409.99999999999994,930.6,0.7071067811865475,0.7071067811865476,0.49999999999999994,-0.8660254037844387,5.66553889764798e-16,-1.0,0.6,16.9,0.0,10.139999999999999,0.0,6.083999999999999,16.9,1460.1599999999999,148,108.69790846612786,39.302091533872144,Low Error (20-50%),1460.1599999999999,16.9,0.4347916338645114,86.95832677290228,0.06928473752165168,HVAC Moderation,Adjust HVAC setpoint; Reduce cooling or heating intensity
15.8,4.1,1034,100,0.9,0.0,0.0,100,1,75,990,0.08,4,3,5,45,0.07575757568105296,0,64.78,0.0,409.99999999999994,930.6,0.7071067811865475,0.7071067811865476,0.49999999999999994,-0.8660254037844387,-1.0,-1.8369701987210297e-16,0.6,16.9,0.0,10.139999999999999,0.0,6.083999999999999,16.9,1460.1599999999999,184,123.90028158494876,60.09971841505124,Low Error (20-50%),1460.1599999999999,16.9,0.49560112633979503,99.120225267959,0.07821689802282152,HVAC Moderation,Adjust HVAC setpoint; Reduce cooling or heating intensity
21.4,4.7,1034,98,0.5,0.0,0.0,100,1,90,990,0.09,4,4,5,0,0.09090909081726355,0,100.58,0.0,460.6,517.0,0.8660254037844386,0.5000000000000001,0.49999999999999994,-0.8660254037844387,0.0,1.0,0.6,16.3,0.0,9.78,0.0,6.083999999999999,16.3,1416.9599999999998,237,204.16773504498204,32.83226495501796,Very Low Error (<20%),1416.9599999999998,16.3,0.8166709401799281,163.33418803598562,0.12594179379293338,HVAC Moderation,Adjust HVAC setpoint; Reduce cooling or heating intensity
29.7,4.7,1034,98,0.5,0.0,0.0,100,1,105,990,0.11,4,4,5,15,0.10606060595347414,0,139.59,0.0,460.6,517.0,0.8660254037844386,0.5000000000000001,0.49999999999999994,-0.8660254037844387,1.0,2.83276944882399e-16,0.6,16.3,0.0,9.78,0.0,5.867999999999999,16.3,1408.32,325,287.19283895983733,37.80716104016267,Very Low Error (<20%),1408.32,16.3,1.1487713558393493,229.75427116786986,0.16938405430574047,HVAC Moderation,Adjust HVAC setpoint; Reduce cooling or heating intensity
40.4,4.7,1034,98,0.5,0.0,0.0,100,1,120,990,0.12,4,4,5,30,0.12121212108968472,0,189.88,0.0,460.6,517.0,0.8660254037844386,0.5000000000000001,0.49999999999999994,-0.8660254037844387,5.66553889764798e-16,-1.0,0.6,16.3,0.0,9.78,0.0,5.867999999999999,16.3,1408.32,337,334.19955734997103,2.8004426500289696,Very Low Error (<20%),1408.32,16.3,1.3367982293998841,267.3596458799768,0.19179099353492005,HVAC Moderation,Adjust HVAC setpoint; Reduce cooling or heating intensity
57.5,4.7,1034,98,0.5,0.0,0.0,100,1,135,990,0.14,4,4,5,45,0.1363636362258953,0,270.25,0.0,460.6,517.0,0.8660254037844386,0.5000000000000001,0.49999999999999994,-0.8660254037844387,-1.0,-1.8369701987210297e-16,0.6,16.3,0.0,9.78,0.0,5.867999999999999,16.3,1408.32,351,460.5016070004779,109.50160700047792,Low Error (20-50%),1408.32,16.3,1.8420064280019117,368.4012856003823,0.246412822405872,HVAC Moderation,Adjust HVAC setpoint; Reduce cooling or heating intensity
70.6,6.8,1034,98,0.0,0.0,0.0,100,1,150,990,0.15,4,5,5,0,0.15151515136210592,0,480.0799999999999,0.0,666.4,0.0,0.9659258262890683,0.25881904510252074,0.49999999999999994,-0.8660254037844387,0.0,1.0,0.6,14.2,0.0,8.52,0.0,5.867999999999999,14.2,1257.12,386,558.5517617422569,172.55176174225687,Low Error (20-50%),1257.12,14.2,2.2342070469690274,446.8414093938055,0.3076281590118808,HVAC Moderation,Adjust HVAC setpoint; Reduce cooling or heating intensity
80.6,6.8,1034,98,0.0,0.0,0.0,100,1,165,990,0.17,4,5,5,15,0.1666666664983165,0,548.0799999999999,0.0,666.4,0.0,0.9659258262890683,0.25881904510252074,0.49999999999999994,-0.8660254037844387,1.0,2.83276944882399e-16,0.6,14.2,0.0,8.52,0.0,5.111999999999999,14.2,1226.8799999999999,485,668.8123299686415,183.8123299686415,Low Error (20-50%),1226.8799999999999,14.2,2.675249319874566,535.0498639749133,0.35280637002255455,HVAC Moderation,Adjust HVAC setpoint; Reduce cooling or heating intensity
90.6,6.8,1034,98,0.0,0.0,0.0,100,1,180,990,0.18,4,5,5,30,0.1818181816345271,0,616.0799999999999,0.0,666.4,0.0,0.9659258262890683,0.25881904510252074,0.49999999999999994,-0.8660254037844387,5.66553889764798e-16,-1.0,0.6,14.2,0.0,8.52,0.0,5.111999999999999,14.2,1226.8799999999999,547,778.3660923848906,231.36609238489064,Low Error (20-50%),1226.8799999999999,14.2,3.1134643695395625,622.6928739079125,0.38816487160984564,HVAC Moderation,Adjust HVAC setpoint; Reduce cooling or heating intensity
100.6,6.8,1034,98,0.0,0.0,0.0,100,1,195,990,0.2,4,5,5,45,0.19696969677073767,0,684.0799999999999,0.0,666.4,0.0,0.9659258262890683,0.25881904510252074,0.49999999999999994,-0.8660254037844387,-1.0,-1.8369701987210297e-16,0.6,14.2,0.0,8.52,0.0,5.111999999999999,14.2,1226.8799999999999,609,972.6781095465932,363.6781095465932,Moderate Error (50-60%),1226.8799999999999,14.2,3.8907124381863727,778.1424876372746,0.4422152362707441,HVAC Moderation,Adjust HVAC setpoint; Reduce cooling or heating intensity
110.5,9.5,1034,98,0.3,0.0,0.0,100,1,210,990,0.21,4,6,5,0,0.21212121190694827,0,1049.75,0.0,931.0,310.2,1.0,6.123233995736766e-17,0.49999999999999994,-0.8660254037844387,0.0,1.0,0.6,11.5,0.0,6.8999999999999995,0.0,5.111999999999999,11.5,1032.4799999999998,745,1101.3673846661845,356.36738466618453,Low Error (20-50%),1032.4799999999998,11.5,4.405469538664738,881.0939077329476,0.5161415910362019,HVAC Moderation,Adjust HVAC setpoint; Reduce cooling or heating intensity
120.2,9.5,1034,98,0.3,0.0,0.0,100,1,225,990,0.23,4,6,5,15,0.22727272704315887,0,1141.9,0.0,931.0,310.2,1.0,6.123233995736766e-17,0.49999999999999994,-0.8660254037844387,1.0,2.83276944882399e-16,0.6,11.5,0.0,6.8999999999999995,0.0,4.14,11.5,993.5999999999999,1058,1304.6314492255112,246.63144922551123,Low Error (20-50%),993.5999999999999,11.5,5.218525796902045,1043.705159380409,0.5676675641600397,HVAC Moderation,Adjust HVAC setpoint; Reduce cooling or heating intensity
129.8,9.5,1034,98,0.3,0.0,0.0,100,1,240,990,0.24,4,6,5,30,0.24242424217936945,0,1233.1000000000001,0.0,931.0,310.2,1.0,6.123233995736766e-17,0.49999999999999994,-0.8660254037844387,5.66553889764798e-16,-1.0,0.6,11.5,0.0,6.8999999999999995,0.0,4.14,11.5,993.5999999999999,1413,1539.054036761011,126.05403676101105,Very Low Error (<20%),993.5999999999999,11.5,6.156216147044044,1231.243229408809,0.6076842765787346,HVAC Moderation,Adjust HVAC setpoint; Reduce cooling or heating intensity
139.1,9.5,1034,98,0.3,0.0,0.0,100,1,255,990,0.26,4,6,5,45,0.25757575731558,0,1321.45,0.0,931.0,310.2,1.0,6.123233995736766e-17,0.49999999999999994,-0.8660254037844387,-1.0,-1.8369701987210297e-16,0.6,11.5,0.0,6.8999999999999995,0.0,4.14,11.5,993.5999999999999,1747,1803.267833839589,56.267833839589,Very Low Error (<20%),993.5999999999999,11.5,7.213071335358356,1442.6142670716713,0.644745458250448,HVAC Moderation,Adjust HVAC setpoint; Reduce cooling or heating intensity
148.1,12.7,1034,84,0.6,0.0,0.0,67,1,270,990,0.27,3,7,5,0,0.2727272724517906,0,1880.87,48.87299999999999,1066.8,620.4,0.9659258262890683,-0.25881904510252063,0.49999999999999994,-0.8660254037844387,0.0,1.0,1.0,8.3,0.0,8.3,0.0,4.14,8.3,1161.6000000000001,2042,2160.9812508210885,118.98125082108845,Very Low Error (<20%),1161.6000000000001,8.3,8.643925003284354,1728.7850006568708,0.650392296542535,HVAC Moderation,Adjust HVAC setpoint; Reduce cooling or heating intensity
156.7,12.7,1034,84,0.6,0.0,0.0,67,1,285,990,0.29,3,7,5,15,0.28787878758800123,0,1990.0899999999997,51.71099999999999,1066.8,620.4,0.9659258262890683,-0.25881904510252063,0.49999999999999994,-0.8660254037844387,1.0,2.83276944882399e-16,1.0,8.3,0.0,8.3,0.0,4.98,8.3,1195.2,2284,2382.3504337936006,98.35043379360059,Very Low Error (<20%),1195.2,8.3,9.529401735174403,1905.8803470348805,0.6659166592381095,HVAC Moderation,Adjust HVAC setpoint; Reduce cooling or heating intensity
165.0,12.7,1034,84,0.6,0.0,0.0,67,1,300,990,0.3,3,7,5,30,0.30303030272421183,0,2095.5,54.449999999999996,1066.8,620.4,0.9659258262890683,-0.25881904510252063,0.49999999999999994,-0.8660254037844387,5.66553889764798e-16,-1.0,1.0,8.3,0.0,8.3,0.0,4.98,8.3,1195.2,2526,2748.568276319527,222.56827631952683,Very Low Error (<20%),1195.2,8.3,10.994273105278108,2198.8546210556215,0.6969395976245477,HVAC Moderation,Adjust HVAC setpoint; Reduce cooling or heating intensity
172.8,12.7,1034,84,0.6,0.0,0.0,67,1,315,990,0.32,3,7,5,45,0.31818181786042243,0,2194.56,57.023999999999994,1066.8,620.4,0.9659258262890683,-0.25881904510252063,0.49999999999999994,-0.8660254037844387,-1.0,-1.8369701987210297e-16,1.0,8.3,0.0,8.3,0.0,4.98,8.3,1195.2,2843,2939.8954632752025,96.89546327520247,Very Low Error (<20%),1195.2,8.3,11.75958185310081,2351.916370620162,0.7109619327229983,HVAC Moderation,Adjust HVAC setpoint; Reduce cooling or heating intensity
180.1,15.1,1033,63,1.2,0.0,0.0,21,1,330,990,0.33,2,8,5,0,0.333333332996633,0,2719.5099999999998,142.279,951.3,1239.6,0.8660254037844387,-0.4999999999999998,0.49999999999999994,-0.8660254037844387,0.0,1.0,1.0,5.9,0.0,5.9,0.0,4.98,5.9,907.2,3284,3513.614092764866,229.6140927648662,Very Low Error (<20%),907.2,5.9,14.054456371059464,2810.891274211893,0.7947889276141427,HVAC Moderation,Adjust HVAC setpoint; Reduce cooling or heating intensity
187.0,15.1,1033,63,1.2,0.0,0.0,21,1,345,990,0.35,2,8,5,15,0.3484848481328436,0,2823.7,147.73000000000002,951.3,1239.6,0.8660254037844387,-0.4999999999999998,0.49999999999999994,-0.8660254037844387,1.0,2.83276944882399e-16,1.0,5.9,0.0,5.9,0.0,3.54,5.9,849.6,3513,3567.4814019156506,54.48140191565062,Very Low Error (<20%),849.6,5.9,14.269925607662602,2853.9851215325207,0.8076557972331704,HVAC Moderation,Adjust HVAC setpoint; Reduce cooling or heating intensity
193.0,15.1,1033,63,1.2,0.0,0.0,21,1,360,990,0.36,2,8,5,30,0.3636363632690542,0,2914.2999999999997,152.47,951.3,1239.6,0.8660254037844387,-0.4999999999999998,0.49999999999999994,-0.8660254037844387,5.66553889764798e-16,-1.0,1.0,5.9,0.0,5.9,0.0,3.54,5.9,849.6,3653,3671.7099410583373,18.709941058337336,Very Low Error (<20%),849.6,5.9,14.68683976423335,2937.36795284667,0.8120898562832838,HVAC Moderation,Adjust HVAC setpoint; Reduce cooling or heating intensity
190.9,15.1,1033,63,1.2,0.0,0.0,21,1,375,990,0.38,2,8,5,45,0.3787878784052648,0,2882.59,150.811,951.3,1239.6,0.8660254037844387,-0.4999999999999998,0.49999999999999994,-0.8660254037844387,-1.0,-1.8369701987210297e-16,1.0,5.9,0.0,5.9,0.0,3.54,5.9,849.6,3554,3641.199665884966,87.19966588496618,Very Low Error (<20%),849.6,5.9,14.564798663539865,2912.9597327079728,0.8108132038788265,HVAC Moderation,Adjust HVAC setpoint; Reduce cooling or heating intensity
192.3,16.6,1033,51,1.6,0.0,0.0,4,1,390,990,0.39,1,9,5,0,0.39393939354147534,0,3192.1800000000003,184.608,846.6,1652.8000000000002,0.7071067811865476,-0.7071067811865475,0.49999999999999994,-0.8660254037844387,0.0,1.0,1.0,4.399999999999999,0.0,4.399999999999999,0.0,3.54,4.399999999999999,669.5999999999998,3801,3648.5695012614183,152.43049873858172,Very Low Error (<20%),669.5999999999998,4.399999999999999,14.594278005045673,2918.8556010091347,0.8449342943464049,Energy Storage,Store excess energy; Prepare controlled charging window
204.9,16.6,1033,51,1.6,0.0,0.0,4,1,405,990,0.41,1,9,5,15,0.40909090867768594,0,3401.3400000000006,196.704,846.6,1652.8000000000002,0.7071067811865476,-0.7071067811865475,0.49999999999999994,-0.8660254037844387,1.0,2.83276944882399e-16,1.0,4.399999999999999,0.0,4.399999999999999,0.0,2.6399999999999992,4.399999999999999,633.5999999999997,3895,3765.7831141266256,129.2168858733744,Very Low Error (<20%),633.5999999999997,4.399999999999999,15.063132456506503,3012.6264913013006,0.8559798079822917,Energy Storage,Store excess energy; Prepare controlled charging window
212.6,16.6,1033,51,1.6,0.0,0.0,4,1,420,990,0.42,1,9,5,30,0.42424242381389654,0,3529.1600000000003,204.09599999999998,846.6,1652.8000000000002,0.7071067811865476,-0.7071067811865475,0.49999999999999994,-0.8660254037844387,5.66553889764798e-16,-1.0,1.0,4.399999999999999,0.0,4.399999999999999,0.0,2.6399999999999992,4.399999999999999,633.5999999999997,3939,3865.6022426437667,73.39775735623334,Very Low Error (<20%),633.5999999999997,4.399999999999999,15.462408970575067,3092.481794115013,0.8591750344419133,Energy Storage,Store excess energy; Prepare controlled charging window
215.8,16.6,1033,51,1.6,0.0,0.0,4,1,435,990,0.44,1,9,5,45,0.43939393895010714,0,3582.2800000000007,207.168,846.6,1652.8000000000002,0.7071067811865476,-0.7071067811865475,0.49999999999999994,-0.8660254037844387,-1.0,-1.8369701987210297e-16,1.0,4.399999999999999,0.0,4.399999999999999,0.0,2.6399999999999992,4.399999999999999,633.5999999999997,4035,3975.4515701917153,59.54842980828471,Very Low Error (<20%),633.5999999999997,4.399999999999999,15.901806280766861,3180.3612561533723,0.862531370887617,Energy Storage,Store excess energy; Prepare controlled charging window
218.3,18.3,1032,47,1.2,0.0,0.0,14,1,450,990,0.45,2,10,5,0,0.45454545408631775,0,3994.8900000000003,187.738,860.1,1238.3999999999999,0.49999999999999994,-0.8660254037844387,0.49999999999999994,-0.8660254037844387,0.0,1.0,1.0,2.6999999999999993,0.0,2.6999999999999993,0.0,2.6399999999999992,2.6999999999999993,429.59999999999985,4077,4014.206023888401,62.79397611159902,Very Low Error (<20%),429.59999999999985,2.6999999999999993,16.056824095553605,3211.364819110721,0.9033261131125118,Energy Storage,Store excess energy; Prepare controlled charging window
220.2,18.3,1032,47,1.2,0.0,0.0,14,1,465,990,0.47,2,10,5,15,0.4696969692225283,0,4029.66,189.37199999999999,860.1,1238.3999999999999,0.49999999999999994,-0.8660254037844387,0.49999999999999994,-0.8660254037844387,1.0,2.83276944882399e-16,1.0,2.6999999999999993,0.0,2.6999999999999993,0.0,1.6199999999999994,2.6999999999999993,388.79999999999984,4093,4018.016990738082,74.98300926191814,Very Low Error (<20%),388.79999999999984,2.6999999999999993,16.072067962952328,3214.4135925904657,0.9117730548536679,Energy Storage,Store excess energy; Prepare controlled charging window
221.4,18.3,1032,47,1.2,0.0,0.0,14,1,480,990,0.48,2,10,5,30,0.4848484843587389,0,4051.6200000000003,190.404,860.1,1238.3999999999999,0.49999999999999994,-0.8660254037844387,0.49999999999999994,-0.8660254037844387,5.66553889764798e-16,-1.0,1.0,2.6999999999999993,0.0,2.6999999999999993,0.0,1.6199999999999994,2.6999999999999993,388.79999999999984,4050,4051.07334408262,1.073344082620224,Very Low Error (<20%),388.79999999999984,2.6999999999999993,16.20429337633048,3240.8586752660963,0.9124299341938177,Energy Storage,Store excess energy; Prepare controlled charging window
221.8,18.3,1032,47,1.2,0.0,0.0,14,1,495,990,0.5,2,10,5,45,0.4999999994949495,0,4058.9400000000005,190.74800000000002,860.1,1238.3999999999999,0.49999999999999994,-0.8660254037844387,0.49999999999999994,-0.8660254037844387,-1.0,-1.8369701987210297e-16,1.0,2.6999999999999993,0.0,2.6999999999999993,0.0,1.6199999999999994,2.6999999999999993,388.79999999999984,4051,4031.240847088067,19.759152911933143,Very Low Error (<20%),388.79999999999984,2.6999999999999993,16.124963388352267,3224.9926776704533,0.91203701179183,Energy Storage,Store excess energy; Prepare controlled charging window
221.6,18.6,1032,45,2.0,0.0,0.0,39,1,510,990,0.52,2,11,5,0,0.51515151463116,0,4121.76,135.176,837.0000000000001,2064.0,0.258819045102521,-0.9659258262890682,0.49999999999999994,-0.8660254037844387,0.0,1.0,1.0,2.3999999999999986,0.0,2.3999999999999986,0.0,1.6199999999999994,2.3999999999999986,352.79999999999984,4038,4017.279306888676,20.72069311132418,Very Low Error (<20%),352.79999999999984,2.3999999999999986,16.069117227554703,3213.8234455109405,0.919269199448362,Energy Storage,Store excess energy; Prepare controlled charging window
220.3,18.6,1032,45,2.0,0.0,0.0,39,1,525,990,0.53,2,11,5,15,0.5303030297673706,0,4097.580000000001,134.383,837.0000000000001,2064.0,0.258819045102521,-0.9659258262890682,0.49999999999999994,-0.8660254037844387,1.0,2.83276944882399e-16,1.0,2.3999999999999986,0.0,2.3999999999999986,0.0,1.439999999999999,2.3999999999999986,345.5999999999998,3990,3996.6578392360566,6.657839236056589,Very Low Error (<20%),345.5999999999998,2.3999999999999986,15.986631356944226,3197.3262713888453,0.9204100692046393,Energy Storage,Store excess energy; Prepare controlled charging window
208.6,18.6,1032,45,2.0,0.0,0.0,39,1,540,990,0.55,2,11,5,30,0.5454545449035813,0,3879.96,127.246,837.0000000000001,2064.0,0.258819045102521,-0.9659258262890682,0.49999999999999994,-0.8660254037844387,5.66553889764798e-16,-1.0,1.0,2.3999999999999986,0.0,2.3999999999999986,0.0,1.439999999999999,2.3999999999999986,345.5999999999998,4056,3780.246495262481,275.75350473751905,Very Low Error (<20%),345.5999999999998,2.3999999999999986,15.120985981049923,3024.1971962099847,0.9162353710170574,Energy Storage,Store excess energy; Prepare controlled charging window
192.3,18.6,1032,45,2.0,0.0,0.0,39,1,555,990,0.56,2,11,5,45,0.5606060600397919,0,3576.7800000000007,117.303,837.0000000000001,2064.0,0.258819045102521,-0.9659258262890682,0.49999999999999994,-0.8660254037844387,-1.0,-1.8369701987210297e-16,1.0,2.3999999999999986,0.0,2.3999999999999986,0.0,1.439999999999999,2.3999999999999986,345.5999999999998,3690,3616.873617635971,73.12638236402881,Very Low Error (<20%),345.5999999999998,2.3999999999999986,14.467494470543885,2893.4988941087768,0.9127817534545585,Energy Storage,Store excess energy; Prepare controlled charging window
181.9,19.3,1031,44,2.8,0.0,0.0,68,1,570,990,0.58,3,12,5,0,0.5757575751760025,0,3510.67,58.20799999999999,849.2,2886.7999999999997,1.2246467991473532e-16,-1.0,0.49999999999999994,-0.8660254037844387,0.0,1.0,1.0,1.6999999999999993,0.0,1.6999999999999993,0.0,1.439999999999999,1.6999999999999993,261.5999999999999,4190,3305.647406913537,884.352593086463,Low Error (20-50%),261.5999999999999,1.6999999999999993,13.222589627654148,2644.5179255308294,0.9266661458861335,Energy Storage,Store excess energy; Prepare controlled charging window
167.7,19.3,1031,44,2.8,0.0,0.0,68,1,585,990,0.59,3,12,5,15,0.5909090903122131,0,3236.6099999999997,53.66399999999999,849.2,2886.7999999999997,1.2246467991473532e-16,-1.0,0.49999999999999994,-0.8660254037844387,1.0,2.83276944882399e-16,1.0,1.6999999999999993,0.0,1.6999999999999993,0.0,1.0199999999999996,1.6999999999999993,244.7999999999999,2105,2904.0148296431826,799.0148296431826,Low Error (20-50%),244.7999999999999,1.6999999999999993,11.61605931857273,2323.211863714546,0.9222564634103948,Energy Storage,Store excess energy; Prepare controlled charging window
147.6,19.3,1031,44,2.8,0.0,0.0,68,1,600,990,0.61,3,12,5,30,0.6060606054484237,0,2848.68,47.23199999999999,849.2,2886.7999999999997,1.2246467991473532e-16,-1.0,0.49999999999999994,-0.8660254037844387,5.66553889764798e-16,-1.0,1.0,1.6999999999999993,0.0,1.6999999999999993,0.0,1.0199999999999996,1.6999999999999993,244.7999999999999,1560,2506.834740701479,946.834740701479,High Error (>60%),244.7999999999999,1.6999999999999993,10.027338962805915,2005.4677925611832,0.911034703374683,Energy Storage,Store excess energy; Prepare controlled charging window
152.1,19.3,1031,44,2.8,0.0,0.0,68,1,615,990,0.62,3,12,5,45,0.6212121205846343,0,2935.53,48.67199999999999,849.2,2886.7999999999997,1.2246467991473532e-16,-1.0,0.49999999999999994,-0.8660254037844387,-1.0,-1.8369701987210297e-16,1.0,1.6999999999999993,0.0,1.6999999999999993,0.0,1.0199999999999996,1.6999999999999993,244.7999999999999,2403,2593.913768930139,190.9137689301392,Very Low Error (<20%),244.7999999999999,1.6999999999999993,10.375655075720557,2075.131015144111,0.9137637603364201,Energy Storage,Store excess energy; Prepare controlled charging window
166.5,19.1,1030,44,3.3,0.0,0.0,90,1,630,990,0.64,4,13,5,0,0.6363636357208449,0,3180.15,16.649999999999995,840.4000000000001,3399.0,-0.2588190451025208,-0.9659258262890683,0.49999999999999994,-0.8660254037844387,0.0,1.0,1.0,1.8999999999999986,0.0,1.8999999999999986,0.0,1.0199999999999996,1.8999999999999986,268.79999999999984,3345,2807.361540756862,537.6384592431382,Very Low Error (<20%),268.79999999999984,1.8999999999999986,11.229446163027447,2245.8892326054893,0.912618372815856,Energy Storage,Store excess energy; Prepare controlled charging window
162.1,19.1,1030,44,3.3,0.0,0.0,90,1,645,990,0.65,4,13,5,15,0.6515151508570554,0,3096.11,16.209999999999997,840.4000000000001,3399.0,-0.2588190451025208,-0.9659258262890683,0.49999999999999994,-0.8660254037844387,1.0,2.83276944882399e-16,1.0,1.8999999999999986,0.0,1.8999999999999986,0.0,1.139999999999999,1.8999999999999986,273.5999999999998,2434,2768.6675322027504,334.6675322027504,Very Low Error (<20%),273.5999999999998,1.8999999999999986,11.074670128811002,2214.9340257622002,0.9100670805529167,Energy Storage,Store excess energy; Prepare controlled charging window
152.0,19.1,1030,44,3.3,0.0,0.0,90,1,660,990,0.67,4,13,5,30,0.666666665993266,0,2903.2000000000003,15.199999999999996,840.4000000000001,3399.0,-0.2588190451025208,-0.9659258262890683,0.49999999999999994,-0.8660254037844387,5.66553889764798e-16,-1.0,1.0,1.8999999999999986,0.0,1.8999999999999986,0.0,1.139999999999999,1.8999999999999986,273.5999999999998,1692,2563.6005919180157,871.6005919180157,Moderate Error (50-60%),273.5999999999998,1.8999999999999986,10.254402367672062,2050.8804735344124,0.9035669167407699,Energy Storage,Store excess energy; Prepare controlled charging window
153.7,19.1,1030,44,3.3,0.0,0.0,90,1,675,990,0.68,4,13,5,45,0.6818181811294766,0,2935.67,15.369999999999996,840.4000000000001,3399.0,-0.2588190451025208,-0.9659258262890683,0.49999999999999994,-0.8660254037844387,-1.0,-1.8369701987210297e-16,1.0,1.8999999999999986,0.0,1.8999999999999986,0.0,1.139999999999999,1.8999999999999986,273.5999999999998,2853,2573.508586567436,279.49141343256406,Very Low Error (<20%),273.5999999999998,1.8999999999999986,10.294034346269743,2058.8068692539487,0.9039025057931622,Energy Storage,Store excess energy; Prepare controlled charging window
160.8,19.9,1030,44,3.1,0.0,0.0,95,1,690,990,0.7,4,14,5,0,0.6969696962656872,0,3199.92,8.040000000000008,875.5999999999999,3193.0,-0.4999999999999997,-0.8660254037844388,0.49999999999999994,-0.8660254037844387,0.0,1.0,1.0,1.1000000000000014,0.0,1.1000000000000014,0.0,1.139999999999999,1.1000000000000014,177.60000000000014,2459,2745.009974286463,286.00997428646315,Very Low Error (<20%),177.60000000000014,1.1000000000000014,10.980039897145852,2196.0079794291705,0.9392323975823724,Energy Storage,Store excess energy; Prepare controlled charging window
147.2,19.9,1030,44,3.1,0.0,0.0,95,1,705,990,0.71,4,14,5,15,0.7121212114018978,0,2929.2799999999997,7.360000000000006,875.5999999999999,3193.0,-0.4999999999999997,-0.8660254037844388,0.49999999999999994,-0.8660254037844387,1.0,2.83276944882399e-16,1.0,1.1000000000000014,0.0,1.1000000000000014,0.0,0.6600000000000008,1.1000000000000014,158.4000000000002,2024,2483.9251470090117,459.92514700901165,Low Error (20-50%),158.4000000000002,1.1000000000000014,9.935700588036047,1987.1401176072093,0.9400527973934797,Energy Storage,Store excess energy; Prepare controlled charging window
143.9,19.9,1030,44,3.1,0.0,0.0,95,1,720,990,0.73,4,14,5,30,0.7272727265381084,0,2863.61,7.1950000000000065,875.5999999999999,3193.0,-0.4999999999999997,-0.8660254037844388,0.49999999999999994,-0.8660254037844387,5.66553889764798e-16,-1.0,1.0,1.1000000000000014,0.0,1.1000000000000014,0.0,0.6600000000000008,1.1000000000000014,158.4000000000002,1905,2184.385156161792,279.3851561617921,Very Low Error (<20%),158.4000000000002,1.1000000000000014,8.737540624647169,1747.5081249294337,0.9323881660613317,Energy Storage,Store excess energy; Prepare controlled charging window
123.7,19.9,1030,44,3.1,0.0,0.0,95,1,735,990,0.74,4,14,5,45,0.742424241674319,0,2461.6299999999997,6.185000000000006,875.5999999999999,3193.0,-0.4999999999999997,-0.8660254037844388,0.49999999999999994,-0.8660254037844387,-1.0,-1.8369701987210297e-16,1.0,1.1000000000000014,0.0,1.1000000000000014,0.0,0.6600000000000008,1.1000000000000014,158.4000000000002,1908,1876.3600152459423,31.63998475405765,Very Low Error (<20%),158.4000000000002,1.1000000000000014,7.505440060983769,1501.0880121967539,0.9221529813170584,Energy Storage,Store excess energy; Prepare controlled charging window
123.2,19.8,1029,46,3.0,0.0,0.0,96,1,750,990,0.76,4,15,5,0,0.7575757568105296,0,2439.36,4.928000000000004,910.8000000000001,3087.0,-0.7071067811865471,-0.7071067811865479,0.49999999999999994,-0.8660254037844387,0.0,1.0,1.0,1.1999999999999993,0.0,1.1999999999999993,0.0,0.6600000000000008,1.1999999999999993,170.39999999999995,1899,1765.293127725646,133.70687227435405,Very Low Error (<20%),170.39999999999995,1.1999999999999993,7.061172510902583,1412.2345021805168,0.9119695170317714,Energy Storage,Store excess energy; Prepare controlled charging window
109.4,19.8,1029,46,3.0,0.0,0.0,96,1,765,990,0.77,4,15,5,15,0.7727272719467402,0,2166.1200000000003,4.376000000000004,910.8000000000001,3087.0,-0.7071067811865471,-0.7071067811865479,0.49999999999999994,-0.8660254037844387,1.0,2.83276944882399e-16,1.0,1.1999999999999993,0.0,1.1999999999999993,0.0,0.7199999999999995,1.1999999999999993,172.7999999999999,1164,1481.2902382283633,317.29023822836325,Low Error (20-50%),172.7999999999999,1.1999999999999993,5.925160952913453,1185.0321905826906,0.8955316965774421,Energy Storage,Store excess energy; Prepare controlled charging window
87.7,19.8,1029,46,3.0,0.0,0.0,96,1,780,990,0.79,4,15,5,30,0.7878787870829507,0,1736.46,3.508000000000003,910.8000000000001,3087.0,-0.7071067811865471,-0.7071067811865479,0.49999999999999994,-0.8660254037844387,5.66553889764798e-16,-1.0,1.0,1.1999999999999993,0.0,1.1999999999999993,0.0,0.7199999999999995,1.1999999999999993,172.7999999999999,1169,1149.3033556982039,19.69664430179614,Very Low Error (<20%),172.7999999999999,1.1999999999999993,4.597213422792816,919.4426845585631,0.8692991738319555,Energy Storage,Store excess energy; Prepare controlled charging window
76.0,19.8,1029,46,3.0,0.0,0.0,96,1,795,990,0.8,4,15,5,45,0.8030303022191613,0,1504.8,3.0400000000000027,910.8000000000001,3087.0,-0.7071067811865471,-0.7071067811865479,0.49999999999999994,-0.8660254037844387,-1.0,-1.8369701987210297e-16,1.0,1.1999999999999993,0.0,1.1999999999999993,0.0,0.7199999999999995,1.1999999999999993,172.7999999999999,896,996.1805147629503,100.18051476295034,Very Low Error (<20%),172.7999999999999,1.1999999999999993,3.9847220590518013,796.9444118103603,0.8521788869276236,Energy Storage,Store excess energy; Prepare controlled charging window
66.8,19.6,1029,48,3.1,0.0,0.0,99,1,810,990,0.82,4,16,5,0,0.8181818173553719,0,1309.28,0.6680000000000006,940.8000000000001,3189.9,-0.8660254037844384,-0.5000000000000004,0.49999999999999994,-0.8660254037844387,0.0,1.0,1.0,1.3999999999999986,0.0,1.3999999999999986,0.0,0.7199999999999995,1.3999999999999986,196.7999999999998,802,654.0760546178004,147.92394538219958,Very Low Error (<20%),196.7999999999998,1.3999999999999986,2.6163042184712015,523.2608436942403,0.7687089680093205,Energy Storage,Store excess energy; Prepare controlled charging window
57.8,19.6,1029,48,3.1,0.0,0.0,99,1,825,990,0.83,4,16,5,15,0.8333333324915825,0,1132.88,0.5780000000000005,940.8000000000001,3189.9,-0.8660254037844384,-0.5000000000000004,0.49999999999999994,-0.8660254037844387,1.0,2.83276944882399e-16,1.0,1.3999999999999986,0.0,1.3999999999999986,0.0,0.8399999999999991,1.3999999999999986,201.5999999999998,603,566.4797517632284,36.520248236771636,Very Low Error (<20%),201.5999999999998,1.3999999999999986,2.2659190070529136,453.1838014105827,0.7375272551128608,Energy Storage,Store excess energy; Prepare controlled charging window
37.3,19.6,1029,48,3.1,0.0,0.0,99,1,840,990,0.85,4,16,5,30,0.8484848476277931,0,731.08,0.3730000000000003,940.8000000000001,3189.9,-0.8660254037844384,-0.5000000000000004,0.49999999999999994,-0.8660254037844387,5.66553889764798e-16,-1.0,1.0,1.3999999999999986,0.0,1.3999999999999986,0.0,0.8399999999999991,1.3999999999999986,201.5999999999998,367,446.84985630230284,79.84985630230284,Low Error (20-50%),201.5999999999998,1.3999999999999986,1.7873994252092114,357.4798850418423,0.6891047183837758,Energy Storage,Store excess energy; Prepare controlled charging window
19.6,19.6,1029,48,3.1,0.0,0.0,99,1,855,990,0.86,4,16,5,45,0.8636363627640037,0,384.1600000000001,0.1960000000000002,940.8000000000001,3189.9,-0.8660254037844384,-0.5000000000000004,0.49999999999999994,-0.8660254037844387,-1.0,-1.8369701987210297e-16,1.0,1.3999999999999986,0.0,1.3999999999999986,0.0,0.8399999999999991,1.3999999999999986,201.5999999999998,284,267.3349386612313,16.66506133876868,Very Low Error (<20%),201.5999999999998,1.3999999999999986,1.0693397546449253,213.86795092898507,0.5700896138265149,HVAC Moderation,Adjust HVAC setpoint; Reduce cooling or heating intensity
27.1,18.0,1028,50,2.8,0.0,0.0,100,1,870,990,0.88,4,17,5,0,0.8787878779002143,0,487.8,0.0,900.0,2878.3999999999996,-0.9659258262890683,-0.25881904510252063,0.49999999999999994,-0.8660254037844387,0.0,1.0,1.0,3.0,0.0,3.0,0.0,0.8399999999999991,3.0,393.59999999999997,238,266.81085529394295,28.81085529394295,Very Low Error (<20%),393.59999999999997,3.0,1.0672434211757718,213.44868423515436,0.4040073732149368,HVAC Moderation,Adjust HVAC setpoint; Reduce cooling or heating intensity
28.5,18.0,1028,50,2.8,0.0,0.0,100,1,885,990,0.89,4,17,5,15,0.8939393930364249,0,513.0,0.0,900.0,2878.3999999999996,-0.9659258262890683,-0.25881904510252063,0.49999999999999994,-0.8660254037844387,1.0,2.83276944882399e-16,1.0,3.0,0.0,3.0,0.0,1.7999999999999998,3.0,432.0,130,261.2921203954655,131.29212039546547,High Error (>60%),432.0,3.0,1.0451684815818618,209.03369631637239,0.3768860374030128,HVAC Moderation,Adjust HVAC setpoint; Reduce cooling or heating intensity
24.0,18.0,1028,50,2.8,0.0,0.0,100,1,900,990,0.91,4,17,5,30,0.9090909081726355,0,432.0,0.0,900.0,2878.3999999999996,-0.9659258262890683,-0.25881904510252063,0.49999999999999994,-0.8660254037844387,5.66553889764798e-16,-1.0,1.0,3.0,0.0,3.0,0.0,1.7999999999999998,3.0,432.0,45,202.21969174738152,157.21969174738152,High Error (>60%),432.0,3.0,0.8088787669895261,161.77575339790522,0.3188480175873827,HVAC Moderation,Adjust HVAC setpoint; Reduce cooling or heating intensity
18.3,18.0,1028,50,2.8,0.0,0.0,100,1,915,990,0.92,4,17,5,45,0.924242423308846,0,329.40000000000003,0.0,900.0,2878.3999999999996,-0.9659258262890683,-0.25881904510252063,0.49999999999999994,-0.8660254037844387,-1.0,-1.8369701987210297e-16,1.0,3.0,0.0,3.0,0.0,1.7999999999999998,3.0,432.0,28,165.54227797365607,137.54227797365607,High Error (>60%),432.0,3.0,0.6621691118946242,132.43382237892484,0.2770386026207099,HVAC Moderation,Adjust HVAC setpoint; Reduce cooling or heating intensity
14.3,16.4,1028,56,4.2,0.0,0.0,100,1,930,990,0.94,4,18,5,0,0.9393939384450566,0,234.51999999999998,0.0,918.3999999999999,4317.6,-1.0,-1.8369701987210297e-16,0.49999999999999994,-0.8660254037844387,0.0,1.0,1.0,4.600000000000001,0.0,4.600000000000001,0.0,1.7999999999999998,4.600000000000001,624.0000000000002,24,114.07385213926601,90.07385213926601,High Error (>60%),624.0000000000002,4.600000000000001,0.456295408557064,91.2590817114128,0.15455614862127023,HVAC Moderation,Adjust HVAC setpoint; Reduce cooling or heating intensity
10.9,16.4,1028,56,4.2,0.0,0.0,100,1,945,990,0.95,4,18,5,15,0.9545454535812672,0,178.76,0.0,918.3999999999999,4317.6,-1.0,-1.8369701987210297e-16,0.49999999999999994,-0.8660254037844387,1.0,2.83276944882399e-16,1.0,4.600000000000001,0.0,4.600000000000001,0.0,2.7600000000000007,4.600000000000001,662.4000000000003,15,87.93998102901294,72.93998102901294,High Error (>60%),662.4000000000003,4.600000000000001,0.3517599241160518,70.35198482321036,0.11720018009864304,HVAC Moderation,Adjust HVAC setpoint; Reduce cooling or heating intensity
6.2,16.4,1028,56,4.2,0.0,0.0,100,1,960,990,0.97,4,18,5,30,0.9696969687174778,0,101.67999999999999,0.0,918.3999999999999,4317.6,-1.0,-1.8369701987210297e-16,0.49999999999999994,-0.8660254037844387,5.66553889764798e-16,-1.0,1.0,4.600000000000001,0.0,4.600000000000001,0.0,2.7600000000000007,4.600000000000001,662.4000000000003,8,63.1860915059943,55.1860915059943,High Error (>60%),662.4000000000003,4.600000000000001,0.2527443660239772,50.54887320479544,0.08708283160136819,HVAC Moderation,Adjust HVAC setpoint; Reduce cooling or heating intensity
2.2,16.4,1028,56,4.2,0.0,0.0,100,1,975,990,0.98,4,18,5,45,0.9848484838536884,0,36.08,0.0,918.3999999999999,4317.6,-1.0,-1.8369701987210297e-16,0.49999999999999994,-0.8660254037844387,-1.0,-1.8369701987210297e-16,1.0,4.600000000000001,0.0,4.600000000000001,0.0,2.7600000000000007,4.600000000000001,662.4000000000003,5,30.289404064282103,25.289404064282103,High Error (>60%),662.4000000000003,4.600000000000001,0.12115761625712841,24.23152325142568,0.04372725184308429,HVAC Moderation,Adjust HVAC setpoint; Reduce cooling or heating intensity
0.1,14.9,1029,66,4.8,0.0,0.0,100,1,990,990,1.0,4,19,5,0,0.999999998989899,0,1.4900000000000002,0.0,983.4,4939.2,-0.9659258262890684,0.2588190451025203,0.49999999999999994,-0.8660254037844387,0.0,1.0,1.0,6.1,0.0,6.1,0.0,2.7600000000000007,6.1,842.4000000000001,0,15.192162615798386,15.192162615798386,Zero-Actual / Undefined % Error,842.4000000000001,6.1,0.060768650463193546,12.153730092638709,0.017714903727367174,HVAC Moderation,Adjust HVAC setpoint; Reduce cooling or heating intensity
0.0,14.9,1029,66,4.8,0.0,0.0,100,0,0,990,0.0,4,19,5,15,0.0,1,0.0,0.0,983.4,4939.2,-0.9659258262890684,0.2588190451025203,0.49999999999999994,-0.8660254037844387,1.0,2.83276944882399e-16,1.0,6.1,0.0,6.1,0.0,3.6599999999999997,6.1,878.4,0,3.546781110330613,3.546781110330613,Zero-Actual / Undefined % Error,878.4,6.1,0.014187124441322451,2.8374248882644904,0.0040215364263179705,HVAC Moderation,Adjust HVAC setpoint; Reduce cooling or heating intensity
0.0,14.9,1029,66,4.8,0.0,0.0,100,0,0,990,0.0,4,19,5,30,0.0,1,0.0,0.0,983.4,4939.2,-0.9659258262890684,0.2588190451025203,0.49999999999999994,-0.8660254037844387,5.66553889764798e-16,-1.0,1.0,6.1,0.0,6.1,0.0,3.6599999999999997,6.1,878.4,0,3.681228418990757,3.681228418990757,Zero-Actual / Undefined % Error,878.4,6.1,0.014724913675963028,2.944982735192606,0.004173344014377802,HVAC Moderation,Adjust HVAC setpoint; Reduce cooling or heating intensity
0.0,14.9,1029,66,4.8,0.0,0.0,100,0,0,990,0.0,4,19,5,45,0.0,1,0.0,0.0,983.4,4939.2,-0.9659258262890684,0.2588190451025203,0.49999999999999994,-0.8660254037844387,-1.0,-1.8369701987210297e-16,1.0,6.1,0.0,6.1,0.0,3.6599999999999997,6.1,878.4,0,3.428874121132511,3.428874121132511,Zero-Actual / Undefined % Error,878.4,6.1,0.013715496484530045,2.743099296906009,0.003888366799807393,HVAC Moderation,Adjust HVAC setpoint; Reduce cooling or heating intensity
0.0,14.2,1029,71,4.2,0.0,0.0,100,0,0,990,0.0,4,20,5,0,0.0,1,0.0,0.0,1008.1999999999999,4321.8,-0.8660254037844386,0.5000000000000001,0.49999999999999994,-0.8660254037844387,0.0,1.0,1.0,6.800000000000001,0.0,6.800000000000001,0.0,3.6599999999999997,6.800000000000001,962.4000000000001,0,1.4205708960198389,1.4205708960198389,Zero-Actual / Undefined % Error,962.4000000000001,6.800000000000001,0.005682283584079356,1.136456716815871,0.0014738955957593885,HVAC Moderation,Adjust HVAC setpoint; Reduce cooling or heating intensity
0.0,14.2,1029,71,4.2,0.0,0.0,100,0,0,990,0.0,4,20,5,15,0.0,1,0.0,0.0,1008.1999999999999,4321.8,-0.8660254037844386,0.5000000000000001,0.49999999999999994,-0.8660254037844387,1.0,2.83276944882399e-16,1.0,6.800000000000001,0.0,6.800000000000001,0.0,4.08,6.800000000000001,979.2,0,1.615777597853939,1.615777597853939,Zero-Actual / Undefined % Error,979.2,6.800000000000001,0.006463110391415756,1.2926220782831512,0.0016473813259446216,HVAC Moderation,Adjust HVAC setpoint; Reduce cooling or heating intensity
0.0,14.2,1029,71,4.2,0.0,0.0,100,0,0,990,0.0,4,20,5,30,0.0,1,0.0,0.0,1008.1999999999999,4321.8,-0.8660254037844386,0.5000000000000001,0.49999999999999994,-0.8660254037844387,5.66553889764798e-16,-1.0,1.0,6.800000000000001,0.0,6.800000000000001,0.0,4.08,6.800000000000001,979.2,0,1.6977906997904575,1.6977906997904575,Zero-Actual / Undefined % Error,979.2,6.800000000000001,0.00679116279916183,1.358232559832366,0.0017308538301920007,HVAC Moderation,Adjust HVAC setpoint; Reduce cooling or heating intensity
0.0,14.2,1029,71,4.2,0.0,0.0,100,0,0,990,0.0,4,20,5,45,0.0,1,0.0,0.0,1008.1999999999999,4321.8,-0.8660254037844386,0.5000000000000001,0.49999999999999994,-0.8660254037844387,-1.0,-1.8369701987210297e-16,1.0,6.800000000000001,0.0,6.800000000000001,0.0,4.08,6.800000000000001,979.2,0,1.445436401932287,1.445436401932287,Zero-Actual / Undefined % Error,979.2,6.800000000000001,0.005781745607729148,1.1563491215458295,0.0014739643369592848,HVAC Moderation,Adjust HVAC setpoint; Reduce cooling or heating intensity
0.0,13.3,1029,73,4.3,0.0,0.0,100,0,0,990,0.0,4,21,5,0,0.0,1,0.0,0.0,970.9000000000001,4424.7,-0.7071067811865477,0.7071067811865474,0.49999999999999994,-0.8660254037844387,0.0,1.0,1.0,7.699999999999999,0.0,7.699999999999999,0.0,4.08,7.699999999999999,1087.1999999999998,0,1.4213272513512616,1.4213272513512616,Zero-Actual / Undefined % Error,1087.1999999999998,7.699999999999999,0.005685309005405047,1.1370618010810092,0.0013056213528668734,HVAC Moderation,Adjust HVAC setpoint; Reduce cooling or heating intensity
0.0,13.3,1029,73,4.3,0.0,0.0,100,0,0,990,0.0,4,21,5,15,0.0,1,0.0,0.0,970.9000000000001,4424.7,-0.7071067811865477,0.7071067811865474,0.49999999999999994,-0.8660254037844387,1.0,2.83276944882399e-16,1.0,7.699999999999999,0.0,7.699999999999999,0.0,4.619999999999999,7.699999999999999,1108.7999999999997,0,1.6008332962135723,1.6008332962135723,Zero-Actual / Undefined % Error,1108.7999999999997,7.699999999999999,0.006403333184854289,1.280666636970858,0.0014416715538836942,HVAC Moderation,Adjust HVAC setpoint; Reduce cooling or heating intensity
0.0,13.3,1029,73,4.3,0.0,0.0,100,0,0,990,0.0,4,21,5,30,0.0,1,0.0,0.0,970.9000000000001,4424.7,-0.7071067811865477,0.7071067811865474,0.49999999999999994,-0.8660254037844387,5.66553889764798e-16,-1.0,1.0,7.699999999999999,0.0,7.699999999999999,0.0,4.619999999999999,7.699999999999999,1108.7999999999997,0,1.682846398150091,1.682846398150091,Zero-Actual / Undefined % Error,1108.7999999999997,7.699999999999999,0.006731385592600364,1.3462771185200728,0.0015154186326182192,HVAC Moderation,Adjust HVAC setpoint; Reduce cooling or heating intensity
0.0,13.3,1029,73,4.3,0.0,0.0,100,0,0,990,0.0,4,21,5,45,0.0,1,0.0,0.0,970.9000000000001,4424.7,-0.7071067811865477,0.7071067811865474,0.49999999999999994,-0.8660254037844387,-1.0,-1.8369701987210297e-16,1.0,7.699999999999999,0.0,7.699999999999999,0.0,4.619999999999999,7.699999999999999,1108.7999999999997,0,1.4304921002918445,1.4304921002918445,Zero-Actual / Undefined % Error,1108.7999999999997,7.699999999999999,0.005721968401167378,1.1443936802334755,0.001288464070462729,HVAC Moderation,Adjust HVAC setpoint; Reduce cooling or heating intensity
0.0,12.2,1029,72,4.0,0.0,0.0,99,0,0,990,0.0,4,22,5,0,0.0,1,0.0,0.0,878.4,4116.0,-0.5000000000000004,0.8660254037844384,0.49999999999999994,-0.8660254037844387,0.0,1.0,1.0,8.8,0.0,8.8,0.0,4.619999999999999,8.8,1240.8,0,3.1194983920946524,3.1194983920946524,Zero-Actual / Undefined % Error,1240.8,8.8,0.01247799356837861,2.495598713675722,0.0025077976457633763,HVAC Moderation,Adjust HVAC setpoint; Reduce cooling or heating intensity
0.0,12.2,1029,72,4.0,0.0,0.0,99,0,0,990,0.0,4,22,5,15,0.0,1,0.0,0.0,878.4,4116.0,-0.5000000000000004,0.8660254037844384,0.49999999999999994,-0.8660254037844387,1.0,2.83276944882399e-16,1.0,8.8,0.0,8.8,0.0,5.28,8.8,1267.2,0,3.0145396203268695,3.0145396203268695,Zero-Actual / Undefined % Error,1267.2,8.8,0.012058158481307478,2.4116316962614954,0.0023732523317318327,HVAC Moderation,Adjust HVAC setpoint; Reduce cooling or heating intensity
0.0,12.2,1029,72,4.0,0.0,0.0,99,0,0,990,0.0,4,22,5,30,0.0,1,0.0,0.0,878.4,4116.0,-0.5000000000000004,0.8660254037844384,0.49999999999999994,-0.8660254037844387,5.66553889764798e-16,-1.0,1.0,8.8,0.0,8.8,0.0,5.28,8.8,1267.2,0,3.096552722263388,3.096552722263388,Zero-Actual / Undefined % Error,1267.2,8.8,0.012386210889053553,2.4772421778107105,0.0024376612793207777,HVAC Moderation,Adjust HVAC setpoint; Reduce cooling or heating intensity
0.0,12.2,1029,72,4.0,0.0,0.0,99,0,0,990,0.0,4,22,5,45,0.0,1,0.0,0.0,878.4,4116.0,-0.5000000000000004,0.8660254037844384,0.49999999999999994,-0.8660254037844387,-1.0,-1.8369701987210297e-16,1.0,8.8,0.0,8.8,0.0,5.28,8.8,1267.2,0,2.844198424405142,2.844198424405142,Zero-Actual / Undefined % Error,1267.2,8.8,0.011376793697620569,2.2753587395241137,0.0022394483795872273,HVAC Moderation,Adjust HVAC setpoint; Reduce cooling or heating intensity
0.0,11.5,1029,72,4.0,0.0,0.0,100,0,0,990,0.0,4,23,5,0,0.0,1,0.0,0.0,828.0,4116.0,-0.25881904510252157,0.9659258262890681,0.49999999999999994,-0.8660254037844387,0.0,1.0,0.6,9.5,0.0,5.7,0.0,5.28,9.5,895.2,0,1.4352702255964562,1.4352702255964562,Zero-Actual / Undefined % Error,895.2,9.5,0.005741080902385825,1.148216180477165,0.0016007291611834632,HVAC Moderation,Adjust HVAC setpoint; Reduce cooling or heating intensity
0.0,11.5,1029,72,4.0,0.0,0.0,100,0,0,990,0.0,4,23,5,15,0.0,1,0.0,0.0,828.0,4116.0,-0.25881904510252157,0.9659258262890681,0.49999999999999994,-0.8660254037844387,1.0,2.83276944882399e-16,0.6,9.5,0.0,5.7,0.0,3.42,9.5,820.8,0,1.8651611765794749,1.8651611765794749,Zero-Actual / Undefined % Error,820.8,9.5,0.0074606447063179,1.4921289412635799,0.0022672178941486897,HVAC Moderation,Adjust HVAC setpoint; Reduce cooling or heating intensity
0.0,11.5,1029,72,4.0,0.0,0.0,100,0,0,990,0.0,4,23,5,30,0.0,1,0.0,0.0,828.0,4116.0,-0.25881904510252157,0.9659258262890681,0.49999999999999994,-0.8660254037844387,5.66553889764798e-16,-1.0,0.6,9.5,0.0,5.7,0.0,3.42,9.5,820.8,0,1.9996084852396192,1.9996084852396192,Zero-Actual / Undefined % Error,820.8,9.5,0.007998433940958477,1.5996867881916954,0.0024302496770636723,HVAC Moderation,Adjust HVAC setpoint; Reduce cooling or heating intensity
0.0,11.5,1029,72,4.0,0.0,0.0,100,0,0,990,0.0,4,23,5,45,0.0,1,0.0,0.0,828.0,4116.0,-0.25881904510252157,0.9659258262890681,0.49999999999999994,-0.8660254037844387,-1.0,-1.8369701987210297e-16,0.6,9.5,0.0,5.7,0.0,3.42,9.5,820.8,0,1.7472541873814484,1.7472541873814484,Zero-Actual / Undefined % Error,820.8,9.5,0.006989016749525794,1.3978033499051588,0.0021241991586044657,HVAC Moderation,Adjust HVAC setpoint; Reduce cooling or heating intensity
0.0,11.1,1029,73,4.0,0.0,0.0,100,0,0,990,0.0,4,0,5,0,0.0,1,0.0,0.0,810.3,4116.0,0.0,1.0,0.49999999999999994,-0.8660254037844387,0.0,1.0,0.6,9.9,0.0,5.94,0.0,3.42,9.9,849.6000000000001,0,1.631353373191779,1.631353373191779,Zero-Actual / Undefined % Error,849.6000000000001,9.9,0.006525413492767116,1.3050826985534232,0.0019164629742674758,HVAC Moderation,Adjust HVAC setpoint; Reduce cooling or heating intensity
0.0,11.1,1029,73,4.0,0.0,0.0,100,0,0,990,0.0,4,0,5,15,0.0,1,0.0,0.0,810.3,4116.0,0.0,1.0,0.49999999999999994,-0.8660254037844387,1.0,2.83276944882399e-16,0.6,9.9,0.0,5.94,0.0,3.564,9.9,855.3600000000001,0,1.9789149915101134,1.9789149915101134,Zero-Actual / Undefined % Error,855.3600000000001,9.9,0.007915659966040454,1.5831319932080907,0.002308206188472739,HVAC Moderation,Adjust HVAC setpoint; Reduce cooling or heating intensity
0.0,11.1,1029,73,4.0,0.0,0.0,100,0,0,990,0.0,4,0,5,30,0.0,1,0.0,0.0,810.3,4116.0,0.0,1.0,0.49999999999999994,-0.8660254037844387,5.66553889764798e-16,-1.0,0.6,9.9,0.0,5.94,0.0,3.564,9.9,855.3600000000001,0,2.3703159782229597,2.3703159782229597,Zero-Actual / Undefined % Error,855.3600000000001,9.9,0.009481263912891839,1.8962527825783677,0.002763474639177456,HVAC Moderation,Adjust HVAC setpoint; Reduce cooling or heating intensity
0.0,11.1,1029,73,4.0,0.0,0.0,100,0,0,990,0.0,4,0,5,45,0.0,1,0.0,0.0,810.3,4116.0,0.0,1.0,0.49999999999999994,-0.8660254037844387,-1.0,-1.8369701987210297e-16,0.6,9.9,0.0,5.94,0.0,3.564,9.9,855.3600000000001,0,2.135647206937495,2.135647206937495,Zero-Actual / Undefined % Error,855.3600000000001,9.9,0.008542588827749982,1.7085177655499961,0.0024905633181966937,HVAC Moderation,Adjust HVAC setpoint; Reduce cooling or heating intensity
0.0,10.3,1029,74,3.6,0.0,0.0,99,0,0,990,0.0,4,1,5,0,0.0,1,0.0,0.0,762.2,3704.4,0.25881904510252074,0.9659258262890683,0.49999999999999994,-0.8660254037844387,0.0,1.0,0.6,10.7,0.0,6.419999999999999,0.0,3.564,10.7,912.9599999999998,0,3.2693383591281413,3.2693383591281413,Zero-Actual / Undefined % Error,912.9599999999998,10.7,0.013077353436512566,2.615470687302513,0.0035682532949828207,HVAC Moderation,Adjust HVAC setpoint; Reduce cooling or heating intensity
0.0,10.3,1029,74,3.6,0.0,0.0,99,0,0,990,0.0,4,1,5,15,0.0,1,0.0,0.0,762.2,3704.4,0.25881904510252074,0.9659258262890683,0.49999999999999994,-0.8660254037844387,1.0,2.83276944882399e-16,0.6,10.7,0.0,6.419999999999999,0.0,3.8519999999999994,10.7,924.4799999999998,0,3.478779667974092,3.478779667974092,Zero-Actual / Undefined % Error,924.4799999999998,10.7,0.013915118671896367,2.7830237343792734,0.003748851501216419,HVAC Moderation,Adjust HVAC setpoint; Reduce cooling or heating intensity
0.0,10.3,1029,74,3.6,0.0,0.0,99,0,0,990,0.0,4,1,5,30,0.0,1,0.0,0.0,762.2,3704.4,0.25881904510252074,0.9659258262890683,0.49999999999999994,-0.8660254037844387,5.66553889764798e-16,-1.0,0.6,10.7,0.0,6.419999999999999,0.0,3.8519999999999994,10.7,924.4799999999998,0,3.8527616057943983,3.8527616057943983,Zero-Actual / Undefined % Error,924.4799999999998,10.7,0.015411046423177593,3.0822092846355185,0.00415019458645394,HVAC Moderation,Adjust HVAC setpoint; Reduce cooling or heating intensity
0.0,10.3,1029,74,3.6,0.0,0.0,99,0,0,990,0.0,4,1,5,45,0.0,1,0.0,0.0,762.2,3704.4,0.25881904510252074,0.9659258262890683,0.49999999999999994,-0.8660254037844387,-1.0,-1.8369701987210297e-16,0.6,10.7,0.0,6.419999999999999,0.0,3.8519999999999994,10.7,924.4799999999998,0,3.3638211968753806,3.3638211968753806,Zero-Actual / Undefined % Error,924.4799999999998,10.7,0.013455284787501522,2.6910569575003045,0.003625417464019743,HVAC Moderation,Adjust HVAC setpoint; Reduce cooling or heating intensity
0.0,9.9,1028,78,3.3,0.0,0.0,93,0,0,990,0.0,4,2,5,0,0.0,1,0.0,0.0,772.2,3392.3999999999996,0.49999999999999994,0.8660254037844387,0.49999999999999994,-0.8660254037844387,0.0,1.0,0.6,11.1,0.0,6.659999999999999,0.0,3.8519999999999994,11.1,953.28,0,4.509829793597375,4.509829793597375,Zero-Actual / Undefined % Error,953.28,11.1,0.0180393191743895,3.6078638348779,0.004708579741195058,HVAC Moderation,Adjust HVAC setpoint; Reduce cooling or heating intensity
0.0,9.9,1028,78,3.3,0.0,0.0,93,0,0,990,0.0,4,2,5,15,0.0,1,0.0,0.0,772.2,3392.3999999999996,0.49999999999999994,0.8660254037844387,0.49999999999999994,-0.8660254037844387,1.0,2.83276944882399e-16,0.6,11.1,0.0,6.659999999999999,0.0,3.9959999999999996,11.1,959.04,0,4.534785976414194,4.534785976414194,Zero-Actual / Undefined % Error,959.04,11.1,0.018139143905656775,3.627828781131355,0.004706210703835274,HVAC Moderation,Adjust HVAC setpoint; Reduce cooling or heating intensity
0.0,9.9,1028,78,3.3,0.0,0.0,93,0,0,990,0.0,4,2,5,30,0.0,1,0.0,0.0,772.2,3392.3999999999996,0.49999999999999994,0.8660254037844387,0.49999999999999994,-0.8660254037844387,5.66553889764798e-16,-1.0,0.6,11.1,0.0,6.659999999999999,0.0,3.9959999999999996,11.1,959.04,0,5.099925620347357,5.099925620347357,Zero-Actual / Undefined % Error,959.04,11.1,0.02039970248138943,4.079940496277886,0.005289611476027559,HVAC Moderation,Adjust HVAC setpoint; Reduce cooling or heating intensity
0.8,9.9,1028,78,3.3,0.0,0.0,93,1,15,990,0.02,4,2,5,45,0.01515151513621059,0,7.920000000000001,0.055999999999999966,772.2,3392.3999999999996,0.49999999999999994,0.8660254037844387,0.49999999999999994,-0.8660254037844387,-1.0,-1.8369701987210297e-16,0.6,11.1,0.0,6.659999999999999,0.0,3.9959999999999996,11.1,959.04,0,5.412575276918078,5.412575276918078,Zero-Actual / Undefined % Error,959.04,11.1,0.021650301107672312,4.330060221534462,0.005612069903750244,HVAC Moderation,Adjust HVAC setpoint; Reduce cooling or heating intensity
3.7,9.3,1029,81,3.4,0.0,0.0,84,1,30,990,0.03,3,3,5,0,0.03030303027242118,0,34.410000000000004,0.5920000000000002,753.3000000000001,3498.6,0.7071067811865475,0.7071067811865476,0.49999999999999994,-0.8660254037844387,0.0,1.0,0.6,11.7,0.0,7.02,0.0,3.9959999999999996,11.7,1002.24,0,23.212959996727747,23.212959996727747,Zero-Actual / Undefined % Error,1002.24,11.7,0.09285183998691099,18.5703679973822,0.022636786746575904,HVAC Moderation,Adjust HVAC setpoint; Reduce cooling or heating intensity
7.9,9.3,1029,81,3.4,0.0,0.0,84,1,45,990,0.05,3,3,5,15,0.04545454540863177,0,73.47000000000001,1.2640000000000002,753.3000000000001,3498.6,0.7071067811865475,0.7071067811865476,0.49999999999999994,-0.8660254037844387,1.0,2.83276944882399e-16,0.6,11.7,0.0,7.02,0.0,4.212,11.7,1010.88,36,57.920212619766595,21.920212619766595,High Error (>60%),1010.88,11.7,0.2316808504790664,46.33617009581327,0.05419180486838125,HVAC Moderation,Adjust HVAC setpoint; Reduce cooling or heating intensity
13.3,9.3,1029,81,3.4,0.0,0.0,84,1,60,990,0.06,3,3,5,30,0.06060606054484236,0,123.69000000000001,2.1280000000000006,753.3000000000001,3498.6,0.7071067811865475,0.7071067811865476,0.49999999999999994,-0.8660254037844387,5.66553889764798e-16,-1.0,0.6,11.7,0.0,7.02,0.0,4.212,11.7,1010.88,58,99.042030123692,41.042030123692,High Error (>60%),1010.88,11.7,0.396168120494768,79.2336240989536,0.08923332211310485,HVAC Moderation,Adjust HVAC setpoint; Reduce cooling or heating intensity
19.8,9.3,1029,81,3.4,0.0,0.0,84,1,75,990,0.08,3,3,5,45,0.07575757568105296,0,184.14000000000001,3.1680000000000006,753.3000000000001,3498.6,0.7071067811865475,0.7071067811865476,0.49999999999999994,-0.8660254037844387,-1.0,-1.8369701987210297e-16,0.6,11.7,0.0,7.02,0.0,4.212,11.7,1010.88,104,170.3950205246517,66.3950205246517,High Error (>60%),1010.88,11.7,0.6815800820986068,136.31601641972136,0.14424669735649343,HVAC Moderation,Adjust HVAC setpoint; Reduce cooling or heating intensity
27.1,9.5,1029,84,4.1,0.0,0.0,87,1,90,990,0.09,4,4,5,0,0.09090909081726355,0,257.45,3.523,798.0,4218.9,0.8660254037844386,0.5000000000000001,0.49999999999999994,-0.8660254037844387,0.0,1.0,0.6,11.5,0.0,6.8999999999999995,0.0,4.212,11.5,996.4799999999999,159,230.96708568888684,71.96708568888684,Low Error (20-50%),996.4799999999999,11.5,0.9238683427555474,184.77366855110947,0.18816866991141312,HVAC Moderation,Adjust HVAC setpoint; Reduce cooling or heating intensity
35.2,9.5,1029,84,4.1,0.0,0.0,87,1,105,990,0.11,4,4,5,15,0.10606060595347414,0,334.40000000000003,4.5760000000000005,798.0,4218.9,0.8660254037844386,0.5000000000000001,0.49999999999999994,-0.8660254037844387,1.0,2.83276944882399e-16,0.6,11.5,0.0,6.8999999999999995,0.0,4.14,11.5,993.5999999999999,188,272.0197888900537,84.01978889005369,Low Error (20-50%),993.5999999999999,11.5,1.0880791555602147,217.61583111204294,0.2149301007008467,HVAC Moderation,Adjust HVAC setpoint; Reduce cooling or heating intensity
43.9,9.5,1029,84,4.1,0.0,0.0,87,1,120,990,0.12,4,4,5,30,0.12121212108968472,0,417.05,5.707,798.0,4218.9,0.8660254037844386,0.5000000000000001,0.49999999999999994,-0.8660254037844387,5.66553889764798e-16,-1.0,0.6,11.5,0.0,6.8999999999999995,0.0,4.14,11.5,993.5999999999999,255,278.0987079379648,23.098707937964775,Very Low Error (<20%),993.5999999999999,11.5,1.112394831751859,222.47896635037182,0.21868285780537883,HVAC Moderation,Adjust HVAC setpoint; Reduce cooling or heating intensity
52.8,9.5,1029,84,4.1,0.0,0.0,87,1,135,990,0.14,4,4,5,45,0.1363636362258953,0,501.59999999999997,6.864,798.0,4218.9,0.8660254037844386,0.5000000000000001,0.49999999999999994,-0.8660254037844387,-1.0,-1.8369701987210297e-16,0.6,11.5,0.0,6.8999999999999995,0.0,4.14,11.5,993.5999999999999,369,334.9727194485513,34.02728055144871,Very Low Error (<20%),993.5999999999999,11.5,1.3398908777942051,267.97817555884103,0.2521297587199127,HVAC Moderation,Adjust HVAC setpoint; Reduce cooling or heating intensity
56.2,11.5,1029,80,4.6,0.0,0.0,69,1,150,990,0.15,3,5,5,0,0.15151515136210592,0,646.3000000000001,17.422000000000004,920.0,4733.4,0.9659258262890683,0.25881904510252074,0.49999999999999994,-0.8660254037844387,0.0,1.0,0.6,9.5,0.0,5.7,0.0,4.14,9.5,849.6,639,392.42772073393184,246.57227926606816,Low Error (20-50%),849.6,9.5,1.5697108829357274,313.94217658714547,0.3159572961753892,HVAC Moderation,Adjust HVAC setpoint; Reduce cooling or heating intensity
54.6,11.5,1029,80,4.6,0.0,0.0,69,1,165,990,0.17,3,5,5,15,0.1666666664983165,0,627.9,16.926000000000002,920.0,4733.4,0.9659258262890683,0.25881904510252074,0.49999999999999994,-0.8660254037844387,1.0,2.83276944882399e-16,0.6,9.5,0.0,5.7,0.0,3.42,9.5,820.8,785,482.33682376383837,302.66317623616163,Low Error (20-50%),820.8,9.5,1.9293472950553534,385.8694590110707,0.37013521112892356,HVAC Moderation,Adjust HVAC setpoint; Reduce cooling or heating intensity
66.4,11.5,1029,80,4.6,0.0,0.0,69,1,180,990,0.18,3,5,5,30,0.1818181816345271,0,763.6,20.584000000000007,920.0,4733.4,0.9659258262890683,0.25881904510252074,0.49999999999999994,-0.8660254037844387,5.66553889764798e-16,-1.0,0.6,9.5,0.0,5.7,0.0,3.42,9.5,820.8,622,574.7664455875736,47.23355441242643,Very Low Error (<20%),820.8,9.5,2.2990657823502945,459.81315647005886,0.41185172299963735,HVAC Moderation,Adjust HVAC setpoint; Reduce cooling or heating intensity
77.7,11.5,1029,80,4.6,0.0,0.0,69,1,195,990,0.2,3,5,5,45,0.19696969677073767,0,893.5500000000001,24.087000000000003,920.0,4733.4,0.9659258262890683,0.25881904510252074,0.49999999999999994,-0.8660254037844387,-1.0,-1.8369701987210297e-16,0.6,9.5,0.0,5.7,0.0,3.42,9.5,820.8,722,661.5016138825139,60.49838611748612,Very Low Error (<20%),820.8,9.5,2.6460064555300553,529.2012911060111,0.4462665406560621,HVAC Moderation,Adjust HVAC setpoint; Reduce cooling or heating intensity
92.5,12.6,1029,75,5.0,0.0,0.0,35,1,210,990,0.21,2,6,5,0,0.21212121190694827,0,1165.5,60.125,945.0,5145.0,1.0,6.123233995736766e-17,0.49999999999999994,-0.8660254037844387,0.0,1.0,0.6,8.4,0.0,5.04,0.0,3.42,8.4,741.5999999999999,891,833.5771773765041,57.422822623495904,Very Low Error (<20%),741.5999999999999,8.4,3.334308709506016,666.8617419012032,0.5291958192510453,HVAC Moderation,Adjust HVAC setpoint; Reduce cooling or heating intensity
100.9,12.6,1029,75,5.0,0.0,0.0,35,1,225,990,0.23,2,6,5,15,0.22727272704315887,0,1271.3400000000001,65.58500000000001,945.0,5145.0,1.0,6.123233995736766e-17,0.49999999999999994,-0.8660254037844387,1.0,2.83276944882399e-16,0.6,8.4,0.0,5.04,0.0,3.024,8.4,725.76,1281,1041.6930516695013,239.3069483304987,Very Low Error (<20%),725.76,8.4,4.166772206678005,833.354441335601,0.5893752312663486,HVAC Moderation,Adjust HVAC setpoint; Reduce cooling or heating intensity
108.6,12.6,1029,75,5.0,0.0,0.0,35,1,240,990,0.24,2,6,5,30,0.24242424217936945,0,1368.36,70.59,945.0,5145.0,1.0,6.123233995736766e-17,0.49999999999999994,-0.8660254037844387,5.66553889764798e-16,-1.0,0.6,8.4,0.0,5.04,0.0,3.024,8.4,725.76,1418,1243.4130562777268,174.5869437222732,Very Low Error (<20%),725.76,8.4,4.973652225110907,994.7304450221815,0.6314391981356259,HVAC Moderation,Adjust HVAC setpoint; Reduce cooling or heating intensity
126.0,12.6,1029,75,5.0,0.0,0.0,35,1,255,990,0.26,2,6,5,45,0.25757575731558,0,1587.6,81.9,945.0,5145.0,1.0,6.123233995736766e-17,0.49999999999999994,-0.8660254037844387,-1.0,-1.8369701987210297e-16,0.6,8.4,0.0,5.04,0.0,3.024,8.4,725.76,1737,1579.4250004454195,157.57499955458047,Very Low Error (<20%),725.76,8.4,6.317700001781678,1263.5400003563357,0.6851619281988531,HVAC Moderation,Adjust HVAC setpoint; Reduce cooling or heating intensity
132.4,14.0,1029,71,5.0,0.0,0.0,26,1,270,990,0.27,2,7,5,0,0.2727272724517906,0,1853.6000000000001,97.976,994.0,5145.0,0.9659258262890683,-0.25881904510252063,0.49999999999999994,-0.8660254037844387,0.0,1.0,1.0,7.0,0.0,7.0,0.0,3.024,7.0,960.96,2018,1994.4919994524462,23.50800054755382,Very Low Error (<20%),960.96,7.0,7.977967997809785,1595.593599561957,0.6748517651943297,HVAC Moderation,Adjust HVAC setpoint; Reduce cooling or heating intensity
136.7,14.0,1029,71,5.0,0.0,0.0,26,1,285,990,0.29,2,7,5,15,0.28787878758800123,0,1913.7999999999997,101.15799999999999,994.0,5145.0,0.9659258262890683,-0.25881904510252063,0.49999999999999994,-0.8660254037844387,1.0,2.83276944882399e-16,1.0,7.0,0.0,7.0,0.0,4.2,7.0,1008.0,2059,2164.4812816632907,105.4812816632907,Very Low Error (<20%),1008.0,7.0,8.657925126653163,1731.5850253306326,0.6822676286512914,HVAC Moderation,Adjust HVAC setpoint; Reduce cooling or heating intensity
139.9,14.0,1029,71,5.0,0.0,0.0,26,1,300,990,0.3,2,7,5,30,0.30303030272421183,0,1958.6000000000001,103.526,994.0,5145.0,0.9659258262890683,-0.25881904510252063,0.49999999999999994,-0.8660254037844387,5.66553889764798e-16,-1.0,1.0,7.0,0.0,7.0,0.0,4.2,7.0,1008.0,1959,2292.494633883211,333.494633883211,Very Low Error (<20%),1008.0,7.0,9.169978535532843,1833.9957071065687,0.6945912317667899,HVAC Moderation,Adjust HVAC setpoint; Reduce cooling or heating intensity
158.4,14.0,1029,71,5.0,0.0,0.0,26,1,315,990,0.32,2,7,5,45,0.31818181786042243,0,2217.6,117.21600000000001,994.0,5145.0,0.9659258262890683,-0.25881904510252063,0.49999999999999994,-0.8660254037844387,-1.0,-1.8369701987210297e-16,1.0,7.0,0.0,7.0,0.0,4.2,7.0,1008.0,2793,2668.671540806217,124.32845919378315,Very Low Error (<20%),1008.0,7.0,10.674686163224868,2134.9372326449734,0.7258389851967016,HVAC Moderation,Adjust HVAC setpoint; Reduce cooling or heating intensity
172.1,14.5,1029,68,5.0,0.0,0.0,23,1,330,990,0.33,2,8,5,0,0.333333332996633,0,2495.45,132.517,986.0,5145.0,0.8660254037844387,-0.4999999999999998,0.49999999999999994,-0.8660254037844387,0.0,1.0,1.0,6.5,0.0,6.5,0.0,4.2,6.5,948.0,3250,3339.2262595998604,89.22625959986044,Very Low Error (<20%),948.0,6.5,13.356905038399441,2671.381007679888,0.7788780103088476,HVAC Moderation,Adjust HVAC setpoint; Reduce cooling or heating intensity
178.8,14.5,1029,68,5.0,0.0,0.0,23,1,345,990,0.35,2,8,5,15,0.3484848481328436,0,2592.6000000000004,137.67600000000002,986.0,5145.0,0.8660254037844387,-0.4999999999999998,0.49999999999999994,-0.8660254037844387,1.0,2.83276944882399e-16,1.0,6.5,0.0,6.5,0.0,3.9,6.5,936.0,3485,3459.233179997525,25.766820002475015,Very Low Error (<20%),936.0,6.5,13.8369327199901,2767.38654399802,0.7870420151889257,HVAC Moderation,Adjust HVAC setpoint; Reduce cooling or heating intensity
176.2,14.5,1029,68,5.0,0.0,0.0,23,1,360,990,0.36,2,8,5,30,0.3636363632690542,0,2554.8999999999996,135.674,986.0,5145.0,0.8660254037844387,-0.4999999999999998,0.49999999999999994,-0.8660254037844387,5.66553889764798e-16,-1.0,1.0,6.5,0.0,6.5,0.0,3.9,6.5,936.0,2920,3420.5113738372315,500.51137383723153,Very Low Error (<20%),936.0,6.5,13.682045495348927,2736.409099069785,0.7851491892328708,HVAC Moderation,Adjust HVAC setpoint; Reduce cooling or heating intensity
175.3,14.5,1029,68,5.0,0.0,0.0,23,1,375,990,0.38,2,8,5,45,0.3787878784052648,0,2541.8500000000004,134.98100000000002,986.0,5145.0,0.8660254037844387,-0.4999999999999998,0.49999999999999994,-0.8660254037844387,-1.0,-1.8369701987210297e-16,1.0,6.5,0.0,6.5,0.0,3.9,6.5,936.0,3797,3421.2088700263516,375.79112997364837,Very Low Error (<20%),936.0,6.5,13.684835480105406,2736.9670960210815,0.7851835822643215,HVAC Moderation,Adjust HVAC setpoint; Reduce cooling or heating intensity
171.6,15.7,1029,65,5.2,0.0,0.0,23,1,390,990,0.39,2,9,5,0,0.39393939354147534,0,2694.12,132.132,1020.5,5350.8,0.7071067811865476,-0.7071067811865475,0.49999999999999994,-0.8660254037844387,0.0,1.0,1.0,5.300000000000001,0.0,5.300000000000001,0.0,3.9,5.300000000000001,792.0000000000001,2848,3412.4995010243515,564.4995010243515,Very Low Error (<20%),792.0000000000001,5.300000000000001,13.649998004097405,2729.999600819481,0.8116303734561808,HVAC Moderation,Adjust HVAC setpoint; Reduce cooling or heating intensity
170.1,15.7,1029,65,5.2,0.0,0.0,23,1,405,990,0.41,2,9,5,15,0.40909090867768594,0,2670.5699999999997,130.977,1020.5,5350.8,0.7071067811865476,-0.7071067811865475,0.49999999999999994,-0.8660254037844387,1.0,2.83276944882399e-16,1.0,5.300000000000001,0.0,5.300000000000001,0.0,3.18,5.300000000000001,763.2000000000002,3197,3369.9999447883492,172.99994478834924,Very Low Error (<20%),763.2000000000002,5.300000000000001,13.479999779153397,2695.9999558306795,0.8153488795581529,HVAC Moderation,Adjust HVAC setpoint; Reduce cooling or heating intensity
169.5,15.7,1029,65,5.2,0.0,0.0,23,1,420,990,0.42,2,9,5,30,0.42424242381389654,0,2661.15,130.51500000000001,1020.5,5350.8,0.7071067811865476,-0.7071067811865475,0.49999999999999994,-0.8660254037844387,5.66553889764798e-16,-1.0,1.0,5.300000000000001,0.0,5.300000000000001,0.0,3.18,5.300000000000001,763.2000000000002,3034,3382.487158120478,348.48715812047794,Very Low Error (<20%),763.2000000000002,5.300000000000001,13.529948632481911,2705.9897264963824,0.815905066709878,HVAC Moderation,Adjust HVAC setpoint; Reduce cooling or heating intensity
196.4,15.7,1029,65,5.2,0.0,0.0,23,1,435,990,0.44,2,9,5,45,0.43939393895010714,0,3083.48,151.228,1020.5,5350.8,0.7071067811865476,-0.7071067811865475,0.49999999999999994,-0.8660254037844387,-1.0,-1.8369701987210297e-16,1.0,5.300000000000001,0.0,5.300000000000001,0.0,3.18,5.300000000000001,763.2000000000002,2564,3852.229163650742,1288.229163650742,Moderate Error (50-60%),763.2000000000002,5.300000000000001,15.408916654602969,3081.7833309205935,0.8346415958790361,HVAC Moderation,Adjust HVAC setpoint; Reduce cooling or heating intensity
178.7,15.6,1029,62,4.5,0.0,0.0,36,1,450,990,0.45,2,10,5,0,0.45454545408631775,0,2787.72,114.368,967.1999999999999,4630.5,0.49999999999999994,-0.8660254037844387,0.49999999999999994,-0.8660254037844387,0.0,1.0,1.0,5.4,0.0,5.4,0.0,3.18,5.4,775.2,3139,3525.330026968177,386.3300269681772,Very Low Error (<20%),775.2,5.4,14.10132010787271,2820.264021574542,0.8197431488773372,HVAC Moderation,Adjust HVAC setpoint; Reduce cooling or heating intensity
164.0,15.6,1029,62,4.5,0.0,0.0,36,1,465,990,0.47,2,10,5,15,0.4696969692225283,0,2558.4,104.96000000000001,967.1999999999999,4630.5,0.49999999999999994,-0.8660254037844387,0.49999999999999994,-0.8660254037844387,1.0,2.83276944882399e-16,1.0,5.4,0.0,5.4,0.0,3.24,5.4,777.6,3488,3293.613746176968,194.3862538230319,Very Low Error (<20%),777.6,5.4,13.174454984707872,2634.8909969415745,0.8090004481982314,HVAC Moderation,Adjust HVAC setpoint; Reduce cooling or heating intensity
200.0,15.6,1029,62,4.5,0.0,0.0,36,1,480,990,0.48,2,10,5,30,0.4848484843587389,0,3120.0,128.0,967.1999999999999,4630.5,0.49999999999999994,-0.8660254037844387,0.49999999999999994,-0.8660254037844387,5.66553889764798e-16,-1.0,1.0,5.4,0.0,5.4,0.0,3.24,5.4,777.6,2875,3987.1874459682163,1112.1874459682163,Low Error (20-50%),777.6,5.4,15.948749783872865,3189.749956774573,0.836802793481422,HVAC Moderation,Adjust HVAC setpoint; Reduce cooling or heating intensity
217.4,15.6,1029,62,4.5,0.0,0.0,36,1,495,990,0.5,2,10,5,45,0.4999999994949495,0,3391.44,139.136,967.1999999999999,4630.5,0.49999999999999994,-0.8660254037844387,0.49999999999999994,-0.8660254037844387,-1.0,-1.8369701987210297e-16,1.0,5.4,0.0,5.4,0.0,3.24,5.4,777.6,3413,4077.607192495323,664.607192495323,Very Low Error (<20%),777.6,5.4,16.310428769981293,3262.0857539962585,0.8398420561656408,HVAC Moderation,Adjust HVAC setpoint; Reduce cooling or heating intensity
217.6,15.8,1029,60,4.9,0.0,0.0,60,1,510,990,0.52,3,11,5,0,0.51515151463116,0,3438.08,87.04,948.0,5042.1,0.258819045102521,-0.9659258262890682,0.49999999999999994,-0.8660254037844387,0.0,1.0,1.0,5.199999999999999,0.0,5.199999999999999,0.0,3.24,5.199999999999999,753.5999999999999,3799,4080.500463798428,281.500463798428,Very Low Error (<20%),753.5999999999999,5.199999999999999,16.32200185519371,3264.4003710387424,0.8441075011808999,HVAC Moderation,Adjust HVAC setpoint; Reduce cooling or heating intensity
217.0,15.8,1029,60,4.9,0.0,0.0,60,1,525,990,0.53,3,11,5,15,0.5303030297673706,0,3428.6000000000004,86.80000000000001,948.0,5042.1,0.258819045102521,-0.9659258262890682,0.49999999999999994,-0.8660254037844387,1.0,2.83276944882399e-16,1.0,5.199999999999999,0.0,5.199999999999999,0.0,3.1199999999999997,5.199999999999999,748.7999999999998,3765,4056.389423432423,291.389423432423,Very Low Error (<20%),748.7999999999998,5.199999999999999,16.22555769372969,3245.1115387459386,0.8441684739434707,HVAC Moderation,Adjust HVAC setpoint; Reduce cooling or heating intensity
215.7,15.8,1029,60,4.9,0.0,0.0,60,1,540,990,0.55,3,11,5,30,0.5454545449035813,0,3408.06,86.28,948.0,5042.1,0.258819045102521,-0.9659258262890682,0.49999999999999994,-0.8660254037844387,5.66553889764798e-16,-1.0,1.0,5.199999999999999,0.0,5.199999999999999,0.0,3.1199999999999997,5.199999999999999,748.7999999999998,3530,3977.236510145839,447.236510145839,Very Low Error (<20%),748.7999999999998,5.199999999999999,15.908946040583356,3181.789208116671,0.8415585662036174,HVAC Moderation,Adjust HVAC setpoint; Reduce cooling or heating intensity
213.8,15.8,1029,60,4.9,0.0,0.0,60,1,555,990,0.56,3,11,5,45,0.5606060600397919,0,3378.0400000000004,85.52000000000001,948.0,5042.1,0.258819045102521,-0.9659258262890682,0.49999999999999994,-0.8660254037844387,-1.0,-1.8369701987210297e-16,1.0,5.199999999999999,0.0,5.199999999999999,0.0,3.1199999999999997,5.199999999999999,748.7999999999998,2909,3972.770944587137,1063.770944587137,Low Error (20-50%),748.7999999999998,5.199999999999999,15.891083778348548,3178.2167556697095,0.8414087155251068,HVAC Moderation,Adjust HVAC setpoint; Reduce cooling or heating intensity
211.2,15.4,1029,58,5.6,0.0,0.0,37,1,570,990,0.58,2,12,5,0,0.5757575751760025,0,3252.48,133.05599999999998,893.2,5762.4,1.2246467991473532e-16,-1.0,0.49999999999999994,-0.8660254037844387,0.0,1.0,1.0,5.6,0.0,5.6,0.0,3.1199999999999997,5.6,796.8,3402,3848.672068847304,446.6720688473042,Very Low Error (<20%),796.8,5.6,15.394688275389218,3078.9376550778434,0.8284781419369956,HVAC Moderation,Adjust HVAC setpoint; Reduce cooling or heating intensity
207.8,15.4,1029,58,5.6,0.0,0.0,37,1,585,990,0.59,2,12,5,15,0.5909090903122131,0,3200.1200000000003,130.91400000000002,893.2,5762.4,1.2246467991473532e-16,-1.0,0.49999999999999994,-0.8660254037844387,1.0,2.83276944882399e-16,1.0,5.6,0.0,5.6,0.0,3.36,5.6,806.4,2961,3718.9023209856337,757.9023209856337,Low Error (20-50%),806.4,5.6,14.875609283942534,2975.121856788507,0.8218019607038841,HVAC Moderation,Adjust HVAC setpoint; Reduce cooling or heating intensity
203.8,15.4,1029,58,5.6,0.0,0.0,37,1,600,990,0.61,2,12,5,30,0.6060606054484237,0,3138.5200000000004,128.394,893.2,5762.4,1.2246467991473532e-16,-1.0,0.49999999999999994,-0.8660254037844387,5.66553889764798e-16,-1.0,1.0,5.6,0.0,5.6,0.0,3.36,5.6,806.4,3708,3680.2341307262286,27.765869273771386,Very Low Error (<20%),806.4,5.6,14.720936522904914,2944.187304580983,0.820266155580255,HVAC Moderation,Adjust HVAC setpoint; Reduce cooling or heating intensity
199.2,15.4,1029,58,5.6,0.0,0.0,37,1,615,990,0.62,2,12,5,45,0.6212121205846343,0,3067.68,125.496,893.2,5762.4,1.2246467991473532e-16,-1.0,0.49999999999999994,-0.8660254037844387,-1.0,-1.8369701987210297e-16,1.0,5.6,0.0,5.6,0.0,3.36,5.6,806.4,3597,3660.8923849317953,63.89238493179528,Very Low Error (<20%),806.4,5.6,14.643569539727181,2928.7139079454364,0.8194879736236921,HVAC Moderation,Adjust HVAC setpoint; Reduce cooling or heating intensity
194.0,15.7,1029,58,6.2,0.0,0.0,44,1,630,990,0.64,2,13,5,0,0.6363636357208449,0,3045.7999999999997,108.64000000000001,910.5999999999999,6379.8,-0.2588190451025208,-0.9659258262890683,0.49999999999999994,-0.8660254037844387,0.0,1.0,1.0,5.300000000000001,0.0,5.300000000000001,0.0,3.36,5.300000000000001,770.4000000000001,2301,3420.047248835203,1119.047248835203,Low Error (20-50%),770.4000000000001,5.300000000000001,13.680188995340812,2736.0377990681623,0.816153275517238,HVAC Moderation,Adjust HVAC setpoint; Reduce cooling or heating intensity
188.2,15.7,1029,58,6.2,0.0,0.0,44,1,645,990,0.65,2,13,5,15,0.6515151508570554,0,2954.74,105.39200000000001,910.5999999999999,6379.8,-0.2588190451025208,-0.9659258262890683,0.49999999999999994,-0.8660254037844387,1.0,2.83276944882399e-16,1.0,5.300000000000001,0.0,5.300000000000001,0.0,3.18,5.300000000000001,763.2000000000002,3601,3340.0980565772493,260.9019434227507,Very Low Error (<20%),763.2000000000002,5.300000000000001,13.360392226308997,2672.0784452617995,0.8140032748557817,HVAC Moderation,Adjust HVAC setpoint; Reduce cooling or heating intensity
181.8,15.7,1029,58,6.2,0.0,0.0,44,1,660,990,0.67,2,13,5,30,0.666666665993266,0,2854.26,101.80800000000002,910.5999999999999,6379.8,-0.2588190451025208,-0.9659258262890683,0.49999999999999994,-0.8660254037844387,5.66553889764798e-16,-1.0,1.0,5.300000000000001,0.0,5.300000000000001,0.0,3.18,5.300000000000001,763.2000000000002,2372,3163.565282737369,791.5652827373692,Low Error (20-50%),763.2000000000002,5.300000000000001,12.654261130949477,2530.852226189895,0.8056415533261487,HVAC Moderation,Adjust HVAC setpoint; Reduce cooling or heating intensity
175.0,15.7,1029,58,6.2,0.0,0.0,44,1,675,990,0.68,2,13,5,45,0.6818181811294766,0,2747.5,98.00000000000001,910.5999999999999,6379.8,-0.2588190451025208,-0.9659258262890683,0.49999999999999994,-0.8660254037844387,-1.0,-1.8369701987210297e-16,1.0,5.300000000000001,0.0,5.300000000000001,0.0,3.18,5.300000000000001,763.2000000000002,2121,3022.442772554656,901.4427725546561,Low Error (20-50%),763.2000000000002,5.300000000000001,12.089771090218624,2417.9542180437247,0.7983961914390121,HVAC Moderation,Adjust HVAC setpoint; Reduce cooling or heating intensity
167.6,15.5,1029,59,6.4,0.0,0.0,36,1,690,990,0.7,2,14,5,0,0.6969696962656872,0,2597.7999999999997,107.264,914.5,6585.6,-0.4999999999999997,-0.8660254037844388,0.49999999999999994,-0.8660254037844387,0.0,1.0,1.0,5.5,0.0,5.5,0.0,3.18,5.5,787.2,2111,2690.291004403644,579.2910044036439,Low Error (20-50%),787.2,5.5,10.761164017614576,2152.232803522915,0.7736298958712541,HVAC Moderation,Adjust HVAC setpoint; Reduce cooling or heating intensity
159.8,15.5,1029,59,6.4,0.0,0.0,36,1,705,990,0.71,2,14,5,15,0.7121212114018978,0,2476.9,102.272,914.5,6585.6,-0.4999999999999997,-0.8660254037844388,0.49999999999999994,-0.8660254037844387,1.0,2.83276944882399e-16,1.0,5.5,0.0,5.5,0.0,3.3,5.5,792.0,2566,2552.1938274519885,13.806172548011546,Very Low Error (<20%),792.0,5.5,10.208775309807955,2041.7550619615909,0.7631716217338357,HVAC Moderation,Adjust HVAC setpoint; Reduce cooling or heating intensity
151.5,15.5,1029,59,6.4,0.0,0.0,36,1,720,990,0.73,2,14,5,30,0.7272727265381084,0,2348.25,96.96000000000001,914.5,6585.6,-0.4999999999999997,-0.8660254037844388,0.49999999999999994,-0.8660254037844387,5.66553889764798e-16,-1.0,1.0,5.5,0.0,5.5,0.0,3.3,5.5,792.0,2207,2321.7369666931395,114.7369666931395,Very Low Error (<20%),792.0,5.5,9.286947866772557,1857.3895733545116,0.7456432546430647,HVAC Moderation,Adjust HVAC setpoint; Reduce cooling or heating intensity
142.9,15.5,1029,59,6.4,0.0,0.0,36,1,735,990,0.74,2,14,5,45,0.742424241674319,0,2214.9500000000003,91.456,914.5,6585.6,-0.4999999999999997,-0.8660254037844388,0.49999999999999994,-0.8660254037844387,-1.0,-1.8369701987210297e-16,1.0,5.5,0.0,5.5,0.0,3.3,5.5,792.0,1670,2091.0887016525685,421.0887016525685,Low Error (20-50%),792.0,5.5,8.364354806610274,1672.8709613220549,0.7252946118961497,HVAC Moderation,Adjust HVAC setpoint; Reduce cooling or heating intensity
134.0,15.4,1029,59,6.3,0.0,0.0,16,1,750,990,0.76,2,15,5,0,0.7575757568105296,0,2063.6,112.56,908.6,6482.7,-0.7071067811865471,-0.7071067811865479,0.49999999999999994,-0.8660254037844387,0.0,1.0,1.0,5.6,0.0,5.6,0.0,3.3,5.6,804.0,1796,1924.931078625517,128.9310786255171,Very Low Error (<20%),804.0,5.6,7.699724314502069,1539.9448629004137,0.7053791475340848,HVAC Moderation,Adjust HVAC setpoint; Reduce cooling or heating intensity
124.7,15.4,1029,59,6.3,0.0,0.0,16,1,765,990,0.77,2,15,5,15,0.7727272719467402,0,1920.38,104.748,908.6,6482.7,-0.7071067811865471,-0.7071067811865479,0.49999999999999994,-0.8660254037844387,1.0,2.83276944882399e-16,1.0,5.6,0.0,5.6,0.0,3.36,5.6,806.4,1514,1607.9233917870863,93.9233917870863,Very Low Error (<20%),806.4,5.6,6.431693567148345,1286.338713429669,0.665993377933892,HVAC Moderation,Adjust HVAC setpoint; Reduce cooling or heating intensity
115.2,15.4,1029,59,6.3,0.0,0.0,16,1,780,990,0.79,2,15,5,30,0.7878787870829507,0,1774.0800000000002,96.768,908.6,6482.7,-0.7071067811865471,-0.7071067811865479,0.49999999999999994,-0.8660254037844387,5.66553889764798e-16,-1.0,1.0,5.6,0.0,5.6,0.0,3.36,5.6,806.4,1246,1402.6864115307467,156.68641153074668,Very Low Error (<20%),806.4,5.6,5.610745646122987,1122.1491292245973,0.6349622194832198,HVAC Moderation,Adjust HVAC setpoint; Reduce cooling or heating intensity
105.6,15.4,1029,59,6.3,0.0,0.0,16,1,795,990,0.8,2,15,5,45,0.8030303022191613,0,1626.24,88.704,908.6,6482.7,-0.7071067811865471,-0.7071067811865479,0.49999999999999994,-0.8660254037844387,-1.0,-1.8369701987210297e-16,1.0,5.6,0.0,5.6,0.0,3.36,5.6,806.4,971,1151.5288116651197,180.52881166511975,Very Low Error (<20%),806.4,5.6,4.606115246660479,921.2230493320958,0.5881361999559455,HVAC Moderation,Adjust HVAC setpoint; Reduce cooling or heating intensity
95.8,15.2,1029,58,5.7,0.0,0.0,20,1,810,990,0.82,2,16,5,0,0.8181818173553719,0,1456.1599999999999,76.64,881.5999999999999,5865.3,-0.8660254037844384,-0.5000000000000004,0.49999999999999994,-0.8660254037844387,0.0,1.0,1.0,5.800000000000001,0.0,5.800000000000001,0.0,3.36,5.800000000000001,830.4000000000001,711,865.1225235387082,154.12252353870815,Low Error (20-50%),830.4000000000001,5.800000000000001,3.4604900941548324,692.0980188309666,0.5102394754526056,HVAC Moderation,Adjust HVAC setpoint; Reduce cooling or heating intensity
85.9,15.2,1029,58,5.7,0.0,0.0,20,1,825,990,0.83,2,16,5,15,0.8333333324915825,0,1305.68,68.72000000000001,881.5999999999999,5865.3,-0.8660254037844384,-0.5000000000000004,0.49999999999999994,-0.8660254037844387,1.0,2.83276944882399e-16,1.0,5.800000000000001,0.0,5.800000000000001,0.0,3.4800000000000004,5.800000000000001,835.2000000000002,476,715.2456466867196,239.24564668671962,Moderate Error (50-60%),835.2000000000002,5.800000000000001,2.8609825867468786,572.1965173493757,0.461316169163281,HVAC Moderation,Adjust HVAC setpoint; Reduce cooling or heating intensity
76.1,15.2,1029,58,5.7,0.0,0.0,20,1,840,990,0.85,2,16,5,30,0.8484848476277931,0,1156.7199999999998,60.879999999999995,881.5999999999999,5865.3,-0.8660254037844384,-0.5000000000000004,0.49999999999999994,-0.8660254037844387,5.66553889764798e-16,-1.0,1.0,5.800000000000001,0.0,5.800000000000001,0.0,3.4800000000000004,5.800000000000001,835.2000000000002,300,478.04279447375546,178.04279447375546,Moderate Error (50-60%),835.2000000000002,5.800000000000001,1.912171177895022,382.4342355790044,0.3640170698985638,HVAC Moderation,Adjust HVAC setpoint; Reduce cooling or heating intensity
66.3,15.2,1029,58,5.7,0.0,0.0,20,1,855,990,0.86,2,16,5,45,0.8636363627640037,0,1007.7599999999999,53.04,881.5999999999999,5865.3,-0.8660254037844384,-0.5000000000000004,0.49999999999999994,-0.8660254037844387,-1.0,-1.8369701987210297e-16,1.0,5.800000000000001,0.0,5.800000000000001,0.0,3.4800000000000004,5.800000000000001,835.2000000000002,201,382.8745893121271,181.8745893121271,High Error (>60%),835.2000000000002,5.800000000000001,1.5314983572485084,306.2996714497017,0.3143277040316692,HVAC Moderation,Adjust HVAC setpoint; Reduce cooling or heating intensity
56.7,14.4,1029,58,5.4,0.0,0.0,10,1,870,990,0.88,1,17,5,0,0.8787878779002143,0,816.48,51.03,835.2,5556.6,-0.9659258262890683,-0.25881904510252063,0.49999999999999994,-0.8660254037844387,0.0,1.0,1.0,6.6,0.0,6.6,0.0,3.4800000000000004,6.6,931.2,172,271.9499043793808,99.94990437938083,Moderate Error (50-60%),931.2,6.6,1.0877996175175233,217.55992350350465,0.22603160517527426,HVAC Moderation,Adjust HVAC setpoint; Reduce cooling or heating intensity
47.2,14.4,1029,58,5.4,0.0,0.0,10,1,885,990,0.89,1,17,5,15,0.8939393930364249,0,679.6800000000001,42.480000000000004,835.2,5556.6,-0.9659258262890683,-0.25881904510252063,0.49999999999999994,-0.8660254037844387,1.0,2.83276944882399e-16,1.0,6.6,0.0,6.6,0.0,3.9599999999999995,6.6,950.4,158,203.38986815568873,45.38986815568873,Low Error (20-50%),950.4,6.6,0.813559472622755,162.71189452455098,0.17627981800925652,HVAC Moderation,Adjust HVAC setpoint; Reduce cooling or heating intensity
38.1,14.4,1029,58,5.4,0.0,0.0,10,1,900,990,0.91,1,17,5,30,0.9090909081726355,0,548.64,34.29,835.2,5556.6,-0.9659258262890683,-0.25881904510252063,0.49999999999999994,-0.8660254037844387,5.66553889764798e-16,-1.0,1.0,6.6,0.0,6.6,0.0,3.9599999999999995,6.6,950.4,143,183.4503957414145,40.450395741414496,Low Error (20-50%),950.4,6.6,0.733801582965658,146.7603165931316,0.16179418049209546,HVAC Moderation,Adjust HVAC setpoint; Reduce cooling or heating intensity
29.5,14.4,1029,58,5.4,0.0,0.0,10,1,915,990,0.92,1,17,5,45,0.924242423308846,0,424.8,26.55,835.2,5556.6,-0.9659258262890683,-0.25881904510252063,0.49999999999999994,-0.8660254037844387,-1.0,-1.8369701987210297e-16,1.0,6.6,0.0,6.6,0.0,3.9599999999999995,6.6,950.4,123,162.52131832329474,39.521318323294736,Low Error (20-50%),950.4,6.6,0.6500852732931789,130.0170546586358,0.146031274180384,HVAC Moderation,Adjust HVAC setpoint; Reduce cooling or heating intensity
21.4,13.4,1029,61,4.7,0.0,0.0,4,1,930,990,0.94,1,18,5,0,0.9393939384450566,0,286.76,20.543999999999997,817.4,4836.3,-1.0,-1.8369701987210297e-16,0.49999999999999994,-0.8660254037844387,0.0,1.0,1.0,7.6,0.0,7.6,0.0,3.9599999999999995,7.6,1070.4,100,119.41592667243332,19.415926672433315,Very Low Error (<20%),1070.4,7.6,0.47766370668973324,95.53274133794665,0.10036504294075105,HVAC Moderation,Adjust HVAC setpoint; Reduce cooling or heating intensity
14.0,13.4,1029,61,4.7,0.0,0.0,4,1,945,990,0.95,1,18,5,15,0.9545454535812672,0,187.6,13.44,817.4,4836.3,-1.0,-1.8369701987210297e-16,0.49999999999999994,-0.8660254037844387,1.0,2.83276944882399e-16,1.0,7.6,0.0,7.6,0.0,4.56,7.6,1094.4,75,81.19592988593183,6.195929885931832,Very Low Error (<20%),1094.4,7.6,0.3247837195437273,64.95674390874547,0.06906788952964678,HVAC Moderation,Adjust HVAC setpoint; Reduce cooling or heating intensity
7.7,13.4,1029,61,4.7,0.0,0.0,4,1,960,990,0.97,1,18,5,30,0.9696969687174778,0,103.18,7.3919999999999995,817.4,4836.3,-1.0,-1.8369701987210297e-16,0.49999999999999994,-0.8660254037844387,5.66553889764798e-16,-1.0,1.0,7.6,0.0,7.6,0.0,4.56,7.6,1094.4,44,52.91221417904329,8.91221417904329,Low Error (20-50%),1094.4,7.6,0.21164885671617314,42.32977134323463,0.04611840916448892,HVAC Moderation,Adjust HVAC setpoint; Reduce cooling or heating intensity
2.9,13.4,1029,61,4.7,0.0,0.0,4,1,975,990,0.98,1,18,5,45,0.9848484838536884,0,38.86,2.784,817.4,4836.3,-1.0,-1.8369701987210297e-16,0.49999999999999994,-0.8660254037844387,-1.0,-1.8369701987210297e-16,1.0,7.6,0.0,7.6,0.0,4.56,7.6,1094.4,19,7.065541943032323,11.934458056967678,High Error (>60%),1094.4,7.6,0.028262167772129292,5.652433554425858,0.006414673603092232,HVAC Moderation,Adjust HVAC setpoint; Reduce cooling or heating intensity
0.2,11.2,1029,67,4.1,0.0,0.0,3,1,990,990,1.0,1,19,5,0,0.999999998989899,0,2.2399999999999998,0.194,750.4,4218.9,-0.9659258262890684,0.2588190451025203,0.49999999999999994,-0.8660254037844387,0.0,1.0,1.0,9.8,0.0,9.8,0.0,4.56,9.8,1358.4,0,11.771851244273684,11.771851244273684,Zero-Actual / Undefined % Error,1358.4,9.8,0.04708740497709474,9.417480995418947,0.008591514433019459,HVAC Moderation,Adjust HVAC setpoint; Reduce cooling or heating intensity
0.0,11.2,1029,67,4.1,0.0,0.0,3,0,0,990,0.0,1,19,5,15,0.0,1,0.0,0.0,750.4,4218.9,-0.9659258262890684,0.2588190451025203,0.49999999999999994,-0.8660254037844387,1.0,2.83276944882399e-16,1.0,9.8,0.0,9.8,0.0,5.88,9.8,1411.2,0,-0.2389030801664668,0.2389030801664668,Zero-Actual / Undefined % Error,1411.2,9.8,-0.0009556123206658672,-0.19112246413317344,-0.00016931939549480089,HVAC Moderation,Adjust HVAC setpoint; Reduce cooling or heating intensity
0.0,11.2,1029,67,4.1,0.0,0.0,3,0,0,990,0.0,1,19,5,30,0.0,1,0.0,0.0,750.4,4218.9,-0.9659258262890684,0.2588190451025203,0.49999999999999994,-0.8660254037844387,5.66553889764798e-16,-1.0,1.0,9.8,0.0,9.8,0.0,5.88,9.8,1411.2,0,0.027856365005509146,0.027856365005509146,Zero-Actual / Undefined % Error,1411.2,9.8,0.00011142546002203659,0.022285092004407318,1.9739098020302373e-05,HVAC Moderation,Adjust HVAC setpoint; Reduce cooling or heating intensity
0.0,11.2,1029,67,4.1,0.0,0.0,3,0,0,990,0.0,1,19,5,45,0.0,1,0.0,0.0,750.4,4218.9,-0.9659258262890684,0.2588190451025203,0.49999999999999994,-0.8660254037844387,-1.0,-1.8369701987210297e-16,1.0,9.8,0.0,9.8,0.0,5.88,9.8,1411.2,0,-0.2160533930286083,0.2160533930286083,Zero-Actual / Undefined % Error,1411.2,9.8,-0.0008642135721144332,-0.17284271442288662,-0.00015312250248844774,HVAC Moderation,Adjust HVAC setpoint; Reduce cooling or heating intensity
0.0,9.2,1030,74,3.8,0.0,0.0,0,0,0,990,0.0,1,20,5,0,0.0,1,0.0,0.0,680.8,3914.0,-0.8660254037844386,0.5000000000000001,0.49999999999999994,-0.8660254037844387,0.0,1.0,1.0,11.8,0.0,11.8,0.0,5.88,11.8,1651.2,0,-0.25097265359170534,0.25097265359170534,Zero-Actual / Undefined % Error,1651.2,11.8,-0.0010038906143668214,-0.20077812287336427,-0.0001520172030041895,HVAC Moderation,Adjust HVAC setpoint; Reduce cooling or heating intensity
0.0,9.2,1030,74,3.8,0.0,0.0,0,0,0,990,0.0,1,20,5,15,0.0,1,0.0,0.0,680.8,3914.0,-0.8660254037844386,0.5000000000000001,0.49999999999999994,-0.8660254037844387,1.0,2.83276944882399e-16,1.0,11.8,0.0,11.8,0.0,7.08,11.8,1699.2,0,0.14204740148322695,0.14204740148322695,Zero-Actual / Undefined % Error,1699.2,11.8,0.0005681896059329078,0.11363792118658156,8.358964672053303e-05,HVAC Moderation,Adjust HVAC setpoint; Reduce cooling or heating intensity
0.0,9.2,1030,74,3.8,0.0,0.0,0,0,0,990,0.0,1,20,5,30,0.0,1,0.0,0.0,680.8,3914.0,-0.8660254037844386,0.5000000000000001,0.49999999999999994,-0.8660254037844387,5.66553889764798e-16,-1.0,1.0,11.8,0.0,11.8,0.0,7.08,11.8,1699.2,0,0.3913877977626257,0.3913877977626257,Zero-Actual / Undefined % Error,1699.2,11.8,0.001565551191050503,0.3131102382101006,0.00023028346715705652,HVAC Moderation,Adjust HVAC setpoint; Reduce cooling or heating intensity
0.0,9.2,1030,74,3.8,0.0,0.0,0,0,0,990,0.0,1,20,5,45,0.0,1,0.0,0.0,680.8,3914.0,-0.8660254037844386,0.5000000000000001,0.49999999999999994,-0.8660254037844387,-1.0,-1.8369701987210297e-16,1.0,11.8,0.0,11.8,0.0,7.08,11.8,1699.2,0,-0.10679359790504551,0.10679359790504551,Zero-Actual / Undefined % Error,1699.2,11.8,-0.0004271743916201821,-0.08543487832403641,-6.285328988415673e-05,HVAC Moderation,Adjust HVAC setpoint; Reduce cooling or heating intensity
0.0,8.4,1030,80,3.2,0.0,0.0,30,0,0,990,0.0,2,21,5,0,0.0,1,0.0,0.0,672.0,3296.0,-0.7071067811865477,0.7071067811865474,0.49999999999999994,-0.8660254037844387,0.0,1.0,1.0,12.6,0.0,12.6,0.0,7.08,12.6,1795.2,0,-1.2023453539787605,1.2023453539787605,Zero-Actual / Undefined % Error,1795.2,12.6,-0.004809381415915042,-0.9618762831830084,-0.0006702045290832857,HVAC Moderation,Adjust HVAC setpoint; Reduce cooling or heating intensity
0.0,8.4,1030,80,3.2,0.0,0.0,30,0,0,990,0.0,2,21,5,15,0.0,1,0.0,0.0,672.0,3296.0,-0.7071067811865477,0.7071067811865474,0.49999999999999994,-0.8660254037844387,1.0,2.83276944882399e-16,1.0,12.6,0.0,12.6,0.0,7.56,12.6,1814.4,0,-0.9508531137148456,0.9508531137148456,Zero-Actual / Undefined % Error,1814.4,12.6,-0.0038034124548593823,-0.7606824909718765,-0.0005243340376117732,HVAC Moderation,Adjust HVAC setpoint; Reduce cooling or heating intensity
0.0,8.4,1030,80,3.2,0.0,0.0,30,0,0,990,0.0,2,21,5,30,0.0,1,0.0,0.0,672.0,3296.0,-0.7071067811865477,0.7071067811865474,0.49999999999999994,-0.8660254037844387,5.66553889764798e-16,-1.0,1.0,12.6,0.0,12.6,0.0,7.56,12.6,1814.4,0,-0.7015127174354469,0.7015127174354469,Zero-Actual / Undefined % Error,1814.4,12.6,-0.0028060508697417873,-0.5612101739483575,-0.00038678574303699527,HVAC Moderation,Adjust HVAC setpoint; Reduce cooling or heating intensity
0.0,8.4,1030,80,3.2,0.0,0.0,30,0,0,990,0.0,2,21,5,45,0.0,1,0.0,0.0,672.0,3296.0,-0.7071067811865477,0.7071067811865474,0.49999999999999994,-0.8660254037844387,-1.0,-1.8369701987210297e-16,1.0,12.6,0.0,12.6,0.0,7.56,12.6,1814.4,0,-1.2814800467464103,1.2814800467464103,Zero-Actual / Undefined % Error,1814.4,12.6,-0.005125920186985641,-1.0251840373971282,-0.0007067822825353234,HVAC Moderation,Adjust HVAC setpoint; Reduce cooling or heating intensity
0.0,7.4,1030,84,2.9,0.0,0.0,69,0,0,990,0.0,3,22,5,0,0.0,1,0.0,0.0,621.6,2987.0,-0.5000000000000004,0.8660254037844384,0.49999999999999994,-0.8660254037844387,0.0,1.0,1.0,13.6,0.0,13.6,0.0,7.56,13.6,1934.4,0,-1.887919653682022,1.887919653682022,Zero-Actual / Undefined % Error,1934.4,13.6,-0.007551678614728088,-1.5103357229456176,-0.0009769251493459072,HVAC Moderation,Adjust HVAC setpoint; Reduce cooling or heating intensity
0.0,7.4,1030,84,2.9,0.0,0.0,69,0,0,990,0.0,3,22,5,15,0.0,1,0.0,0.0,621.6,2987.0,-0.5000000000000004,0.8660254037844384,0.49999999999999994,-0.8660254037844387,1.0,2.83276944882399e-16,1.0,13.6,0.0,13.6,0.0,8.16,13.6,1958.4,0,-2.019647083491145,2.019647083491145,Zero-Actual / Undefined % Error,1958.4,13.6,-0.008078588333964581,-1.615717666792916,-0.0010323386653561418,HVAC Moderation,Adjust HVAC setpoint; Reduce cooling or heating intensity
0.0,7.4,1030,84,2.9,0.0,0.0,69,0,0,990,0.0,3,22,5,30,0.0,1,0.0,0.0,621.6,2987.0,-0.5000000000000004,0.8660254037844384,0.49999999999999994,-0.8660254037844387,5.66553889764798e-16,-1.0,1.0,13.6,0.0,13.6,0.0,8.16,13.6,1958.4,0,-1.741966039070375,1.741966039070375,Zero-Actual / Undefined % Error,1958.4,13.6,-0.006967864156281501,-1.3935728312563,-0.0008902761790489151,HVAC Moderation,Adjust HVAC setpoint; Reduce cooling or heating intensity
0.0,7.4,1030,84,2.9,0.0,0.0,69,0,0,990,0.0,3,22,5,45,0.0,1,0.0,0.0,621.6,2987.0,-0.5000000000000004,0.8660254037844384,0.49999999999999994,-0.8660254037844387,-1.0,-1.8369701987210297e-16,1.0,13.6,0.0,13.6,0.0,8.16,13.6,1958.4,0,-2.139681149543693,2.139681149543693,Zero-Actual / Undefined % Error,1958.4,13.6,-0.008558724598174772,-1.7117449196349543,-0.0010937609518692573,HVAC Moderation,Adjust HVAC setpoint; Reduce cooling or heating intensity
0.0,7.4,1031,89,2.7,0.0,0.0,92,0,0,990,0.0,4,23,5,0,0.0,1,0.0,0.0,658.6,2783.7000000000003,-0.25881904510252157,0.9659258262890681,0.49999999999999994,-0.8660254037844387,0.0,1.0,0.6,13.6,0.0,8.16,0.0,8.16,13.6,1305.6,0,0.4736573810560168,0.4736573810560168,Zero-Actual / Undefined % Error,1305.6,13.6,0.0018946295242240673,0.3789259048448134,0.00036265747955068546,HVAC Moderation,Adjust HVAC setpoint; Reduce cooling or heating intensity
0.0,7.4,1031,89,2.7,0.0,0.0,92,0,0,990,0.0,4,23,5,15,0.0,1,0.0,0.0,658.6,2783.7000000000003,-0.25881904510252157,0.9659258262890681,0.49999999999999994,-0.8660254037844387,1.0,2.83276944882399e-16,0.6,13.6,0.0,8.16,0.0,4.896,13.6,1175.04,0,0.23868850850369847,0.23868850850369847,Zero-Actual / Undefined % Error,1175.04,13.6,0.0009547540340147938,0.19095080680295878,0.00020309098653317447,HVAC Moderation,Adjust HVAC setpoint; Reduce cooling or heating intensity
0.0,7.4,1031,89,2.7,0.0,0.0,92,0,0,990,0.0,4,23,5,30,0.0,1,0.0,0.0,658.6,2783.7000000000003,-0.25881904510252157,0.9659258262890681,0.49999999999999994,-0.8660254037844387,5.66553889764798e-16,-1.0,0.6,13.6,0.0,8.16,0.0,4.896,13.6,1175.04,0,0.5349047504243788,0.5349047504243788,Zero-Actual / Undefined % Error,1175.04,13.6,0.002139619001697515,0.42792380033950306,0.0004550154548279712,HVAC Moderation,Adjust HVAC setpoint; Reduce cooling or heating intensity
0.0,7.4,1031,89,2.7,0.0,0.0,92,0,0,990,0.0,4,23,5,45,0.0,1,0.0,0.0,658.6,2783.7000000000003,-0.25881904510252157,0.9659258262890681,0.49999999999999994,-0.8660254037844387,-1.0,-1.8369701987210297e-16,0.6,13.6,0.0,8.16,0.0,4.896,13.6,1175.04,0,-0.04506257888662247,0.04506257888662247,Zero-Actual / Undefined % Error,1175.04,13.6,-0.0001802503155464899,-0.036050063109297974,-3.835129617424124e-05,HVAC Moderation,Adjust HVAC setpoint; Reduce cooling or heating intensity
0.0,6.7,1031,94,2.5,0.0,0.0,50,0,0,990,0.0,2,0,5,0,0.0,1,0.0,0.0,629.8000000000001,2577.5,0.0,1.0,0.49999999999999994,-0.8660254037844387,0.0,1.0,0.6,14.3,0.0,8.58,0.0,4.896,14.3,1225.4399999999998,0,-1.8580799071483336,1.8580799071483336,Zero-Actual / Undefined % Error,1225.4399999999998,14.3,-0.007432319628593334,-1.486463925718667,-0.0015185578301849828,HVAC Moderation,Adjust HVAC setpoint; Reduce cooling or heating intensity
0.0,6.7,1031,94,2.5,0.0,0.0,50,0,0,990,0.0,2,0,5,15,0.0,1,0.0,0.0,629.8000000000001,2577.5,0.0,1.0,0.49999999999999994,-0.8660254037844387,1.0,2.83276944882399e-16,0.6,14.3,0.0,8.58,0.0,5.148,14.3,1235.52,0,-1.7079253211704764,1.7079253211704764,Zero-Actual / Undefined % Error,1235.52,14.3,-0.006831701284681906,-1.3663402569363812,-0.0013842669842818608,HVAC Moderation,Adjust HVAC setpoint; Reduce cooling or heating intensity
0.0,6.7,1031,94,2.5,0.0,0.0,50,0,0,990,0.0,2,0,5,30,0.0,1,0.0,0.0,629.8000000000001,2577.5,0.0,1.0,0.49999999999999994,-0.8660254037844387,5.66553889764798e-16,-1.0,0.6,14.3,0.0,8.58,0.0,5.148,14.3,1235.52,0,-1.149620618325841,1.149620618325841,Zero-Actual / Undefined % Error,1235.52,14.3,-0.0045984824733033645,-0.9196964946606728,-0.0009313417079648103,HVAC Moderation,Adjust HVAC setpoint; Reduce cooling or heating intensity
0.0,6.7,1031,94,2.5,0.0,0.0,50,0,0,990,0.0,2,0,5,45,0.0,1,0.0,0.0,629.8000000000001,2577.5,0.0,1.0,0.49999999999999994,-0.8660254037844387,-1.0,-1.8369701987210297e-16,0.6,14.3,0.0,8.58,0.0,5.148,14.3,1235.52,0,-1.4142101102883409,1.4142101102883409,Zero-Actual / Undefined % Error,1235.52,14.3,-0.005656840441153364,-1.1313680882306727,-0.001145939125096225,HVAC Moderation,Adjust HVAC setpoint; Reduce cooling or heating intensity
0.0,7.6,1031,96,2.4,0.0,0.0,29,0,0,990,0.0,2,1,5,0,0.0,1,0.0,0.0,729.5999999999999,2474.4,0.25881904510252074,0.9659258262890683,0.49999999999999994,-0.8660254037844387,0.0,1.0,0.6,13.4,0.0,8.04,0.0,5.148,13.4,1170.72,0,2.384009398386089,2.384009398386089,Zero-Actual / Undefined % Error,1170.72,13.4,0.009536037593544355,1.907207518708871,0.0020322233810934455,HVAC Moderation,Adjust HVAC setpoint; Reduce cooling or heating intensity
0.0,7.6,1031,96,2.4,0.0,0.0,29,0,0,990,0.0,2,1,5,15,0.0,1,0.0,0.0,729.5999999999999,2474.4,0.25881904510252074,0.9659258262890683,0.49999999999999994,-0.8660254037844387,1.0,2.83276944882399e-16,0.6,13.4,0.0,8.04,0.0,4.823999999999999,13.4,1157.76,0,2.7883510355550745,2.7883510355550745,Zero-Actual / Undefined % Error,1157.76,13.4,0.011153404142220298,2.2306808284440596,0.0024026151350475134,HVAC Moderation,Adjust HVAC setpoint; Reduce cooling or heating intensity
0.0,7.6,1031,96,2.4,0.0,0.0,29,0,0,990,0.0,2,1,5,30,0.0,1,0.0,0.0,729.5999999999999,2474.4,0.25881904510252074,0.9659258262890683,0.49999999999999994,-0.8660254037844387,5.66553889764798e-16,-1.0,0.6,13.4,0.0,8.04,0.0,4.823999999999999,13.4,1157.76,0,3.3466557383996722,3.3466557383996722,Zero-Actual / Undefined % Error,1157.76,13.4,0.013386622953598689,2.6773245907197376,0.0028822982961794197,HVAC Moderation,Adjust HVAC setpoint; Reduce cooling or heating intensity
0.0,7.6,1031,96,2.4,0.0,0.0,29,0,0,990,0.0,2,1,5,45,0.0,1,0.0,0.0,729.5999999999999,2474.4,0.25881904510252074,0.9659258262890683,0.49999999999999994,-0.8660254037844387,-1.0,-1.8369701987210297e-16,0.6,13.4,0.0,8.04,0.0,4.823999999999999,13.4,1157.76,0,2.9224732531405326,2.9224732531405326,Zero-Actual / Undefined % Error,1157.76,13.4,0.01168989301256213,2.3379786025124263,0.0025178921177568775,HVAC Moderation,Adjust HVAC setpoint; Reduce cooling or heating intensity
0.0,5.6,1031,97,2.4,0.0,0.0,39,0,0,990,0.0,2,2,5,0,0.0,1,0.0,0.0,543.1999999999999,2474.4,0.49999999999999994,0.8660254037844387,0.49999999999999994,-0.8660254037844387,0.0,1.0,0.6,15.4,0.0,9.24,0.0,4.823999999999999,15.4,1301.76,0,2.7689803644232223,2.7689803644232223,Zero-Actual / Undefined % Error,1301.76,15.4,0.01107592145769289,2.215184291538578,0.0021225901486121917,HVAC Moderation,Adjust HVAC setpoint; Reduce cooling or heating intensity
0.0,5.6,1031,97,2.4,0.0,0.0,39,0,0,990,0.0,2,2,5,15,0.0,1,0.0,0.0,543.1999999999999,2474.4,0.49999999999999994,0.8660254037844387,0.49999999999999994,-0.8660254037844387,1.0,2.83276944882399e-16,0.6,15.4,0.0,9.24,0.0,5.544,15.4,1330.56,0,2.119394882076459,2.119394882076459,Zero-Actual / Undefined % Error,1330.56,15.4,0.008477579528305837,1.6955159056611673,0.0015903261419252827,HVAC Moderation,Adjust HVAC setpoint; Reduce cooling or heating intensity
0.0,5.6,1031,97,2.4,0.0,0.0,39,0,0,990,0.0,2,2,5,30,0.0,1,0.0,0.0,543.1999999999999,2474.4,0.49999999999999994,0.8660254037844387,0.49999999999999994,-0.8660254037844387,5.66553889764798e-16,-1.0,0.6,15.4,0.0,9.24,0.0,5.544,15.4,1330.56,0,2.6776995849210192,2.6776995849210192,Zero-Actual / Undefined % Error,1330.56,15.4,0.010710798339684077,2.1421596679368156,0.002008418741643934,HVAC Moderation,Adjust HVAC setpoint; Reduce cooling or heating intensity
1.1,5.6,1031,97,2.4,0.0,0.0,39,1,15,990,0.02,2,2,5,45,0.01515151513621059,0,6.16,0.671,543.1999999999999,2474.4,0.49999999999999994,0.8660254037844387,0.49999999999999994,-0.8660254037844387,-1.0,-1.8369701987210297e-16,0.6,15.4,0.0,9.24,0.0,5.544,15.4,1330.56,2,7.69703329420909,5.69703329420909,High Error (>60%),1330.56,15.4,0.03078813317683636,6.157626635367272,0.0057515358387549755,HVAC Moderation,Adjust HVAC setpoint; Reduce cooling or heating intensity
4.8,4.1,1031,97,2.0,0.0,0.0,32,1,30,990,0.03,2,3,5,0,0.03030303027242118,0,19.679999999999996,3.264,397.7,2062.0,0.7071067811865475,0.7071067811865476,0.49999999999999994,-0.8660254037844387,0.0,1.0,0.6,16.9,0.0,10.139999999999999,0.0,5.544,16.9,1438.56,34,33.13512162091982,0.8648783790801815,Very Low Error (<20%),1438.56,16.9,0.13254048648367928,26.508097296735855,0.022514936083983195,HVAC Moderation,Adjust HVAC setpoint; Reduce cooling or heating intensity
10.1,4.1,1031,97,2.0,0.0,0.0,32,1,45,990,0.05,2,3,5,15,0.04545454540863177,0,41.41,6.867999999999999,397.7,2062.0,0.7071067811865475,0.7071067811865476,0.49999999999999994,-0.8660254037844387,1.0,2.83276944882399e-16,0.6,16.9,0.0,10.139999999999999,0.0,6.083999999999999,16.9,1460.1599999999999,63,58.0308427218799,4.9691572781201,Very Low Error (<20%),1460.1599999999999,16.9,0.2321233708875196,46.42467417750392,0.03822368114117718,HVAC Moderation,Adjust HVAC setpoint; Reduce cooling or heating intensity
16.7,4.1,1031,97,2.0,0.0,0.0,32,1,60,990,0.06,2,3,5,30,0.06060606054484236,0,68.46999999999998,11.355999999999998,397.7,2062.0,0.7071067811865475,0.7071067811865476,0.49999999999999994,-0.8660254037844387,5.66553889764798e-16,-1.0,0.6,16.9,0.0,10.139999999999999,0.0,6.083999999999999,16.9,1460.1599999999999,94,128.9152761924599,34.91527619245991,Low Error (20-50%),1460.1599999999999,16.9,0.5156611047698396,103.13222095396793,0.08112597184207933,HVAC Moderation,Adjust HVAC setpoint; Reduce cooling or heating intensity
24.2,4.1,1031,97,2.0,0.0,0.0,32,1,75,990,0.08,2,3,5,45,0.07575757568105296,0,99.21999999999998,16.456,397.7,2062.0,0.7071067811865475,0.7071067811865476,0.49999999999999994,-0.8660254037844387,-1.0,-1.8369701987210297e-16,0.6,16.9,0.0,10.139999999999999,0.0,6.083999999999999,16.9,1460.1599999999999,121,185.50483046099455,64.50483046099455,Moderate Error (50-60%),1460.1599999999999,16.9,0.7420193218439782,148.40386436879564,0.11272333643801963,HVAC Moderation,Adjust HVAC setpoint; Reduce cooling or heating intensity
32.4,5.0,1030,92,1.9,0.0,0.0,46,1,90,990,0.09,2,4,5,0,0.09090909081726355,0,162.0,17.496,460.0,1957.0,0.8660254037844386,0.5000000000000001,0.49999999999999994,-0.8660254037844387,0.0,1.0,0.6,16.0,0.0,9.6,0.0,6.083999999999999,16.0,1395.36,142,233.67541834796495,91.67541834796495,High Error (>60%),1395.36,16.0,0.9347016733918598,186.94033467837195,0.1434440378475598,HVAC Moderation,Adjust HVAC setpoint; Reduce cooling or heating intensity
41.2,5.0,1030,92,1.9,0.0,0.0,46,1,105,990,0.11,2,4,5,15,0.10606060595347414,0,206.0,22.248000000000005,460.0,1957.0,0.8660254037844386,0.5000000000000001,0.49999999999999994,-0.8660254037844387,1.0,2.83276944882399e-16,0.6,16.0,0.0,9.6,0.0,5.76,16.0,1382.4,165,242.1348659133375,77.1348659133375,Low Error (20-50%),1382.4,16.0,0.96853946365335,193.70789273067,0.14904873440691402,HVAC Moderation,Adjust HVAC setpoint; Reduce cooling or heating intensity
50.4,5.0,1030,92,1.9,0.0,0.0,46,1,120,990,0.12,2,4,5,30,0.12121212108968472,0,252.0,27.216,460.0,1957.0,0.8660254037844386,0.5000000000000001,0.49999999999999994,-0.8660254037844387,5.66553889764798e-16,-1.0,0.6,16.0,0.0,9.6,0.0,5.76,16.0,1382.4,239,274.346092107309,35.346092107309005,Very Low Error (<20%),1382.4,16.0,1.097384368429236,219.4768736858472,0.16559332371368948,HVAC Moderation,Adjust HVAC setpoint; Reduce cooling or heating intensity
59.9,5.0,1030,92,1.9,0.0,0.0,46,1,135,990,0.14,2,4,5,45,0.1363636362258953,0,299.5,32.346000000000004,460.0,1957.0,0.8660254037844386,0.5000000000000001,0.49999999999999994,-0.8660254037844387,-1.0,-1.8369701987210297e-16,0.6,16.0,0.0,9.6,0.0,5.76,16.0,1382.4,326,324.69344488960473,1.3065551103952657,Very Low Error (<20%),1382.4,16.0,1.2987737795584189,259.7547559116838,0.19020250219542004,HVAC Moderation,Adjust HVAC setpoint; Reduce cooling or heating intensity
69.6,9.1,1030,82,1.5,0.0,0.0,63,1,150,990,0.15,3,5,5,0,0.15151515136210592,0,633.3599999999999,25.752,746.1999999999999,1545.0,0.9659258262890683,0.25881904510252074,0.49999999999999994,-0.8660254037844387,0.0,1.0,0.6,11.9,0.0,7.14,0.0,5.76,11.9,1087.1999999999998,383,407.7745063630892,24.774506363089188,Very Low Error (<20%),1087.1999999999998,11.9,1.6310980254523568,326.21960509047136,0.27276351827720613,HVAC Moderation,Adjust HVAC setpoint; Reduce cooling or heating intensity
79.3,9.1,1030,82,1.5,0.0,0.0,63,1,165,990,0.17,3,5,5,15,0.1666666664983165,0,721.63,29.340999999999998,746.1999999999999,1545.0,0.9659258262890683,0.25881904510252074,0.49999999999999994,-0.8660254037844387,1.0,2.83276944882399e-16,0.6,11.9,0.0,7.14,0.0,4.284,11.9,1028.1599999999999,446,493.5058494989742,47.505849498974214,Very Low Error (<20%),1028.1599999999999,11.9,1.9740233979958968,394.8046795991794,0.3243194616854595,HVAC Moderation,Adjust HVAC setpoint; Reduce cooling or heating intensity
85.3,9.1,1030,82,1.5,0.0,0.0,63,1,180,990,0.18,3,5,5,30,0.1818181816345271,0,776.2299999999999,31.561,746.1999999999999,1545.0,0.9659258262890683,0.25881904510252074,0.49999999999999994,-0.8660254037844387,5.66553889764798e-16,-1.0,0.6,11.9,0.0,7.14,0.0,4.284,11.9,1028.1599999999999,522,582.1982416654638,60.1982416654638,Very Low Error (<20%),1028.1599999999999,11.9,2.328792966661855,465.75859333237105,0.3615333695574531,HVAC Moderation,Adjust HVAC setpoint; Reduce cooling or heating intensity
96.9,9.1,1030,82,1.5,0.0,0.0,63,1,195,990,0.2,3,5,5,45,0.19696969677073767,0,881.79,35.853,746.1999999999999,1545.0,0.9659258262890683,0.25881904510252074,0.49999999999999994,-0.8660254037844387,-1.0,-1.8369701987210297e-16,0.6,11.9,0.0,7.14,0.0,4.284,11.9,1028.1599999999999,641,741.7730012841826,100.77300128418256,Very Low Error (<20%),1028.1599999999999,11.9,2.96709200513673,593.418401027346,0.41909665525581435,HVAC Moderation,Adjust HVAC setpoint; Reduce cooling or heating intensity
100.7,11.5,1031,68,1.8,0.0,0.0,69,1,210,990,0.21,3,6,5,0,0.21212121190694827,0,1158.05,31.217000000000006,782.0,1855.8,1.0,6.123233995736766e-17,0.49999999999999994,-0.8660254037844387,0.0,1.0,0.6,9.5,0.0,5.7,0.0,4.284,9.5,855.36,812,816.3177502861494,4.317750286149362,Very Low Error (<20%),855.36,9.5,3.2652710011445976,653.0542002289195,0.48832243514522683,HVAC Moderation,Adjust HVAC setpoint; Reduce cooling or heating intensity
109.2,11.5,1031,68,1.8,0.0,0.0,69,1,225,990,0.23,3,6,5,15,0.22727272704315887,0,1255.8,33.852000000000004,782.0,1855.8,1.0,6.123233995736766e-17,0.49999999999999994,-0.8660254037844387,1.0,2.83276944882399e-16,0.6,9.5,0.0,5.7,0.0,3.42,9.5,820.8,809,1041.6540767881995,232.65407678819952,Low Error (20-50%),820.8,9.5,4.166616307152798,833.3232614305596,0.5592911466709772,HVAC Moderation,Adjust HVAC setpoint; Reduce cooling or heating intensity
101.3,11.5,1031,68,1.8,0.0,0.0,69,1,240,990,0.24,3,6,5,30,0.24242424217936945,0,1164.95,31.403000000000006,782.0,1855.8,1.0,6.123233995736766e-17,0.49999999999999994,-0.8660254037844387,5.66553889764798e-16,-1.0,0.6,9.5,0.0,5.7,0.0,3.42,9.5,820.8,856,1211.0134649972204,355.01346499722035,Low Error (20-50%),820.8,9.5,4.844053859988882,968.8107719977763,0.5960259075273188,HVAC Moderation,Adjust HVAC setpoint; Reduce cooling or heating intensity
65.4,11.5,1031,68,1.8,0.0,0.0,69,1,255,990,0.26,3,6,5,45,0.25757575731558,0,752.1,20.274000000000004,782.0,1855.8,1.0,6.123233995736766e-17,0.49999999999999994,-0.8660254037844387,-1.0,-1.8369701987210297e-16,0.6,9.5,0.0,5.7,0.0,3.42,9.5,820.8,781,929.3084183203677,148.30841832036765,Very Low Error (<20%),820.8,9.5,3.717233673281471,743.4467346562941,0.5310004843478513,HVAC Moderation,Adjust HVAC setpoint; Reduce cooling or heating intensity
53.0,12.9,1030,56,2.3,0.0,0.0,59,1,270,990,0.27,3,7,5,0,0.2727272724517906,0,683.7,21.73,722.4,2369.0,0.9659258262890683,-0.25881904510252063,0.49999999999999994,-0.8660254037844387,0.0,1.0,1.0,8.1,0.0,8.1,0.0,3.42,8.1,1108.8,957,986.2542273838318,29.25422738383179,Very Low Error (<20%),1108.8,8.1,3.9450169095353274,789.0033819070654,0.4707535556941878,HVAC Moderation,Adjust HVAC setpoint; Reduce cooling or heating intensity
65.5,12.9,1030,56,2.3,0.0,0.0,59,1,285,990,0.29,3,7,5,15,0.28787878758800123,0,844.95,26.855,722.4,2369.0,0.9659258262890683,-0.25881904510252063,0.49999999999999994,-0.8660254037844387,1.0,2.83276944882399e-16,1.0,8.1,0.0,8.1,0.0,4.859999999999999,8.1,1166.4,1385,1138.3857743313922,246.6142256686078,Very Low Error (<20%),1166.4,8.1,4.553543097325569,910.7086194651138,0.49392259641471886,HVAC Moderation,Adjust HVAC setpoint; Reduce cooling or heating intensity
103.8,12.9,1030,56,2.3,0.0,0.0,59,1,300,990,0.3,3,7,5,30,0.30303030272421183,0,1339.02,42.558,722.4,2369.0,0.9659258262890683,-0.25881904510252063,0.49999999999999994,-0.8660254037844387,5.66553889764798e-16,-1.0,1.0,8.1,0.0,8.1,0.0,4.859999999999999,8.1,1166.4,2733,1713.4150713008023,1019.5849286991977,Low Error (20-50%),1166.4,8.1,6.853660285203209,1370.7320570406418,0.594973992525112,HVAC Moderation,Adjust HVAC setpoint; Reduce cooling or heating intensity
141.5,12.9,1030,56,2.3,0.0,0.0,59,1,315,990,0.32,3,7,5,45,0.31818181786042243,0,1825.3500000000001,58.01500000000001,722.4,2369.0,0.9659258262890683,-0.25881904510252063,0.49999999999999994,-0.8660254037844387,-1.0,-1.8369701987210297e-16,1.0,8.1,0.0,8.1,0.0,4.859999999999999,8.1,1166.4,3072,2375.275474725494,696.724525274506,Low Error (20-50%),1166.4,8.1,9.501101898901975,1900.2203797803952,0.6706643482740132,HVAC Moderation,Adjust HVAC setpoint; Reduce cooling or heating intensity
161.2,14.7,1030,48,3.1,0.0,0.0,50,1,330,990,0.33,2,8,5,0,0.333333332996633,0,2369.64,80.6,705.5999999999999,3193.0,0.8660254037844387,-0.4999999999999998,0.49999999999999994,-0.8660254037844387,0.0,1.0,1.0,6.300000000000001,0.0,6.300000000000001,0.0,4.859999999999999,6.300000000000001,950.4000000000001,3260,3088.0007240008276,171.99927599917237,Very Low Error (<20%),950.4000000000001,6.300000000000001,12.352002896003311,2470.400579200662,0.7646593130007411,HVAC Moderation,Adjust HVAC setpoint; Reduce cooling or heating intensity
166.9,14.7,1030,48,3.1,0.0,0.0,50,1,345,990,0.35,2,8,5,15,0.3484848481328436,0,2453.43,83.45,705.5999999999999,3193.0,0.8660254037844387,-0.4999999999999998,0.49999999999999994,-0.8660254037844387,1.0,2.83276944882399e-16,1.0,6.300000000000001,0.0,6.300000000000001,0.0,3.7800000000000002,6.300000000000001,907.2000000000002,2510,3177.2019666073925,667.2019666073925,Low Error (20-50%),907.2000000000002,6.300000000000001,12.70880786642957,2541.761573285914,0.7778866996454245,HVAC Moderation,Adjust HVAC setpoint; Reduce cooling or heating intensity
129.7,14.7,1030,48,3.1,0.0,0.0,50,1,360,990,0.36,2,8,5,30,0.3636363632690542,0,1906.5899999999997,64.85,705.5999999999999,3193.0,0.8660254037844387,-0.4999999999999998,0.49999999999999994,-0.8660254037844387,5.66553889764798e-16,-1.0,1.0,6.300000000000001,0.0,6.300000000000001,0.0,3.7800000000000002,6.300000000000001,907.2000000000002,1718,2481.177344415293,763.1773444152932,Low Error (20-50%),907.2000000000002,6.300000000000001,9.924709377661173,1984.9418755322345,0.7322612246161119,HVAC Moderation,Adjust HVAC setpoint; Reduce cooling or heating intensity
147.0,14.7,1030,48,3.1,0.0,0.0,50,1,375,990,0.38,2,8,5,45,0.3787878784052648,0,2160.9,73.5,705.5999999999999,3193.0,0.8660254037844387,-0.4999999999999998,0.49999999999999994,-0.8660254037844387,-1.0,-1.8369701987210297e-16,1.0,6.300000000000001,0.0,6.300000000000001,0.0,3.7800000000000002,6.300000000000001,907.2000000000002,2722,2872.6148270299686,150.61482702996864,Very Low Error (<20%),907.2000000000002,6.300000000000001,11.490459308119874,2298.091861623975,0.7599882422089892,HVAC Moderation,Adjust HVAC setpoint; Reduce cooling or heating intensity
168.4,15.6,1030,47,3.8,0.0,0.0,64,1,390,990,0.39,3,9,5,0,0.39393939354147534,0,2627.04,60.624,733.1999999999999,3914.0,0.7071067811865476,-0.7071067811865475,0.49999999999999994,-0.8660254037844387,0.0,1.0,1.0,5.4,0.0,5.4,0.0,3.7800000000000002,5.4,799.2,2622,3313.135082001451,691.1350820014509,Low Error (20-50%),799.2,5.4,13.252540328005804,2650.5080656011605,0.805657859860804,HVAC Moderation,Adjust HVAC setpoint; Reduce cooling or heating intensity
172.1,15.6,1030,47,3.8,0.0,0.0,64,1,405,990,0.41,3,9,5,15,0.40909090867768594,0,2684.7599999999998,61.955999999999996,733.1999999999999,3914.0,0.7071067811865476,-0.7071067811865475,0.49999999999999994,-0.8660254037844387,1.0,2.83276944882399e-16,1.0,5.4,0.0,5.4,0.0,3.24,5.4,777.6,2185,3387.1982546376653,1202.1982546376653,Moderate Error (50-60%),777.6,5.4,13.548793018550661,2709.7586037101323,0.8132922765352668,HVAC Moderation,Adjust HVAC setpoint; Reduce cooling or heating intensity
172.1,15.6,1030,47,3.8,0.0,0.0,64,1,420,990,0.42,3,9,5,30,0.42424242381389654,0,2684.7599999999998,61.955999999999996,733.1999999999999,3914.0,0.7071067811865476,-0.7071067811865475,0.49999999999999994,-0.8660254037844387,5.66553889764798e-16,-1.0,1.0,5.4,0.0,5.4,0.0,3.24,5.4,777.6,3130,3388.2591753224665,258.2591753224665,Very Low Error (<20%),777.6,5.4,13.553036701289866,2710.607340257973,0.8133398254507371,HVAC Moderation,Adjust HVAC setpoint; Reduce cooling or heating intensity
187.0,15.6,1030,47,3.8,0.0,0.0,64,1,435,990,0.44,3,9,5,45,0.43939393895010714,0,2917.2,67.32,733.1999999999999,3914.0,0.7071067811865476,-0.7071067811865475,0.49999999999999994,-0.8660254037844387,-1.0,-1.8369701987210297e-16,1.0,5.4,0.0,5.4,0.0,3.24,5.4,777.6,4447,3627.232434226867,819.7675657731329,Very Low Error (<20%),777.6,5.4,14.508929736907469,2901.7859473814938,0.8234666102661972,HVAC Moderation,Adjust HVAC setpoint; Reduce cooling or heating intensity
181.6,16.6,1029,51,3.8,0.0,0.0,67,1,450,990,0.45,3,10,5,0,0.45454545408631775,0,3014.56,59.92799999999999,846.6,3910.2,0.49999999999999994,-0.8660254037844387,0.49999999999999994,-0.8660254037844387,0.0,1.0,1.0,4.399999999999999,0.0,4.399999999999999,0.0,3.24,4.399999999999999,657.5999999999998,3538,3688.7234641998307,150.7234641998307,Very Low Error (<20%),657.5999999999998,4.399999999999999,14.754893856799322,2950.9787713598644,0.8486997099352416,Energy Storage,Store excess energy; Prepare controlled charging window
165.6,16.6,1029,51,3.8,0.0,0.0,67,1,465,990,0.47,3,10,5,15,0.4696969692225283,0,2748.96,54.64799999999999,846.6,3910.2,0.49999999999999994,-0.8660254037844387,0.49999999999999994,-0.8660254037844387,1.0,2.83276944882399e-16,1.0,4.399999999999999,0.0,4.399999999999999,0.0,2.6399999999999992,4.399999999999999,633.5999999999997,3203,3466.4970175100793,263.49701751007933,Very Low Error (<20%),633.5999999999997,4.399999999999999,13.865988070040318,2773.1976140080633,0.8454670711108583,HVAC Moderation,Adjust HVAC setpoint; Reduce cooling or heating intensity
114.9,16.6,1029,51,3.8,0.0,0.0,67,1,480,990,0.48,3,10,5,30,0.4848484843587389,0,1907.3400000000001,37.916999999999994,846.6,3910.2,0.49999999999999994,-0.8660254037844387,0.49999999999999994,-0.8660254037844387,5.66553889764798e-16,-1.0,1.0,4.399999999999999,0.0,4.399999999999999,0.0,2.6399999999999992,4.399999999999999,633.5999999999997,1670,2476.9390484663486,806.9390484663486,Low Error (20-50%),633.5999999999997,4.399999999999999,9.907756193865394,1981.551238773079,0.7963054020785556,HVAC Moderation,Adjust HVAC setpoint; Reduce cooling or heating intensity
111.9,16.6,1029,51,3.8,0.0,0.0,67,1,495,990,0.5,3,10,5,45,0.4999999994949495,0,1857.5400000000002,36.927,846.6,3910.2,0.49999999999999994,-0.8660254037844387,0.49999999999999994,-0.8660254037844387,-1.0,-1.8369701987210297e-16,1.0,4.399999999999999,0.0,4.399999999999999,0.0,2.6399999999999992,4.399999999999999,633.5999999999997,1760,2038.8868599438536,278.88685994385355,Very Low Error (<20%),633.5999999999997,4.399999999999999,8.155547439775415,1631.1094879550828,0.7629174495637264,HVAC Moderation,Adjust HVAC setpoint; Reduce cooling or heating intensity
124.4,16.5,1029,50,4.3,0.0,0.0,62,1,510,990,0.52,3,11,5,0,0.51515151463116,0,2052.6,47.272000000000006,825.0,4424.7,0.258819045102521,-0.9659258262890682,0.49999999999999994,-0.8660254037844387,0.0,1.0,1.0,4.5,0.0,4.5,0.0,2.6399999999999992,4.5,645.5999999999999,1371,2110.6992100911552,739.6992100911552,Moderate Error (50-60%),645.5999999999999,4.5,8.44279684036462,1688.5593680729241,0.7657728890963105,HVAC Moderation,Adjust HVAC setpoint; Reduce cooling or heating intensity
108.9,16.5,1029,50,4.3,0.0,0.0,62,1,525,990,0.53,3,11,5,15,0.5303030297673706,0,1796.8500000000001,41.382000000000005,825.0,4424.7,0.258819045102521,-0.9659258262890682,0.49999999999999994,-0.8660254037844387,1.0,2.83276944882399e-16,1.0,4.5,0.0,4.5,0.0,2.6999999999999997,4.5,648.0,1055,1670.8619528624974,615.8619528624974,Moderate Error (50-60%),648.0,4.5,6.68344781144999,1336.6895622899979,0.7205525754042257,HVAC Moderation,Adjust HVAC setpoint; Reduce cooling or heating intensity
137.8,16.5,1029,50,4.3,0.0,0.0,62,1,540,990,0.55,3,11,5,30,0.5454545449035813,0,2273.7000000000003,52.364000000000004,825.0,4424.7,0.258819045102521,-0.9659258262890682,0.49999999999999994,-0.8660254037844387,5.66553889764798e-16,-1.0,1.0,4.5,0.0,4.5,0.0,2.6999999999999997,4.5,648.0,2203,2348.0843536869456,145.08435368694563,Very Low Error (<20%),648.0,4.5,9.392337414747782,1878.4674829495566,0.7837177047481001,HVAC Moderation,Adjust HVAC setpoint; Reduce cooling or heating intensity
166.2,16.5,1029,50,4.3,0.0,0.0,62,1,555,990,0.56,3,11,5,45,0.5606060600397919,0,2742.2999999999997,63.156,825.0,4424.7,0.258819045102521,-0.9659258262890682,0.49999999999999994,-0.8660254037844387,-1.0,-1.8369701987210297e-16,1.0,4.5,0.0,4.5,0.0,2.6999999999999997,4.5,648.0,3480,3159.430386125631,320.5696138743692,Very Low Error (<20%),648.0,4.5,12.637721544502524,2527.544308900505,0.8298064744161484,HVAC Moderation,Adjust HVAC setpoint; Reduce cooling or heating intensity
189.3,16.2,1029,47,4.5,0.0,0.0,65,1,570,990,0.58,3,12,5,0,0.5757575751760025,0,3066.66,66.255,761.4,4630.5,1.2246467991473532e-16,-1.0,0.49999999999999994,-0.8660254037844387,0.0,1.0,1.0,4.800000000000001,0.0,4.800000000000001,0.0,2.6999999999999997,4.800000000000001,684.0000000000001,3608,3574.55108123548,33.44891876451993,Very Low Error (<20%),684.0000000000001,4.800000000000001,14.29820432494192,2859.6408649883842,0.8393819898384447,HVAC Moderation,Adjust HVAC setpoint; Reduce cooling or heating intensity
188.5,16.2,1029,47,4.5,0.0,0.0,65,1,585,990,0.59,3,12,5,15,0.5909090903122131,0,3053.7,65.975,761.4,4630.5,1.2246467991473532e-16,-1.0,0.49999999999999994,-0.8660254037844387,1.0,2.83276944882399e-16,1.0,4.800000000000001,0.0,4.800000000000001,0.0,2.8800000000000003,4.800000000000001,691.2000000000002,3696,3463.5571844393467,232.44281556065334,Very Low Error (<20%),691.2000000000002,4.800000000000001,13.854228737757387,2770.8457475514774,0.8336364870076254,HVAC Moderation,Adjust HVAC setpoint; Reduce cooling or heating intensity
176.2,16.2,1029,47,4.5,0.0,0.0,65,1,600,990,0.61,3,12,5,30,0.6060606054484237,0,2854.4399999999996,61.669999999999995,761.4,4630.5,1.2246467991473532e-16,-1.0,0.49999999999999994,-0.8660254037844387,5.66553889764798e-16,-1.0,1.0,4.800000000000001,0.0,4.800000000000001,0.0,2.8800000000000003,4.800000000000001,691.2000000000002,3913,3145.040361963795,767.959638036205,Very Low Error (<20%),691.2000000000002,4.800000000000001,12.58016144785518,2516.032289571036,0.8198235940393489,HVAC Moderation,Adjust HVAC setpoint; Reduce cooling or heating intensity
160.2,16.2,1029,47,4.5,0.0,0.0,65,1,615,990,0.62,3,12,5,45,0.6212121205846343,0,2595.24,56.06999999999999,761.4,4630.5,1.2246467991473532e-16,-1.0,0.49999999999999994,-0.8660254037844387,-1.0,-1.8369701987210297e-16,1.0,4.800000000000001,0.0,4.800000000000001,0.0,2.8800000000000003,4.800000000000001,691.2000000000002,3481,2842.0753732557255,638.9246267442745,Very Low Error (<20%),691.2000000000002,4.800000000000001,11.368301493022901,2273.6602986045805,0.8043741492564531,HVAC Moderation,Adjust HVAC setpoint; Reduce cooling or heating intensity
152.0,16.7,1028,46,4.7,0.0,0.0,59,1,630,990,0.64,3,13,5,0,0.6363636357208449,0,2538.4,62.32000000000001,768.1999999999999,4831.6,-0.2588190451025208,-0.9659258262890683,0.49999999999999994,-0.8660254037844387,0.0,1.0,1.0,4.300000000000001,0.0,4.300000000000001,0.0,2.8800000000000003,4.300000000000001,631.2000000000002,3254,2637.0981599893357,616.9018400106643,Very Low Error (<20%),631.2000000000002,4.300000000000001,10.548392639957344,2109.6785279914684,0.806871965191532,HVAC Moderation,Adjust HVAC setpoint; Reduce cooling or heating intensity
159.8,16.7,1028,46,4.7,0.0,0.0,59,1,645,990,0.65,3,13,5,15,0.6515151508570554,0,2668.66,65.51800000000001,768.1999999999999,4831.6,-0.2588190451025208,-0.9659258262890683,0.49999999999999994,-0.8660254037844387,1.0,2.83276944882399e-16,1.0,4.300000000000001,0.0,4.300000000000001,0.0,2.5800000000000005,4.300000000000001,619.2000000000002,3594,2738.999933413617,855.0000665863831,Low Error (20-50%),619.2000000000002,4.300000000000001,10.955999733654467,2191.1999467308933,0.8156155044091739,HVAC Moderation,Adjust HVAC setpoint; Reduce cooling or heating intensity
161.9,16.7,1028,46,4.7,0.0,0.0,59,1,660,990,0.67,3,13,5,30,0.666666665993266,0,2703.73,66.379,768.1999999999999,4831.6,-0.2588190451025208,-0.9659258262890683,0.49999999999999994,-0.8660254037844387,5.66553889764798e-16,-1.0,1.0,4.300000000000001,0.0,4.300000000000001,0.0,2.5800000000000005,4.300000000000001,619.2000000000002,3348,2787.9503534630953,560.0496465369047,Very Low Error (<20%),619.2000000000002,4.300000000000001,11.15180141385238,2230.3602827704763,0.8182645505535447,HVAC Moderation,Adjust HVAC setpoint; Reduce cooling or heating intensity
148.8,16.7,1028,46,4.7,0.0,0.0,59,1,675,990,0.68,3,13,5,45,0.6818181811294766,0,2484.96,61.00800000000001,768.1999999999999,4831.6,-0.2588190451025208,-0.9659258262890683,0.49999999999999994,-0.8660254037844387,-1.0,-1.8369701987210297e-16,1.0,4.300000000000001,0.0,4.300000000000001,0.0,2.5800000000000005,4.300000000000001,619.2000000000002,2977,2545.9301654122605,431.0698345877395,Very Low Error (<20%),619.2000000000002,4.300000000000001,10.183720661649042,2036.7441323298085,0.804368234971557,HVAC Moderation,Adjust HVAC setpoint; Reduce cooling or heating intensity
131.2,16.4,1027,45,5.0,0.0,0.0,63,1,690,990,0.7,3,14,5,0,0.6969696962656872,0,2151.68,48.544,737.9999999999999,5135.0,-0.4999999999999997,-0.8660254037844388,0.49999999999999994,-0.8660254037844387,0.0,1.0,1.0,4.600000000000001,0.0,4.600000000000001,0.0,2.5800000000000005,4.600000000000001,655.2000000000003,2317,2194.835529569235,122.16447043076505,Very Low Error (<20%),655.2000000000003,4.600000000000001,8.77934211827694,1755.868423655388,0.7701081288382613,HVAC Moderation,Adjust HVAC setpoint; Reduce cooling or heating intensity
128.1,16.4,1027,45,5.0,0.0,0.0,63,1,705,990,0.71,3,14,5,15,0.7121212114018978,0,2100.8399999999997,47.397,737.9999999999999,5135.0,-0.4999999999999997,-0.8660254037844388,0.49999999999999994,-0.8660254037844387,1.0,2.83276944882399e-16,1.0,4.600000000000001,0.0,4.600000000000001,0.0,2.7600000000000007,4.600000000000001,662.4000000000003,2250,1971.2051727462683,278.7948272537317,Very Low Error (<20%),662.4000000000003,4.600000000000001,7.884820690985073,1576.9641381970146,0.7484816601959567,HVAC Moderation,Adjust HVAC setpoint; Reduce cooling or heating intensity
130.3,16.4,1027,45,5.0,0.0,0.0,63,1,720,990,0.73,3,14,5,30,0.7272727265381084,0,2136.92,48.211000000000006,737.9999999999999,5135.0,-0.4999999999999997,-0.8660254037844388,0.49999999999999994,-0.8660254037844387,5.66553889764798e-16,-1.0,1.0,4.600000000000001,0.0,4.600000000000001,0.0,2.7600000000000007,4.600000000000001,662.4000000000003,2433,1907.9486597367566,525.0513402632434,Low Error (20-50%),662.4000000000003,4.600000000000001,7.631794638947026,1526.3589277894052,0.7422917711054298,HVAC Moderation,Adjust HVAC setpoint; Reduce cooling or heating intensity
126.0,16.4,1027,45,5.0,0.0,0.0,63,1,735,990,0.74,3,14,5,45,0.742424241674319,0,2066.3999999999996,46.62,737.9999999999999,5135.0,-0.4999999999999997,-0.8660254037844388,0.49999999999999994,-0.8660254037844387,-1.0,-1.8369701987210297e-16,1.0,4.600000000000001,0.0,4.600000000000001,0.0,2.7600000000000007,4.600000000000001,662.4000000000003,2160,1850.535554189625,309.4644458103751,Very Low Error (<20%),662.4000000000003,4.600000000000001,7.4021422167585,1480.4284433517,0.7364039043372859,HVAC Moderation,Adjust HVAC setpoint; Reduce cooling or heating intensity
128.8,16.7,1027,46,5.1,0.0,0.0,69,1,750,990,0.76,3,15,5,0,0.7575757568105296,0,2150.96,39.92800000000001,768.1999999999999,5237.7,-0.7071067811865471,-0.7071067811865479,0.49999999999999994,-0.8660254037844387,0.0,1.0,1.0,4.300000000000001,0.0,4.300000000000001,0.0,2.7600000000000007,4.300000000000001,626.4000000000001,1809,1789.7978970177373,19.20210298226266,Very Low Error (<20%),626.4000000000001,4.300000000000001,7.159191588070949,1431.83831761419,0.7407497119694119,HVAC Moderation,Adjust HVAC setpoint; Reduce cooling or heating intensity
124.6,16.7,1027,46,5.1,0.0,0.0,69,1,765,990,0.77,3,15,5,15,0.7727272719467402,0,2080.8199999999997,38.626000000000005,768.1999999999999,5237.7,-0.7071067811865471,-0.7071067811865479,0.49999999999999994,-0.8660254037844387,1.0,2.83276944882399e-16,1.0,4.300000000000001,0.0,4.300000000000001,0.0,2.5800000000000005,4.300000000000001,619.2000000000002,1542,1669.9420750373338,127.94207503733378,Very Low Error (<20%),619.2000000000002,4.300000000000001,6.679768300149335,1335.953660029867,0.7295056486524948,HVAC Moderation,Adjust HVAC setpoint; Reduce cooling or heating intensity
115.1,16.7,1027,46,5.1,0.0,0.0,69,1,780,990,0.79,3,15,5,30,0.7878787870829507,0,1922.1699999999998,35.681000000000004,768.1999999999999,5237.7,-0.7071067811865471,-0.7071067811865479,0.49999999999999994,-0.8660254037844387,5.66553889764798e-16,-1.0,1.0,4.300000000000001,0.0,4.300000000000001,0.0,2.5800000000000005,4.300000000000001,619.2000000000002,1277,1446.0250631289678,169.02506312896776,Very Low Error (<20%),619.2000000000002,4.300000000000001,5.784100252515871,1156.8200505031741,0.7001779555386353,HVAC Moderation,Adjust HVAC setpoint; Reduce cooling or heating intensity
105.4,16.7,1027,46,5.1,0.0,0.0,69,1,795,990,0.8,3,15,5,45,0.8030303022191613,0,1760.18,32.67400000000001,768.1999999999999,5237.7,-0.7071067811865471,-0.7071067811865479,0.49999999999999994,-0.8660254037844387,-1.0,-1.8369701987210297e-16,1.0,4.300000000000001,0.0,4.300000000000001,0.0,2.5800000000000005,4.300000000000001,619.2000000000002,1041,1179.0499226898016,138.04992268980163,Very Low Error (<20%),619.2000000000002,4.300000000000001,4.716199690759207,943.2399381518413,0.6556652149165824,HVAC Moderation,Adjust HVAC setpoint; Reduce cooling or heating intensity
95.7,16.4,1027,49,4.8,0.0,0.0,32,1,810,990,0.82,2,16,5,0,0.8181818173553719,0,1569.48,65.076,803.5999999999999,4929.599999999999,-0.8660254037844384,-0.5000000000000004,0.49999999999999994,-0.8660254037844387,0.0,1.0,1.0,4.600000000000001,0.0,4.600000000000001,0.0,2.5800000000000005,4.600000000000001,655.2000000000003,780,875.5046207966885,95.50462079668853,Very Low Error (<20%),655.2000000000003,4.600000000000001,3.5020184831867542,700.4036966373508,0.5719618326944431,HVAC Moderation,Adjust HVAC setpoint; Reduce cooling or heating intensity
85.9,16.4,1027,49,4.8,0.0,0.0,32,1,825,990,0.83,2,16,5,15,0.8333333324915825,0,1408.76,58.412,803.5999999999999,4929.599999999999,-0.8660254037844384,-0.5000000000000004,0.49999999999999994,-0.8660254037844387,1.0,2.83276944882399e-16,1.0,4.600000000000001,0.0,4.600000000000001,0.0,2.7600000000000007,4.600000000000001,662.4000000000003,496,729.1486332298712,233.14863322987117,Low Error (20-50%),662.4000000000003,4.600000000000001,2.9165945329194845,583.3189065838969,0.5239835786504191,HVAC Moderation,Adjust HVAC setpoint; Reduce cooling or heating intensity
76.0,16.4,1027,49,4.8,0.0,0.0,32,1,840,990,0.85,2,16,5,30,0.8484848476277931,0,1246.3999999999999,51.67999999999999,803.5999999999999,4929.599999999999,-0.8660254037844384,-0.5000000000000004,0.49999999999999994,-0.8660254037844387,5.66553889764798e-16,-1.0,1.0,4.600000000000001,0.0,4.600000000000001,0.0,2.7600000000000007,4.600000000000001,662.4000000000003,311,473.27107982611983,162.27107982611983,Moderate Error (50-60%),662.4000000000003,4.600000000000001,1.8930843193044793,378.6168638608959,0.41673252741616756,HVAC Moderation,Adjust HVAC setpoint; Reduce cooling or heating intensity
66.3,16.4,1027,49,4.8,0.0,0.0,32,1,855,990,0.86,2,16,5,45,0.8636363627640037,0,1087.32,45.083999999999996,803.5999999999999,4929.599999999999,-0.8660254037844384,-0.5000000000000004,0.49999999999999994,-0.8660254037844387,-1.0,-1.8369701987210297e-16,1.0,4.600000000000001,0.0,4.600000000000001,0.0,2.7600000000000007,4.600000000000001,662.4000000000003,201,397.7855819847883,196.78558198478828,High Error (>60%),662.4000000000003,4.600000000000001,1.5911423279391532,318.2284655878306,0.3752037269407913,HVAC Moderation,Adjust HVAC setpoint; Reduce cooling or heating intensity
56.7,15.4,1027,51,4.5,0.0,0.0,12,1,870,990,0.88,2,17,5,0,0.8787878779002143,0,873.1800000000001,49.896,785.4,4621.5,-0.9659258262890683,-0.25881904510252063,0.49999999999999994,-0.8660254037844387,0.0,1.0,1.0,5.6,0.0,5.6,0.0,2.7600000000000007,5.6,782.4000000000001,159,274.33108681190726,115.33108681190726,High Error (>60%),782.4000000000001,5.6,1.097324347247629,219.4648694495258,0.25960349797216975,HVAC Moderation,Adjust HVAC setpoint; Reduce cooling or heating intensity
47.3,15.4,1027,51,4.5,0.0,0.0,12,1,885,990,0.89,2,17,5,15,0.8939393930364249,0,728.42,41.623999999999995,785.4,4621.5,-0.9659258262890683,-0.25881904510252063,0.49999999999999994,-0.8660254037844387,1.0,2.83276944882399e-16,1.0,5.6,0.0,5.6,0.0,3.36,5.6,806.4,153,203.49270769451377,50.49270769451377,Low Error (20-50%),806.4,5.6,0.8139708307780551,162.794166155611,0.20149933348619614,HVAC Moderation,Adjust HVAC setpoint; Reduce cooling or heating intensity
38.3,15.4,1027,51,4.5,0.0,0.0,12,1,900,990,0.91,2,17,5,30,0.9090909081726355,0,589.8199999999999,33.704,785.4,4621.5,-0.9659258262890683,-0.25881904510252063,0.49999999999999994,-0.8660254037844387,5.66553889764798e-16,-1.0,1.0,5.6,0.0,5.6,0.0,3.36,5.6,806.4,138,191.04727586855884,53.04727586855884,Low Error (20-50%),806.4,5.6,0.7641891034742354,152.83782069484707,0.19153621479457364,HVAC Moderation,Adjust HVAC setpoint; Reduce cooling or heating intensity
29.7,15.4,1027,51,4.5,0.0,0.0,12,1,915,990,0.92,2,17,5,45,0.924242423308846,0,457.38,26.136,785.4,4621.5,-0.9659258262890683,-0.25881904510252063,0.49999999999999994,-0.8660254037844387,-1.0,-1.8369701987210297e-16,1.0,5.6,0.0,5.6,0.0,3.36,5.6,806.4,116,170.0198153491456,54.0198153491456,Low Error (20-50%),806.4,5.6,0.6800792613965824,136.01585227931648,0.17412573209017132,HVAC Moderation,Adjust HVAC setpoint; Reduce cooling or heating intensity
21.6,14.3,1027,53,3.9,0.0,0.0,13,1,930,990,0.94,2,18,5,0,0.9393939384450566,0,308.88000000000005,18.792,757.9000000000001,4005.2999999999997,-1.0,-1.8369701987210297e-16,0.49999999999999994,-0.8660254037844387,0.0,1.0,1.0,6.699999999999999,0.0,6.699999999999999,0.0,3.36,6.699999999999999,938.3999999999999,99,132.9255370671325,33.925537067132495,Low Error (20-50%),938.3999999999999,6.699999999999999,0.53170214826853,106.340429653706,0.12407576627637808,HVAC Moderation,Adjust HVAC setpoint; Reduce cooling or heating intensity
14.4,14.3,1027,53,3.9,0.0,0.0,13,1,945,990,0.95,2,18,5,15,0.9545454535812672,0,205.92000000000002,12.528,757.9000000000001,4005.2999999999997,-1.0,-1.8369701987210297e-16,0.49999999999999994,-0.8660254037844387,1.0,2.83276944882399e-16,1.0,6.699999999999999,0.0,6.699999999999999,0.0,4.02,6.699999999999999,964.7999999999998,76,82.08089183990522,6.08089183990522,Very Low Error (<20%),964.7999999999998,6.699999999999999,0.32832356735962087,65.66471347192417,0.07840518668484046,HVAC Moderation,Adjust HVAC setpoint; Reduce cooling or heating intensity
8.1,14.3,1027,53,3.9,0.0,0.0,13,1,960,990,0.97,2,18,5,30,0.9696969687174778,0,115.83,7.047,757.9000000000001,4005.2999999999997,-1.0,-1.8369701987210297e-16,0.49999999999999994,-0.8660254037844387,5.66553889764798e-16,-1.0,1.0,6.699999999999999,0.0,6.699999999999999,0.0,4.02,6.699999999999999,964.7999999999998,48,52.838037266696254,4.838037266696254,Very Low Error (<20%),964.7999999999998,6.699999999999999,0.211352149066785,42.270429813357005,0.05192223096995594,HVAC Moderation,Adjust HVAC setpoint; Reduce cooling or heating intensity
3.2,14.3,1027,53,3.9,0.0,0.0,13,1,975,990,0.98,2,18,5,45,0.9848484838536884,0,45.760000000000005,2.7840000000000003,757.9000000000001,4005.2999999999997,-1.0,-1.8369701987210297e-16,0.49999999999999994,-0.8660254037844387,-1.0,-1.8369701987210297e-16,1.0,6.699999999999999,0.0,6.699999999999999,0.0,4.02,6.699999999999999,964.7999999999998,30,6.888528383064513,23.111471616935486,High Error (>60%),964.7999999999998,6.699999999999999,0.027554113532258055,5.510822706451611,0.007089235052963026,HVAC Moderation,Adjust HVAC setpoint; Reduce cooling or heating intensity
0.3,12.7,1027,57,3.0,0.0,0.0,2,1,990,990,1.0,1,19,5,0,0.999999998989899,0,3.8099999999999996,0.294,723.9,3081.0,-0.9659258262890684,0.2588190451025203,0.49999999999999994,-0.8660254037844387,0.0,1.0,1.0,8.3,0.0,8.3,0.0,4.02,8.3,1156.8000000000002,8,10.765353963798448,2.7653539637984483,Low Error (20-50%),1156.8000000000002,8.3,0.043061415855193796,8.612283171038758,0.009220343784637423,HVAC Moderation,Adjust HVAC setpoint; Reduce cooling or heating intensity
0.0,12.7,1027,57,3.0,0.0,0.0,2,0,0,990,0.0,1,19,5,15,0.0,1,0.0,0.0,723.9,3081.0,-0.9659258262890684,0.2588190451025203,0.49999999999999994,-0.8660254037844387,1.0,2.83276944882399e-16,1.0,8.3,0.0,8.3,0.0,4.98,8.3,1195.2,0,4.247585938078413,4.247585938078413,Zero-Actual / Undefined % Error,1195.2,8.3,0.016990343752313654,3.3980687504627305,0.0035412851585466523,HVAC Moderation,Adjust HVAC setpoint; Reduce cooling or heating intensity
0.0,12.7,1027,57,3.0,0.0,0.0,2,0,0,990,0.0,1,19,5,30,0.0,1,0.0,0.0,723.9,3081.0,-0.9659258262890684,0.2588190451025203,0.49999999999999994,-0.8660254037844387,5.66553889764798e-16,-1.0,1.0,8.3,0.0,8.3,0.0,4.98,8.3,1195.2,0,3.741783533449876,3.741783533449876,Zero-Actual / Undefined % Error,1195.2,8.3,0.014967134133799504,2.993426826759901,0.0031209051029161806,HVAC Moderation,Adjust HVAC setpoint; Reduce cooling or heating intensity
0.0,12.7,1027,57,3.0,0.0,0.0,2,0,0,990,0.0,1,19,5,45,0.0,1,0.0,0.0,723.9,3081.0,-0.9659258262890684,0.2588190451025203,0.49999999999999994,-0.8660254037844387,-1.0,-1.8369701987210297e-16,1.0,8.3,0.0,8.3,0.0,4.98,8.3,1195.2,0,3.6762284995326806,3.6762284995326806,Zero-Actual / Undefined % Error,1195.2,8.3,0.014704913998130722,2.9409827996261444,0.003066395353478074,HVAC Moderation,Adjust HVAC setpoint; Reduce cooling or heating intensity
0.0,10.2,1027,63,3.1,0.0,0.0,1,0,0,990,0.0,1,20,5,0,0.0,1,0.0,0.0,642.5999999999999,3183.7000000000003,-0.8660254037844386,0.5000000000000001,0.49999999999999994,-0.8660254037844387,0.0,1.0,1.0,10.8,0.0,10.8,0.0,4.98,10.8,1495.2,0,2.9379245438673096,2.9379245438673096,Zero-Actual / Undefined % Error,1495.2,10.8,0.011751698175469238,2.3503396350938477,0.001961050777618328,HVAC Moderation,Adjust HVAC setpoint; Reduce cooling or heating intensity
0.0,10.2,1027,63,3.1,0.0,0.0,1,0,0,990,0.0,1,20,5,15,0.0,1,0.0,0.0,642.5999999999999,3183.7000000000003,-0.8660254037844386,0.5000000000000001,0.49999999999999994,-0.8660254037844387,1.0,2.83276944882399e-16,1.0,10.8,0.0,10.8,0.0,6.48,10.8,1555.2,0,3.6734769800510643,3.6734769800510643,Zero-Actual / Undefined % Error,1555.2,10.8,0.014693907920204257,2.9387815840408513,0.002356494630219165,HVAC Moderation,Adjust HVAC setpoint; Reduce cooling or heating intensity
0.0,10.2,1027,63,3.1,0.0,0.0,1,0,0,990,0.0,1,20,5,30,0.0,1,0.0,0.0,642.5999999999999,3183.7000000000003,-0.8660254037844386,0.5000000000000001,0.49999999999999994,-0.8660254037844387,5.66553889764798e-16,-1.0,1.0,10.8,0.0,10.8,0.0,6.48,10.8,1555.2,0,3.8898925604384202,3.8898925604384202,Zero-Actual / Undefined % Error,1555.2,10.8,0.015559570241753681,3.1119140483507364,0.0024949764452357583,HVAC Moderation,Adjust HVAC setpoint; Reduce cooling or heating intensity
0.0,10.2,1027,63,3.1,0.0,0.0,1,0,0,990,0.0,1,20,5,45,0.0,1,0.0,0.0,642.5999999999999,3183.7000000000003,-0.8660254037844386,0.5000000000000001,0.49999999999999994,-0.8660254037844387,-1.0,-1.8369701987210297e-16,1.0,10.8,0.0,10.8,0.0,6.48,10.8,1555.2,0,3.718933208289712,3.718933208289712,Zero-Actual / Undefined % Error,1555.2,10.8,0.014875732833158848,2.9751465666317696,0.002385584732267303,HVAC Moderation,Adjust HVAC setpoint; Reduce cooling or heating intensity
0.0,9.2,1027,67,3.4,0.0,0.0,6,0,0,990,0.0,1,21,5,0,0.0,1,0.0,0.0,616.4,3491.7999999999997,-0.7071067811865477,0.7071067811865474,0.49999999999999994,-0.8660254037844387,0.0,1.0,1.0,11.8,0.0,11.8,0.0,6.48,11.8,1675.2,0,0.19499114619786653,0.19499114619786653,Zero-Actual / Undefined % Error,1675.2,11.8,0.0007799645847914661,0.15599291695829323,0.00011638517908429515,HVAC Moderation,Adjust HVAC setpoint; Reduce cooling or heating intensity
0.0,9.2,1027,67,3.4,0.0,0.0,6,0,0,990,0.0,1,21,5,15,0.0,1,0.0,0.0,616.4,3491.7999999999997,-0.7071067811865477,0.7071067811865474,0.49999999999999994,-0.8660254037844387,1.0,2.83276944882399e-16,1.0,11.8,0.0,11.8,0.0,7.08,11.8,1699.2,0,0.37478850847288286,0.37478850847288286,Zero-Actual / Undefined % Error,1699.2,11.8,0.0014991540338915314,0.2998308067783063,0.00022051898556419154,HVAC Moderation,Adjust HVAC setpoint; Reduce cooling or heating intensity
0.0,9.2,1027,67,3.4,0.0,0.0,6,0,0,990,0.0,1,21,5,30,0.0,1,0.0,0.0,616.4,3491.7999999999997,-0.7071067811865477,0.7071067811865474,0.49999999999999994,-0.8660254037844387,5.66553889764798e-16,-1.0,1.0,11.8,0.0,11.8,0.0,7.08,11.8,1699.2,0,0.6241289047522818,0.6241289047522818,Zero-Actual / Undefined % Error,1699.2,11.8,0.0024965156190091273,0.4993031238018254,0.00036717263496386185,HVAC Moderation,Adjust HVAC setpoint; Reduce cooling or heating intensity
0.0,9.2,1027,67,3.4,0.0,0.0,6,0,0,990,0.0,1,21,5,45,0.0,1,0.0,0.0,616.4,3491.7999999999997,-0.7071067811865477,0.7071067811865474,0.49999999999999994,-0.8660254037844387,-1.0,-1.8369701987210297e-16,1.0,11.8,0.0,11.8,0.0,7.08,11.8,1699.2,0,0.21030490318960396,0.21030490318960396,Zero-Actual / Undefined % Error,1699.2,11.8,0.0008412196127584159,0.16824392255168316,0.00012375169343099442,HVAC Moderation,Adjust HVAC setpoint; Reduce cooling or heating intensity
0.0,8.2,1027,70,3.3,0.0,0.0,17,0,0,990,0.0,2,22,5,0,0.0,1,0.0,0.0,574.0,3389.1,-0.5000000000000004,0.8660254037844384,0.49999999999999994,-0.8660254037844387,0.0,1.0,1.0,12.8,0.0,12.8,0.0,7.08,12.8,1819.2,0,1.6044256424352439,1.6044256424352439,Zero-Actual / Undefined % Error,1819.2,12.8,0.006417702569740976,1.283540513948195,0.000881163083172972,HVAC Moderation,Adjust HVAC setpoint; Reduce cooling or heating intensity
0.0,8.2,1027,70,3.3,0.0,0.0,17,0,0,990,0.0,2,22,5,15,0.0,1,0.0,0.0,574.0,3389.1,-0.5000000000000004,0.8660254037844384,0.49999999999999994,-0.8660254037844387,1.0,2.83276944882399e-16,1.0,12.8,0.0,12.8,0.0,7.68,12.8,1843.2,0,1.807242845706214,1.807242845706214,Zero-Actual / Undefined % Error,1843.2,12.8,0.007228971382824856,1.4457942765649712,0.0009795315718865271,HVAC Moderation,Adjust HVAC setpoint; Reduce cooling or heating intensity
0.0,8.2,1027,70,3.3,0.0,0.0,17,0,0,990,0.0,2,22,5,30,0.0,1,0.0,0.0,574.0,3389.1,-0.5000000000000004,0.8660254037844384,0.49999999999999994,-0.8660254037844387,5.66553889764798e-16,-1.0,1.0,12.8,0.0,12.8,0.0,7.68,12.8,1843.2,0,2.045367484873056,2.045367484873056,Zero-Actual / Undefined % Error,1843.2,12.8,0.008181469939492224,1.6362939878984448,0.0011084528484970552,HVAC Moderation,Adjust HVAC setpoint; Reduce cooling or heating intensity
0.0,8.2,1027,70,3.3,0.0,0.0,17,0,0,990,0.0,2,22,5,45,0.0,1,0.0,0.0,574.0,3389.1,-0.5000000000000004,0.8660254037844384,0.49999999999999994,-0.8660254037844387,-1.0,-1.8369701987210297e-16,1.0,12.8,0.0,12.8,0.0,7.68,12.8,1843.2,0,1.6542027088514222,1.6542027088514222,Zero-Actual / Undefined % Error,1843.2,12.8,0.006616810835405689,1.3233621670811377,0.0008966576900905512,HVAC Moderation,Adjust HVAC setpoint; Reduce cooling or heating intensity
0.0,6.7,1027,74,3.0,0.0,0.0,26,0,0,990,0.0,2,23,5,0,0.0,1,0.0,0.0,495.8,3081.0,-0.25881904510252157,0.9659258262890681,0.49999999999999994,-0.8660254037844387,0.0,1.0,0.6,14.3,0.0,8.58,0.0,7.68,14.3,1336.8,0,1.364529162695311,1.364529162695311,Zero-Actual / Undefined % Error,1336.8,14.3,0.005458116650781245,1.0916233301562488,0.001019702085908233,HVAC Moderation,Adjust HVAC setpoint; Reduce cooling or heating intensity
0.0,6.7,1027,74,3.0,0.0,0.0,26,0,0,990,0.0,2,23,5,15,0.0,1,0.0,0.0,495.8,3081.0,-0.25881904510252157,0.9659258262890681,0.49999999999999994,-0.8660254037844387,1.0,2.83276944882399e-16,0.6,14.3,0.0,8.58,0.0,5.148,14.3,1235.52,0,1.0712978861862565,1.0712978861862565,Zero-Actual / Undefined % Error,1235.52,14.3,0.004285191544745026,0.8570383089490052,0.000866331412125565,HVAC Moderation,Adjust HVAC setpoint; Reduce cooling or heating intensity
0.0,6.7,1027,74,3.0,0.0,0.0,26,0,0,990,0.0,2,23,5,30,0.0,1,0.0,0.0,495.8,3081.0,-0.25881904510252157,0.9659258262890681,0.49999999999999994,-0.8660254037844387,5.66553889764798e-16,-1.0,0.6,14.3,0.0,8.58,0.0,5.148,14.3,1235.52,0,1.2764977094610555,1.2764977094610555,Zero-Actual / Undefined % Error,1235.52,14.3,0.0051059908378442214,1.0211981675688444,0.0010321000348828774,HVAC Moderation,Adjust HVAC setpoint; Reduce cooling or heating intensity
0.0,6.7,1027,74,3.0,0.0,0.0,26,0,0,990,0.0,2,23,5,45,0.0,1,0.0,0.0,495.8,3081.0,-0.25881904510252157,0.9659258262890681,0.49999999999999994,-0.8660254037844387,-1.0,-1.8369701987210297e-16,0.6,14.3,0.0,8.58,0.0,5.148,14.3,1235.52,0,0.8626737078983777,0.8626737078983777,Zero-Actual / Undefined % Error,1235.52,14.3,0.003450694831593511,0.6901389663187022,0.00069774004889076,HVAC Moderation,Adjust HVAC setpoint; Reduce cooling or heating intensity
0.0,5.4,1027,78,2.7,0.0,0.0,34,0,0,990,0.0,2,0,5,0,0.0,1,0.0,0.0,421.20000000000005,2772.9,0.0,1.0,0.49999999999999994,-0.8660254037844387,0.0,1.0,0.6,15.6,0.0,9.36,0.0,5.148,15.6,1329.12,0,1.7014106928517907,1.7014106928517907,Zero-Actual / Undefined % Error,1329.12,15.6,0.006805642771407163,1.3611285542814326,0.0012784665755321265,HVAC Moderation,Adjust HVAC setpoint; Reduce cooling or heating intensity
0.0,5.4,1027,78,2.7,0.0,0.0,34,0,0,990,0.0,2,0,5,15,0.0,1,0.0,0.0,421.20000000000005,2772.9,0.0,1.0,0.49999999999999994,-0.8660254037844387,1.0,2.83276944882399e-16,0.6,15.6,0.0,9.36,0.0,5.616,15.6,1347.8399999999997,0,2.062162053562394,2.062162053562394,Zero-Actual / Undefined % Error,1347.8399999999997,15.6,0.008248648214249575,1.649729642849915,0.0015276381577888991,HVAC Moderation,Adjust HVAC setpoint; Reduce cooling or heating intensity
0.0,5.4,1027,78,2.7,0.0,0.0,34,0,0,990,0.0,2,0,5,30,0.0,1,0.0,0.0,421.20000000000005,2772.9,0.0,1.0,0.49999999999999994,-0.8660254037844387,5.66553889764798e-16,-1.0,0.6,15.6,0.0,9.36,0.0,5.616,15.6,1347.8399999999997,0,2.57213584670877,2.57213584670877,Zero-Actual / Undefined % Error,1347.8399999999997,15.6,0.01028854338683508,2.057708677367016,0.0019047043317567168,HVAC Moderation,Adjust HVAC setpoint; Reduce cooling or heating intensity
0.0,5.4,1027,78,2.7,0.0,0.0,34,0,0,990,0.0,2,0,5,45,0.0,1,0.0,0.0,421.20000000000005,2772.9,0.0,1.0,0.49999999999999994,-0.8660254037844387,-1.0,-1.8369701987210297e-16,0.6,15.6,0.0,9.36,0.0,5.616,15.6,1347.8399999999997,0,2.2774612848061575,2.2774612848061575,Zero-Actual / Undefined % Error,1347.8399999999997,15.6,0.00910984513922463,1.821969027844926,0.001686861586807422,HVAC Moderation,Adjust HVAC setpoint; Reduce cooling or heating intensity
0.0,6.0,1027,81,2.6,0.0,0.0,24,0,0,990,0.0,2,1,5,0,0.0,1,0.0,0.0,486.0,2670.2000000000003,0.25881904510252074,0.9659258262890683,0.49999999999999994,-0.8660254037844387,0.0,1.0,0.6,15.0,0.0,9.0,0.0,5.616,15.0,1304.6399999999999,0,4.361165658741118,4.361165658741118,Zero-Actual / Undefined % Error,1304.6399999999999,15.0,0.017444662634964473,3.488932526992895,0.0033316743864125844,HVAC Moderation,Adjust HVAC setpoint; Reduce cooling or heating intensity
0.0,6.0,1027,81,2.6,0.0,0.0,24,0,0,990,0.0,2,1,5,15,0.0,1,0.0,0.0,486.0,2670.2000000000003,0.25881904510252074,0.9659258262890683,0.49999999999999994,-0.8660254037844387,1.0,2.83276944882399e-16,0.6,15.0,0.0,9.0,0.0,5.3999999999999995,15.0,1296.0,0,4.233038194445572,4.233038194445572,Zero-Actual / Undefined % Error,1296.0,15.0,0.01693215277778229,3.3864305555564576,0.0032555996247166084,HVAC Moderation,Adjust HVAC setpoint; Reduce cooling or heating intensity
0.0,6.0,1027,81,2.6,0.0,0.0,24,0,0,990,0.0,2,1,5,30,0.0,1,0.0,0.0,486.0,2670.2000000000003,0.25881904510252074,0.9659258262890683,0.49999999999999994,-0.8660254037844387,5.66553889764798e-16,-1.0,0.6,15.0,0.0,9.0,0.0,5.3999999999999995,15.0,1296.0,0,4.831653269391321,4.831653269391321,Zero-Actual / Undefined % Error,1296.0,15.0,0.019326613077565283,3.865322615513057,0.003714280209536418,HVAC Moderation,Adjust HVAC setpoint; Reduce cooling or heating intensity
0.0,6.0,1027,81,2.6,0.0,0.0,24,0,0,990,0.0,2,1,5,45,0.0,1,0.0,0.0,486.0,2670.2000000000003,0.25881904510252074,0.9659258262890683,0.49999999999999994,-0.8660254037844387,-1.0,-1.8369701987210297e-16,0.6,15.0,0.0,9.0,0.0,5.3999999999999995,15.0,1296.0,0,4.536978707488709,4.536978707488709,Zero-Actual / Undefined % Error,1296.0,15.0,0.018147914829954835,3.6295829659909673,0.0034885426391406005,HVAC Moderation,Adjust HVAC setpoint; Reduce cooling or heating intensity
0.0,5.1,1026,84,2.7,0.0,0.0,10,0,0,990,0.0,1,2,5,0,0.0,1,0.0,0.0,428.4,2770.2000000000003,0.49999999999999994,0.8660254037844387,0.49999999999999994,-0.8660254037844387,0.0,1.0,0.6,15.9,0.0,9.54,0.0,5.3999999999999995,15.9,1360.8,0,5.30102691000166,5.30102691000166,Zero-Actual / Undefined % Error,1360.8,15.9,0.02120410764000664,4.240821528001328,0.0038804062083985856,HVAC Moderation,Adjust HVAC setpoint; Reduce cooling or heating intensity
0.0,5.1,1026,84,2.7,0.0,0.0,10,0,0,990,0.0,1,2,5,15,0.0,1,0.0,0.0,428.4,2770.2000000000003,0.49999999999999994,0.8660254037844387,0.49999999999999994,-0.8660254037844387,1.0,2.83276944882399e-16,0.6,15.9,0.0,9.54,0.0,5.723999999999999,15.9,1373.76,0,5.955086410684931,5.955086410684931,Zero-Actual / Undefined % Error,1373.76,15.9,0.023820345642739726,4.764069128547945,0.004316171117517354,HVAC Moderation,Adjust HVAC setpoint; Reduce cooling or heating intensity
0.0,5.1,1026,84,2.7,0.0,0.0,10,0,0,990,0.0,1,2,5,30,0.0,1,0.0,0.0,428.4,2770.2000000000003,0.49999999999999994,0.8660254037844387,0.49999999999999994,-0.8660254037844387,5.66553889764798e-16,-1.0,0.6,15.9,0.0,9.54,0.0,5.723999999999999,15.9,1373.76,0,6.553701485630681,6.553701485630681,Zero-Actual / Undefined % Error,1373.76,15.9,0.026214805942522724,5.242961188504545,0.0047479797337583165,HVAC Moderation,Adjust HVAC setpoint; Reduce cooling or heating intensity
1.4,5.1,1026,84,2.7,0.0,0.0,10,1,15,990,0.02,1,2,5,45,0.01515151513621059,0,7.139999999999999,1.26,428.4,2770.2000000000003,0.49999999999999994,0.8660254037844387,0.49999999999999994,-0.8660254037844387,-1.0,-1.8369701987210297e-16,0.6,15.9,0.0,9.54,0.0,5.723999999999999,15.9,1373.76,5,12.947810944000189,7.947810944000189,High Error (>60%),1373.76,15.9,0.05179124377600076,10.358248755200151,0.009337086610804398,HVAC Moderation,Adjust HVAC setpoint; Reduce cooling or heating intensity
5.7,4.9,1027,87,3.0,0.0,0.0,14,1,30,990,0.03,2,3,5,0,0.03030303027242118,0,27.930000000000003,4.902,426.3,3081.0,0.7071067811865475,0.7071067811865476,0.49999999999999994,-0.8660254037844387,0.0,1.0,0.6,16.1,0.0,9.66,0.0,5.723999999999999,16.1,1388.16,40,38.048557680167875,1.9514423198321253,Very Low Error (<20%),1388.16,16.1,0.1521942307206715,30.4388461441343,0.02667811621841514,HVAC Moderation,Adjust HVAC setpoint; Reduce cooling or heating intensity
11.6,4.9,1027,87,3.0,0.0,0.0,14,1,45,990,0.05,2,3,5,15,0.04545454540863177,0,56.84,9.975999999999999,426.3,3081.0,0.7071067811865475,0.7071067811865476,0.49999999999999994,-0.8660254037844387,1.0,2.83276944882399e-16,0.6,16.1,0.0,9.66,0.0,5.796,16.1,1391.04,81,66.75339838467522,14.246601615324778,Very Low Error (<20%),1391.04,16.1,0.2670135935387009,53.40271870774018,0.04579071246505258,HVAC Moderation,Adjust HVAC setpoint; Reduce cooling or heating intensity
12.9,4.9,1027,87,3.0,0.0,0.0,14,1,60,990,0.06,2,3,5,30,0.06060606054484236,0,63.21000000000001,11.094,426.3,3081.0,0.7071067811865475,0.7071067811865476,0.49999999999999994,-0.8660254037844387,5.66553889764798e-16,-1.0,0.6,16.1,0.0,9.66,0.0,5.796,16.1,1391.04,105,90.88234063049852,14.117659369501482,Very Low Error (<20%),1391.04,16.1,0.3635293625219941,72.70587250439881,0.06132733010186242,HVAC Moderation,Adjust HVAC setpoint; Reduce cooling or heating intensity
23.0,4.9,1027,87,3.0,0.0,0.0,14,1,75,990,0.08,2,3,5,45,0.07575757568105296,0,112.7,19.78,426.3,3081.0,0.7071067811865475,0.7071067811865476,0.49999999999999994,-0.8660254037844387,-1.0,-1.8369701987210297e-16,0.6,16.1,0.0,9.66,0.0,5.796,16.1,1391.04,95,161.554055871949,66.554055871949,High Error (>60%),1391.04,16.1,0.6462162234877961,129.2432446975592,0.10405427945372668,HVAC Moderation,Adjust HVAC setpoint; Reduce cooling or heating intensity
19.1,5.8,1026,87,3.8,0.0,0.0,32,1,90,990,0.09,2,4,5,0,0.09090909081726355,0,110.78,12.988,504.59999999999997,3898.7999999999997,0.8660254037844386,0.5000000000000001,0.49999999999999994,-0.8660254037844387,0.0,1.0,0.6,15.2,0.0,9.12,0.0,5.796,15.2,1326.2399999999998,256,181.86113591431032,74.13886408568968,Low Error (20-50%),1326.2399999999998,15.2,0.7274445436572413,145.48890873144825,0.12058948266985069,HVAC Moderation,Adjust HVAC setpoint; Reduce cooling or heating intensity
17.0,5.8,1026,87,3.8,0.0,0.0,32,1,105,990,0.11,2,4,5,15,0.10606060595347414,0,98.6,11.559999999999999,504.59999999999997,3898.7999999999997,0.8660254037844386,0.5000000000000001,0.49999999999999994,-0.8660254037844387,1.0,2.83276944882399e-16,0.6,15.2,0.0,9.12,0.0,5.4719999999999995,15.2,1313.2799999999997,318,188.335028453235,129.664971546765,Low Error (20-50%),1313.2799999999997,15.2,0.75334011381294,150.668022762588,0.12542164586739063,HVAC Moderation,Adjust HVAC setpoint; Reduce cooling or heating intensity
17.8,5.8,1026,87,3.8,0.0,0.0,32,1,120,990,0.12,2,4,5,30,0.12121212108968472,0,103.24,12.104,504.59999999999997,3898.7999999999997,0.8660254037844386,0.5000000000000001,0.49999999999999994,-0.8660254037844387,5.66553889764798e-16,-1.0,0.6,15.2,0.0,9.12,0.0,5.4719999999999995,15.2,1313.2799999999997,348,220.00388218367735,127.99611781632265,Low Error (20-50%),1313.2799999999997,15.2,0.8800155287347093,176.00310574694188,0.1434854201472894,HVAC Moderation,Adjust HVAC setpoint; Reduce cooling or heating intensity
24.2,5.8,1026,87,3.8,0.0,0.0,32,1,135,990,0.14,2,4,5,45,0.1363636362258953,0,140.35999999999999,16.456,504.59999999999997,3898.7999999999997,0.8660254037844386,0.5000000000000001,0.49999999999999994,-0.8660254037844387,-1.0,-1.8369701987210297e-16,0.6,15.2,0.0,9.12,0.0,5.4719999999999995,15.2,1313.2799999999997,408,317.50230159597703,90.49769840402297,Low Error (20-50%),1313.2799999999997,15.2,1.2700092063839081,254.00184127678162,0.194693246971443,HVAC Moderation,Adjust HVAC setpoint; Reduce cooling or heating intensity
35.4,8.3,1026,80,4.3,0.0,0.0,15,1,150,990,0.15,2,5,5,0,0.15151515136210592,0,293.82,30.089999999999996,664.0,4411.8,0.9659258262890683,0.25881904510252074,0.49999999999999994,-0.8660254037844387,0.0,1.0,0.6,12.7,0.0,7.619999999999999,0.0,5.4719999999999995,12.7,1133.2799999999997,461,451.4504869173042,9.549513082695796,Very Low Error (<20%),1133.2799999999997,12.7,1.8058019476692169,361.1603895338434,0.2848752455760555,HVAC Moderation,Adjust HVAC setpoint; Reduce cooling or heating intensity
38.4,8.3,1026,80,4.3,0.0,0.0,15,1,165,990,0.17,2,5,5,15,0.1666666664983165,0,318.72,32.64,664.0,4411.8,0.9659258262890683,0.25881904510252074,0.49999999999999994,-0.8660254037844387,1.0,2.83276944882399e-16,0.6,12.7,0.0,7.619999999999999,0.0,4.571999999999999,12.7,1097.2799999999997,602,521.8594324604499,80.14056753955015,Very Low Error (<20%),1097.2799999999997,12.7,2.0874377298417994,417.4875459683599,0.32230666592136775,HVAC Moderation,Adjust HVAC setpoint; Reduce cooling or heating intensity
48.8,8.3,1026,80,4.3,0.0,0.0,15,1,180,990,0.18,2,5,5,30,0.1818181816345271,0,405.04,41.48,664.0,4411.8,0.9659258262890683,0.25881904510252074,0.49999999999999994,-0.8660254037844387,5.66553889764798e-16,-1.0,0.6,12.7,0.0,7.619999999999999,0.0,4.571999999999999,12.7,1097.2799999999997,763,531.0929069410374,231.90709305896257,Low Error (20-50%),1097.2799999999997,12.7,2.1243716277641496,424.87432555282993,0.3261494368710463,HVAC Moderation,Adjust HVAC setpoint; Reduce cooling or heating intensity
69.7,8.3,1026,80,4.3,0.0,0.0,15,1,195,990,0.2,2,5,5,45,0.19696969677073767,0,578.5100000000001,59.245,664.0,4411.8,0.9659258262890683,0.25881904510252074,0.49999999999999994,-0.8660254037844387,-1.0,-1.8369701987210297e-16,0.6,12.7,0.0,7.619999999999999,0.0,4.571999999999999,12.7,1097.2799999999997,715,660.8949622384703,54.10503776152973,Very Low Error (<20%),1097.2799999999997,12.7,2.643579848953881,528.7159697907762,0.3758982900206558,HVAC Moderation,Adjust HVAC setpoint; Reduce cooling or heating intensity
72.4,11.2,1026,69,5.7,0.0,0.0,3,1,210,990,0.21,1,6,5,0,0.21212121190694827,0,810.88,70.22800000000001,772.8,5848.2,1.0,6.123233995736766e-17,0.49999999999999994,-0.8660254037844387,0.0,1.0,0.6,9.8,0.0,5.88,0.0,4.571999999999999,9.8,888.48,996,826.7936904150052,169.20630958499476,Very Low Error (<20%),888.48,9.8,3.307174761660021,661.4349523320042,0.4820185224976817,HVAC Moderation,Adjust HVAC setpoint; Reduce cooling or heating intensity
75.9,11.2,1026,69,5.7,0.0,0.0,3,1,225,990,0.23,1,6,5,15,0.22727272704315887,0,850.08,73.623,772.8,5848.2,1.0,6.123233995736766e-17,0.49999999999999994,-0.8660254037844387,1.0,2.83276944882399e-16,0.6,9.8,0.0,5.88,0.0,3.528,9.8,846.72,1259,967.851514179585,291.148485820415,Low Error (20-50%),846.72,9.8,3.87140605671834,774.281211343668,0.5333774425990581,HVAC Moderation,Adjust HVAC setpoint; Reduce cooling or heating intensity
102.2,11.2,1026,69,5.7,0.0,0.0,3,1,240,990,0.24,1,6,5,30,0.24242424217936945,0,1144.6399999999999,99.134,772.8,5848.2,1.0,6.123233995736766e-17,0.49999999999999994,-0.8660254037844387,5.66553889764798e-16,-1.0,0.6,9.8,0.0,5.88,0.0,3.528,9.8,846.72,1705,1151.8979847516152,553.1020152483848,Low Error (20-50%),846.72,9.8,4.607591939006461,921.5183878012922,0.5763472524332477,HVAC Moderation,Adjust HVAC setpoint; Reduce cooling or heating intensity
125.6,11.2,1026,69,5.7,0.0,0.0,3,1,255,990,0.26,1,6,5,45,0.25757575731558,0,1406.7199999999998,121.832,772.8,5848.2,1.0,6.123233995736766e-17,0.49999999999999994,-0.8660254037844387,-1.0,-1.8369701987210297e-16,0.6,9.8,0.0,5.88,0.0,3.528,9.8,846.72,1535,1502.8277264249325,32.17227357506749,Very Low Error (<20%),846.72,9.8,6.01131090569973,1202.262181139946,0.639624259972794,HVAC Moderation,Adjust HVAC setpoint; Reduce cooling or heating intensity
134.8,12.7,1025,59,6.7,0.0,0.0,17,1,270,990,0.27,2,7,5,0,0.2727272724517906,0,1711.96,111.884,749.3,6867.5,0.9659258262890683,-0.25881904510252063,0.49999999999999994,-0.8660254037844387,0.0,1.0,1.0,8.3,0.0,8.3,0.0,3.528,8.3,1137.1200000000001,1885,1779.5329472946157,105.46705270538428,Very Low Error (<20%),1137.1200000000001,8.3,7.118131789178463,1423.6263578356925,0.6101284516332734,HVAC Moderation,Adjust HVAC setpoint; Reduce cooling or heating intensity
146.9,12.7,1025,59,6.7,0.0,0.0,17,1,285,990,0.29,2,7,5,15,0.28787878758800123,0,1865.6299999999999,121.92699999999999,749.3,6867.5,0.9659258262890683,-0.25881904510252063,0.49999999999999994,-0.8660254037844387,1.0,2.83276944882399e-16,1.0,8.3,0.0,8.3,0.0,4.98,8.3,1195.2,1887,2052.7078514976342,165.70785149763424,Very Low Error (<20%),1195.2,8.3,8.210831405990536,1642.1662811981073,0.6320092640310304,HVAC Moderation,Adjust HVAC setpoint; Reduce cooling or heating intensity
156.2,12.7,1025,59,6.7,0.0,0.0,17,1,300,990,0.3,2,7,5,30,0.30303030272421183,0,1983.7399999999998,129.646,749.3,6867.5,0.9659258262890683,-0.25881904510252063,0.49999999999999994,-0.8660254037844387,5.66553889764798e-16,-1.0,1.0,8.3,0.0,8.3,0.0,4.98,8.3,1195.2,2365,2177.6400985740283,187.35990142597166,Very Low Error (<20%),1195.2,8.3,8.710560394296113,1742.1120788592227,0.6456398863524698,HVAC Moderation,Adjust HVAC setpoint; Reduce cooling or heating intensity
161.0,12.7,1025,59,6.7,0.0,0.0,17,1,315,990,0.32,2,7,5,45,0.31818181786042243,0,2044.6999999999998,133.63,749.3,6867.5,0.9659258262890683,-0.25881904510252063,0.49999999999999994,-0.8660254037844387,-1.0,-1.8369701987210297e-16,1.0,8.3,0.0,8.3,0.0,4.98,8.3,1195.2,2203,2360.5524594707185,157.55245947071853,Very Low Error (<20%),1195.2,8.3,9.442209837882874,1888.4419675765748,0.6638686145092967,HVAC Moderation,Adjust HVAC setpoint; Reduce cooling or heating intensity
167.6,13.9,1025,55,8.0,0.0,0.0,62,1,330,990,0.33,3,8,5,0,0.333333332996633,0,2329.64,63.687999999999995,764.5,8200.0,0.8660254037844387,-0.4999999999999998,0.49999999999999994,-0.8660254037844387,0.0,1.0,1.0,7.1,0.0,7.1,0.0,4.98,7.1,1051.2,3299,2690.21657830123,608.7834216987699,Very Low Error (<20%),1051.2,7.1,10.76086631320492,2152.173262640984,0.7190368998695332,HVAC Moderation,Adjust HVAC setpoint; Reduce cooling or heating intensity
162.2,13.9,1025,55,8.0,0.0,0.0,62,1,345,990,0.35,3,8,5,15,0.3484848481328436,0,2254.58,61.635999999999996,764.5,8200.0,0.8660254037844387,-0.4999999999999998,0.49999999999999994,-0.8660254037844387,1.0,2.83276944882399e-16,1.0,7.1,0.0,7.1,0.0,4.26,7.1,1022.4,2487,2662.2733176295355,175.27331762953554,Very Low Error (<20%),1022.4,7.1,10.649093270518142,2129.8186541036284,0.7225262831766405,HVAC Moderation,Adjust HVAC setpoint; Reduce cooling or heating intensity
136.7,13.9,1025,55,8.0,0.0,0.0,62,1,360,990,0.36,3,8,5,30,0.3636363632690542,0,1900.1299999999999,51.946,764.5,8200.0,0.8660254037844387,-0.4999999999999998,0.49999999999999994,-0.8660254037844387,5.66553889764798e-16,-1.0,1.0,7.1,0.0,7.1,0.0,4.26,7.1,1022.4,1662,2272.443952915971,610.4439529159708,Low Error (20-50%),1022.4,7.1,9.089775811663884,1817.9551623327766,0.6896969885979388,HVAC Moderation,Adjust HVAC setpoint; Reduce cooling or heating intensity
142.3,13.9,1025,55,8.0,0.0,0.0,62,1,375,990,0.38,3,8,5,45,0.3787878784052648,0,1977.9700000000003,54.074000000000005,764.5,8200.0,0.8660254037844387,-0.4999999999999998,0.49999999999999994,-0.8660254037844387,-1.0,-1.8369701987210297e-16,1.0,7.1,0.0,7.1,0.0,4.26,7.1,1022.4,2790,2332.4994504221936,457.5005495778064,Very Low Error (<20%),1022.4,7.1,9.329997801688775,1865.999560337755,0.6952516712336673,HVAC Moderation,Adjust HVAC setpoint; Reduce cooling or heating intensity
173.9,14.0,1025,51,8.0,0.0,0.0,79,1,390,990,0.39,3,9,5,0,0.39393939354147534,0,2434.6,36.519,714.0,8200.0,0.7071067811865476,-0.7071067811865475,0.49999999999999994,-0.8660254037844387,0.0,1.0,1.0,7.0,0.0,7.0,0.0,4.26,7.0,1010.4,3416,3079.8693017497562,336.13069825024377,Very Low Error (<20%),1010.4,7.0,12.319477206999025,2463.895441399805,0.7529747001448681,HVAC Moderation,Adjust HVAC setpoint; Reduce cooling or heating intensity
171.9,14.0,1025,51,8.0,0.0,0.0,79,1,405,990,0.41,3,9,5,15,0.40909090867768594,0,2406.6,36.099,714.0,8200.0,0.7071067811865476,-0.7071067811865475,0.49999999999999994,-0.8660254037844387,1.0,2.83276944882399e-16,1.0,7.0,0.0,7.0,0.0,4.2,7.0,1008.0,0,3118.1724733931787,3118.1724733931787,Zero-Actual / Undefined % Error,1008.0,7.0,12.472689893572715,2494.537978714543,0.7557058006528815,HVAC Moderation,Adjust HVAC setpoint; Reduce cooling or heating intensity
133.3,14.0,1025,51,8.0,0.0,0.0,79,1,420,990,0.42,3,9,5,30,0.42424242381389654,0,1866.2000000000003,27.993,714.0,8200.0,0.7071067811865476,-0.7071067811865475,0.49999999999999994,-0.8660254037844387,5.66553889764798e-16,-1.0,1.0,7.0,0.0,7.0,0.0,4.2,7.0,1008.0,0,2447.6604563949045,2447.6604563949045,Zero-Actual / Undefined % Error,1008.0,7.0,9.790641825579618,1958.1283651159235,0.7083046747712319,HVAC Moderation,Adjust HVAC setpoint; Reduce cooling or heating intensity
150.4,14.0,1025,51,8.0,0.0,0.0,79,1,435,990,0.44,3,9,5,45,0.43939393895010714,0,2105.6,31.583999999999996,714.0,8200.0,0.7071067811865476,-0.7071067811865475,0.49999999999999994,-0.8660254037844387,-1.0,-1.8369701987210297e-16,1.0,7.0,0.0,7.0,0.0,4.2,7.0,1008.0,0,2860.772119530948,2860.772119530948,Zero-Actual / Undefined % Error,1008.0,7.0,11.443088478123792,2288.6176956247587,0.739452216466639,HVAC Moderation,Adjust HVAC setpoint; Reduce cooling or heating intensity
204.3,13.8,1025,55,6.5,0.0,0.0,55,1,450,990,0.45,3,10,5,0,0.45454545408631775,0,2819.34,91.935,759.0,6662.5,0.49999999999999994,-0.8660254037844387,0.49999999999999994,-0.8660254037844387,0.0,1.0,1.0,7.199999999999999,0.0,7.199999999999999,0.0,4.2,7.199999999999999,1032.0,0,4051.242335956554,4051.242335956554,Zero-Actual / Undefined % Error,1032.0,7.199999999999999,16.204969343826217,3240.9938687652434,0.7969799721140423,HVAC Moderation,Adjust HVAC setpoint; Reduce cooling or heating intensity
223.7,13.8,1025,55,6.5,0.0,0.0,55,1,465,990,0.47,3,10,5,15,0.4696969692225283,0,3087.06,100.66499999999999,759.0,6662.5,0.49999999999999994,-0.8660254037844387,0.49999999999999994,-0.8660254037844387,1.0,2.83276944882399e-16,1.0,7.199999999999999,0.0,7.199999999999999,0.0,4.319999999999999,7.199999999999999,1036.8,0,4213.85943141062,4213.85943141062,Zero-Actual / Undefined % Error,1036.8,7.199999999999999,16.85543772564248,3371.0875451284965,0.8025390878333929,HVAC Moderation,Adjust HVAC setpoint; Reduce cooling or heating intensity
224.9,13.8,1025,55,6.5,0.0,0.0,55,1,480,990,0.48,3,10,5,30,0.4848484843587389,0,3103.6200000000003,101.205,759.0,6662.5,0.49999999999999994,-0.8660254037844387,0.49999999999999994,-0.8660254037844387,5.66553889764798e-16,-1.0,1.0,7.199999999999999,0.0,7.199999999999999,0.0,4.319999999999999,7.199999999999999,1036.8,0,4231.744405377109,4231.744405377109,Zero-Actual / Undefined % Error,1036.8,7.199999999999999,16.926977621508435,3385.395524301687,0.8032094026302511,HVAC Moderation,Adjust HVAC setpoint; Reduce cooling or heating intensity
225.5,13.8,1025,55,6.5,0.0,0.0,55,1,495,990,0.5,3,10,5,45,0.4999999994949495,0,3111.9,101.475,759.0,6662.5,0.49999999999999994,-0.8660254037844387,0.49999999999999994,-0.8660254037844387,-1.0,-1.8369701987210297e-16,1.0,7.199999999999999,0.0,7.199999999999999,0.0,4.319999999999999,7.199999999999999,1036.8,4109,4178.207791792169,69.20779179216879,Very Low Error (<20%),1036.8,7.199999999999999,16.712831167168677,3342.566233433735,0.8011891751277926,HVAC Moderation,Adjust HVAC setpoint; Reduce cooling or heating intensity
225.4,14.9,1024,54,6.3,0.0,0.0,79,1,510,990,0.52,3,11,5,0,0.51515151463116,0,3358.46,47.333999999999996,804.6,6451.2,0.258819045102521,-0.9659258262890682,0.49999999999999994,-0.8660254037844387,0.0,1.0,1.0,6.1,0.0,6.1,0.0,4.319999999999999,6.1,904.8,4465,4035.05592924023,429.94407075977006,Very Low Error (<20%),904.8,6.1,16.14022371696092,3228.044743392184,0.8168367633029333,HVAC Moderation,Adjust HVAC setpoint; Reduce cooling or heating intensity
224.6,14.9,1024,54,6.3,0.0,0.0,79,1,525,990,0.53,3,11,5,15,0.5303030297673706,0,3346.54,47.16599999999999,804.6,6451.2,0.258819045102521,-0.9659258262890682,0.49999999999999994,-0.8660254037844387,1.0,2.83276944882399e-16,1.0,6.1,0.0,6.1,0.0,3.6599999999999997,6.1,878.4,3562,4011.2227996091683,449.2227996091683,Very Low Error (<20%),878.4,6.1,16.044891198436673,3208.9782396873347,0.820354240639878,HVAC Moderation,Adjust HVAC setpoint; Reduce cooling or heating intensity
223.1,14.9,1024,54,6.3,0.0,0.0,79,1,540,990,0.55,3,11,5,30,0.5454545449035813,0,3324.19,46.85099999999999,804.6,6451.2,0.258819045102521,-0.9659258262890682,0.49999999999999994,-0.8660254037844387,5.66553889764798e-16,-1.0,1.0,6.1,0.0,6.1,0.0,3.6599999999999997,6.1,878.4,4294,3950.481483927733,343.5185160722672,Very Low Error (<20%),878.4,6.1,15.801925935710932,3160.385187142186,0.8180945206997255,HVAC Moderation,Adjust HVAC setpoint; Reduce cooling or heating intensity
220.9,14.9,1024,54,6.3,0.0,0.0,79,1,555,990,0.56,3,11,5,45,0.5606060600397919,0,3291.4100000000003,46.388999999999996,804.6,6451.2,0.258819045102521,-0.9659258262890682,0.49999999999999994,-0.8660254037844387,-1.0,-1.8369701987210297e-16,1.0,6.1,0.0,6.1,0.0,3.6599999999999997,6.1,878.4,3280,3938.3098643177304,658.3098643177304,Low Error (20-50%),878.4,6.1,15.753239457270922,3150.6478914541844,0.8176348533415231,HVAC Moderation,Adjust HVAC setpoint; Reduce cooling or heating intensity
218.0,15.4,1024,53,6.1,0.0,0.0,99,1,570,990,0.58,4,12,5,0,0.5757575751760025,0,3357.2000000000003,2.180000000000002,816.2,6246.4,1.2246467991473532e-16,-1.0,0.49999999999999994,-0.8660254037844387,0.0,1.0,1.0,5.6,0.0,5.6,0.0,3.6599999999999997,5.6,818.4,2101,3677.3341893029765,1576.3341893029765,High Error (>60%),818.4,5.6,14.709336757211906,2941.8673514423813,0.8179607676171695,HVAC Moderation,Adjust HVAC setpoint; Reduce cooling or heating intensity
214.4,15.4,1024,53,6.1,0.0,0.0,99,1,585,990,0.59,4,12,5,15,0.5909090903122131,0,3301.76,2.144000000000002,816.2,6246.4,1.2246467991473532e-16,-1.0,0.49999999999999994,-0.8660254037844387,1.0,2.83276944882399e-16,1.0,5.6,0.0,5.6,0.0,3.36,5.6,806.4,3726,3479.716383025029,246.2836169749712,Very Low Error (<20%),806.4,5.6,13.918865532100115,2783.773106420023,0.8118576518347544,HVAC Moderation,Adjust HVAC setpoint; Reduce cooling or heating intensity
210.2,15.4,1024,53,6.1,0.0,0.0,99,1,600,990,0.61,4,12,5,30,0.6060606054484237,0,3237.08,2.1020000000000016,816.2,6246.4,1.2246467991473532e-16,-1.0,0.49999999999999994,-0.8660254037844387,5.66553889764798e-16,-1.0,1.0,5.6,0.0,5.6,0.0,3.36,5.6,806.4,3323,3552.71500590764,229.7150059076398,Very Low Error (<20%),806.4,5.6,14.21086002363056,2842.172004726112,0.8150083217070107,HVAC Moderation,Adjust HVAC setpoint; Reduce cooling or heating intensity
205.4,15.4,1024,53,6.1,0.0,0.0,99,1,615,990,0.62,4,12,5,45,0.6212121205846343,0,3163.1600000000003,2.054000000000002,816.2,6246.4,1.2246467991473532e-16,-1.0,0.49999999999999994,-0.8660254037844387,-1.0,-1.8369701987210297e-16,1.0,5.6,0.0,5.6,0.0,3.36,5.6,806.4,3187,3565.847733908565,378.8477339085648,Very Low Error (<20%),806.4,5.6,14.26339093563426,2852.6781871268518,0.8155639730654778,HVAC Moderation,Adjust HVAC setpoint; Reduce cooling or heating intensity
200.0,15.6,1024,52,5.9,0.0,0.0,99,1,630,990,0.64,4,13,5,0,0.6363636357208449,0,3120.0,2.0000000000000018,811.1999999999999,6041.6,-0.2588190451025208,-0.9659258262890683,0.49999999999999994,-0.8660254037844387,0.0,1.0,1.0,5.4,0.0,5.4,0.0,3.36,5.4,782.4,3041,3484.172478979573,443.17247897957304,Very Low Error (<20%),782.4,5.4,13.936689915918292,2787.3379831836583,0.8166209516722551,HVAC Moderation,Adjust HVAC setpoint; Reduce cooling or heating intensity
194.0,15.6,1024,52,5.9,0.0,0.0,99,1,645,990,0.65,4,13,5,15,0.6515151508570554,0,3026.4,1.9400000000000017,811.1999999999999,6041.6,-0.2588190451025208,-0.9659258262890683,0.49999999999999994,-0.8660254037844387,1.0,2.83276944882399e-16,1.0,5.4,0.0,5.4,0.0,3.24,5.4,777.6,2777,3362.581632341377,585.5816323413769,Low Error (20-50%),777.6,5.4,13.450326529365508,2690.0653058731014,0.8121821528944783,HVAC Moderation,Adjust HVAC setpoint; Reduce cooling or heating intensity
187.4,15.6,1024,52,5.9,0.0,0.0,99,1,660,990,0.67,4,13,5,30,0.666666665993266,0,2923.44,1.8740000000000017,811.1999999999999,6041.6,-0.2588190451025208,-0.9659258262890683,0.49999999999999994,-0.8660254037844387,5.66553889764798e-16,-1.0,1.0,5.4,0.0,5.4,0.0,3.24,5.4,777.6,2998,3283.316355578529,285.31635557852906,Very Low Error (<20%),777.6,5.4,13.133265422314116,2626.6530844628232,0.8085161247558528,HVAC Moderation,Adjust HVAC setpoint; Reduce cooling or heating intensity
180.4,15.6,1024,52,5.9,0.0,0.0,99,1,675,990,0.68,4,13,5,45,0.6818181811294766,0,2814.2400000000002,1.8040000000000016,811.1999999999999,6041.6,-0.2588190451025208,-0.9659258262890683,0.49999999999999994,-0.8660254037844387,-1.0,-1.8369701987210297e-16,1.0,5.4,0.0,5.4,0.0,3.24,5.4,777.6,2556,3134.626372843421,578.626372843421,Low Error (20-50%),777.6,5.4,12.538505491373684,2507.701098274737,0.80123849524687,HVAC Moderation,Adjust HVAC setpoint; Reduce cooling or heating intensity
172.8,15.6,1023,51,5.7,0.0,0.0,92,1,690,990,0.7,4,14,5,0,0.6969696962656872,0,2695.6800000000003,13.823999999999995,795.6,5831.1,-0.4999999999999997,-0.8660254037844388,0.49999999999999994,-0.8660254037844387,0.0,1.0,1.0,5.4,0.0,5.4,0.0,3.24,5.4,777.6,2692,2927.4580118864283,235.45801188642827,Very Low Error (<20%),777.6,5.4,11.709832047545714,2341.9664095091425,0.7901247434465378,HVAC Moderation,Adjust HVAC setpoint; Reduce cooling or heating intensity
164.8,15.6,1023,51,5.7,0.0,0.0,92,1,705,990,0.71,4,14,5,15,0.7121212114018978,0,2570.88,13.183999999999994,795.6,5831.1,-0.4999999999999997,-0.8660254037844388,0.49999999999999994,-0.8660254037844387,1.0,2.83276944882399e-16,1.0,5.4,0.0,5.4,0.0,3.24,5.4,777.6,2595,2778.080993500274,183.08099350027396,Very Low Error (<20%),777.6,5.4,11.112323974001097,2222.4647948002194,0.7813077151176533,HVAC Moderation,Adjust HVAC setpoint; Reduce cooling or heating intensity
156.4,15.6,1023,51,5.7,0.0,0.0,92,1,720,990,0.73,4,14,5,30,0.7272727265381084,0,2439.84,12.511999999999993,795.6,5831.1,-0.4999999999999997,-0.8660254037844388,0.49999999999999994,-0.8660254037844387,5.66553889764798e-16,-1.0,1.0,5.4,0.0,5.4,0.0,3.24,5.4,777.6,2337,2440.051212340852,103.05121234085209,Very Low Error (<20%),777.6,5.4,9.760204849363408,1952.0409698726817,0.7583330356702565,HVAC Moderation,Adjust HVAC setpoint; Reduce cooling or heating intensity
147.3,15.6,1023,51,5.7,0.0,0.0,92,1,735,990,0.74,4,14,5,45,0.742424241674319,0,2297.88,11.783999999999995,795.6,5831.1,-0.4999999999999997,-0.8660254037844388,0.49999999999999994,-0.8660254037844387,-1.0,-1.8369701987210297e-16,1.0,5.4,0.0,5.4,0.0,3.24,5.4,777.6,2085,2283.9886199909356,198.9886199909356,Very Low Error (<20%),777.6,5.4,9.135954479963742,1827.1908959927484,0.7460142111619437,HVAC Moderation,Adjust HVAC setpoint; Reduce cooling or heating intensity
128.2,15.6,1023,51,5.6,0.0,0.0,99,1,750,990,0.76,4,15,5,0,0.7575757568105296,0,1999.9199999999998,1.282000000000001,795.6,5728.799999999999,-0.7071067811865471,-0.7071067811865479,0.49999999999999994,-0.8660254037844387,0.0,1.0,1.0,5.4,0.0,5.4,0.0,3.24,5.4,777.6,1922,1782.859950620805,139.14004937919503,Very Low Error (<20%),777.6,5.4,7.13143980248322,1426.287960496644,0.6963045641437317,HVAC Moderation,Adjust HVAC setpoint; Reduce cooling or heating intensity
105.8,15.6,1023,51,5.6,0.0,0.0,99,1,765,990,0.77,4,15,5,15,0.7727272719467402,0,1650.48,1.058000000000001,795.6,5728.799999999999,-0.7071067811865471,-0.7071067811865479,0.49999999999999994,-0.8660254037844387,1.0,2.83276944882399e-16,1.0,5.4,0.0,5.4,0.0,3.24,5.4,777.6,1645,1402.2599894657562,242.74001053424377,Very Low Error (<20%),777.6,5.4,5.609039957863025,1121.807991572605,0.6432798416407215,HVAC Moderation,Adjust HVAC setpoint; Reduce cooling or heating intensity
101.9,15.6,1023,51,5.6,0.0,0.0,99,1,780,990,0.79,4,15,5,30,0.7878787870829507,0,1589.64,1.019000000000001,795.6,5728.799999999999,-0.7071067811865471,-0.7071067811865479,0.49999999999999994,-0.8660254037844387,5.66553889764798e-16,-1.0,1.0,5.4,0.0,5.4,0.0,3.24,5.4,777.6,1112,1235.7449893230496,123.7449893230496,Very Low Error (<20%),777.6,5.4,4.942979957292199,988.5959914584397,0.6137770701308221,HVAC Moderation,Adjust HVAC setpoint; Reduce cooling or heating intensity
97.6,15.6,1023,51,5.6,0.0,0.0,99,1,795,990,0.8,4,15,5,45,0.8030303022191613,0,1522.56,0.9760000000000008,795.6,5728.799999999999,-0.7071067811865471,-0.7071067811865479,0.49999999999999994,-0.8660254037844387,-1.0,-1.8369701987210297e-16,1.0,5.4,0.0,5.4,0.0,3.24,5.4,777.6,991,1129.1022906584074,138.10229065840736,Very Low Error (<20%),777.6,5.4,4.51640916263363,903.2818325267259,0.592175451615123,HVAC Moderation,Adjust HVAC setpoint; Reduce cooling or heating intensity
92.3,15.3,1023,52,5.7,0.0,0.0,100,1,810,990,0.82,4,16,5,0,0.8181818173553719,0,1412.19,0.0,795.6,5831.1,-0.8660254037844384,-0.5000000000000004,0.49999999999999994,-0.8660254037844387,0.0,1.0,1.0,5.699999999999999,0.0,5.699999999999999,0.0,3.24,5.699999999999999,813.5999999999999,979,895.0851270764131,83.91487292358693,Very Low Error (<20%),813.5999999999999,5.699999999999999,3.5803405083056523,716.0681016611304,0.5238443949495091,HVAC Moderation,Adjust HVAC setpoint; Reduce cooling or heating intensity
75.3,15.3,1023,52,5.7,0.0,0.0,100,1,825,990,0.83,4,16,5,15,0.8333333324915825,0,1152.09,0.0,795.6,5831.1,-0.8660254037844384,-0.5000000000000004,0.49999999999999994,-0.8660254037844387,1.0,2.83276944882399e-16,1.0,5.699999999999999,0.0,5.699999999999999,0.0,3.4199999999999995,5.699999999999999,820.7999999999998,815,602.8859993462459,212.11400065375415,Low Error (20-50%),820.7999999999998,5.699999999999999,2.4115439973849835,482.3087994769967,0.4234683765940114,HVAC Moderation,Adjust HVAC setpoint; Reduce cooling or heating intensity
64.0,15.3,1023,52,5.7,0.0,0.0,100,1,840,990,0.85,4,16,5,30,0.8484848476277931,0,979.2,0.0,795.6,5831.1,-0.8660254037844384,-0.5000000000000004,0.49999999999999994,-0.8660254037844387,5.66553889764798e-16,-1.0,1.0,5.699999999999999,0.0,5.699999999999999,0.0,3.4199999999999995,5.699999999999999,820.7999999999998,453,443.38167150358805,9.618328496411948,Very Low Error (<20%),820.7999999999998,5.699999999999999,1.7735266860143521,354.70533720287045,0.35072622958179267,HVAC Moderation,Adjust HVAC setpoint; Reduce cooling or heating intensity
56.5,15.3,1023,52,5.7,0.0,0.0,100,1,855,990,0.86,4,16,5,45,0.8636363627640037,0,864.45,0.0,795.6,5831.1,-0.8660254037844384,-0.5000000000000004,0.49999999999999994,-0.8660254037844387,-1.0,-1.8369701987210297e-16,1.0,5.699999999999999,0.0,5.699999999999999,0.0,3.4199999999999995,5.699999999999999,820.7999999999998,377,379.695120079909,2.6951200799089747,Very Low Error (<20%),820.7999999999998,5.699999999999999,1.5187804803196359,303.7560960639272,0.31628210178676375,HVAC Moderation,Adjust HVAC setpoint; Reduce cooling or heating intensity
51.2,14.2,1023,56,5.6,0.0,0.0,100,1,870,990,0.88,4,17,5,0,0.8787878779002143,0,727.04,0.0,795.1999999999999,5728.799999999999,-0.9659258262890683,-0.25881904510252063,0.49999999999999994,-0.8660254037844387,0.0,1.0,1.0,6.800000000000001,0.0,6.800000000000001,0.0,3.4199999999999995,6.800000000000001,952.8000000000001,294,336.771065041854,42.771065041854,Very Low Error (<20%),952.8000000000001,6.800000000000001,1.347084260167416,269.4168520334832,0.26114967519822113,HVAC Moderation,Adjust HVAC setpoint; Reduce cooling or heating intensity
45.4,14.2,1023,56,5.6,0.0,0.0,100,1,885,990,0.89,4,17,5,15,0.8939393930364249,0,644.68,0.0,795.1999999999999,5728.799999999999,-0.9659258262890683,-0.25881904510252063,0.49999999999999994,-0.8660254037844387,1.0,2.83276944882399e-16,1.0,6.800000000000001,0.0,6.800000000000001,0.0,4.08,6.800000000000001,979.2,204,272.1379830107272,68.13798301072723,Low Error (20-50%),979.2,6.800000000000001,1.088551932042909,217.71038640858177,0.21747760116614046,HVAC Moderation,Adjust HVAC setpoint; Reduce cooling or heating intensity
40.1,14.2,1023,56,5.6,0.0,0.0,100,1,900,990,0.91,4,17,5,30,0.9090909081726355,0,569.42,0.0,795.1999999999999,5728.799999999999,-0.9659258262890683,-0.25881904510252063,0.49999999999999994,-0.8660254037844387,5.66553889764798e-16,-1.0,1.0,6.800000000000001,0.0,6.800000000000001,0.0,4.08,6.800000000000001,979.2,152,241.80626915259134,89.80626915259134,Moderate Error (50-60%),979.2,6.800000000000001,0.9672250766103654,193.44501532207306,0.19803851549621637,HVAC Moderation,Adjust HVAC setpoint; Reduce cooling or heating intensity
32.4,14.2,1023,56,5.6,0.0,0.0,100,1,915,990,0.92,4,17,5,45,0.924242423308846,0,460.08,0.0,795.1999999999999,5728.799999999999,-0.9659258262890683,-0.25881904510252063,0.49999999999999994,-0.8660254037844387,-1.0,-1.8369701987210297e-16,1.0,6.800000000000001,0.0,6.800000000000001,0.0,4.08,6.800000000000001,979.2,156,216.03590762898781,60.035907628987815,Low Error (20-50%),979.2,6.800000000000001,0.8641436305159512,172.82872610319026,0.18074750437911025,HVAC Moderation,Adjust HVAC setpoint; Reduce cooling or heating intensity
24.0,12.8,1023,62,5.1,0.0,0.0,100,1,930,990,0.94,4,18,5,0,0.9393939384450566,0,307.20000000000005,0.0,793.6,5217.299999999999,-1.0,-1.8369701987210297e-16,0.49999999999999994,-0.8660254037844387,0.0,1.0,1.0,8.2,0.0,8.2,0.0,4.08,8.2,1147.1999999999998,140,164.88411704581887,24.88411704581887,Very Low Error (<20%),1147.1999999999998,8.2,0.6595364681832755,131.90729363665508,0.12566581271587424,HVAC Moderation,Adjust HVAC setpoint; Reduce cooling or heating intensity
16.1,12.8,1023,62,5.1,0.0,0.0,100,1,945,990,0.95,4,18,5,15,0.9545454535812672,0,206.08000000000004,0.0,793.6,5217.299999999999,-1.0,-1.8369701987210297e-16,0.49999999999999994,-0.8660254037844387,1.0,2.83276944882399e-16,1.0,8.2,0.0,8.2,0.0,4.919999999999999,8.2,1180.7999999999997,100,104.8807592299412,4.880759229941205,Very Low Error (<20%),1180.7999999999997,8.2,0.41952303691976484,83.90460738395296,0.08157605097176963,HVAC Moderation,Adjust HVAC setpoint; Reduce cooling or heating intensity
9.3,12.8,1023,62,5.1,0.0,0.0,100,1,960,990,0.97,4,18,5,30,0.9696969687174778,0,119.04000000000002,0.0,793.6,5217.299999999999,-1.0,-1.8369701987210297e-16,0.49999999999999994,-0.8660254037844387,5.66553889764798e-16,-1.0,1.0,8.2,0.0,8.2,0.0,4.919999999999999,8.2,1180.7999999999997,71,68.88568695088229,2.114313049117712,Very Low Error (<20%),1180.7999999999997,8.2,0.27554274780352916,55.10854956070583,0.055122410070835175,HVAC Moderation,Adjust HVAC setpoint; Reduce cooling or heating intensity
3.8,12.8,1023,62,5.1,0.0,0.0,100,1,975,990,0.98,4,18,5,45,0.9848484838536884,0,48.64,0.0,793.6,5217.299999999999,-1.0,-1.8369701987210297e-16,0.49999999999999994,-0.8660254037844387,-1.0,-1.8369701987210297e-16,1.0,8.2,0.0,8.2,0.0,4.919999999999999,8.2,1180.7999999999997,31,33.170400828848436,2.170400828848436,Very Low Error (<20%),1180.7999999999997,8.2,0.13268160331539375,26.536320663078747,0.027323895853537433,HVAC Moderation,Adjust HVAC setpoint; Reduce cooling or heating intensity
0.5,11.5,1023,70,4.8,0.0,0.0,100,1,990,990,1.0,4,19,5,0,0.999999998989899,0,5.75,0.0,805.0,4910.4,-0.9659258262890684,0.2588190451025203,0.49999999999999994,-0.8660254037844387,0.0,1.0,1.0,9.5,0.0,9.5,0.0,4.919999999999999,9.5,1336.8,3,9.865084539197497,6.865084539197497,High Error (>60%),1336.8,9.5,0.03946033815678999,7.892067631357998,0.007325566427117674,HVAC Moderation,Adjust HVAC setpoint; Reduce cooling or heating intensity
0.0,11.5,1023,70,4.8,0.0,0.0,100,0,0,990,0.0,4,19,5,15,0.0,1,0.0,0.0,805.0,4910.4,-0.9659258262890684,0.2588190451025203,0.49999999999999994,-0.8660254037844387,1.0,2.83276944882399e-16,1.0,9.5,0.0,9.5,0.0,5.7,9.5,1368.0,0,5.7119590409123004,5.7119590409123004,Zero-Actual / Undefined % Error,1368.0,9.5,0.0228478361636492,4.56956723272984,0.004158047106718198,HVAC Moderation,Adjust HVAC setpoint; Reduce cooling or heating intensity
0.0,11.5,1023,70,4.8,0.0,0.0,100,0,0,990,0.0,4,19,5,30,0.0,1,0.0,0.0,805.0,4910.4,-0.9659258262890684,0.2588190451025203,0.49999999999999994,-0.8660254037844387,5.66553889764798e-16,-1.0,1.0,9.5,0.0,9.5,0.0,5.7,9.5,1368.0,0,6.0653132001295305,6.0653132001295305,Zero-Actual / Undefined % Error,1368.0,9.5,0.02426125280051812,4.8522505601036245,0.00441413747763531,HVAC Moderation,Adjust HVAC setpoint; Reduce cooling or heating intensity
0.0,11.5,1023,70,4.8,0.0,0.0,100,0,0,990,0.0,4,19,5,45,0.0,1,0.0,0.0,805.0,4910.4,-0.9659258262890684,0.2588190451025203,0.49999999999999994,-0.8660254037844387,-1.0,-1.8369701987210297e-16,1.0,9.5,0.0,9.5,0.0,5.7,9.5,1368.0,0,5.8195092367229675,5.8195092367229675,Zero-Actual / Undefined % Error,1368.0,9.5,0.02327803694689187,4.655607389378374,0.004236007127108136,HVAC Moderation,Adjust HVAC setpoint; Reduce cooling or heating intensity
0.0,10.3,1023,74,4.5,0.0,0.0,100,0,0,990,0.0,4,20,5,0,0.0,1,0.0,0.0,762.2,4603.5,-0.8660254037844386,0.5000000000000001,0.49999999999999994,-0.8660254037844387,0.0,1.0,1.0,10.7,0.0,10.7,0.0,5.7,10.7,1512.0,0,3.9315494481745525,3.9315494481745525,Zero-Actual / Undefined % Error,1512.0,10.7,0.01572619779269821,3.145239558539642,0.0025934874480396013,HVAC Moderation,Adjust HVAC setpoint; Reduce cooling or heating intensity
0.0,10.3,1023,74,4.5,0.0,0.0,100,0,0,990,0.0,4,20,5,15,0.0,1,0.0,0.0,762.2,4603.5,-0.8660254037844386,0.5000000000000001,0.49999999999999994,-0.8660254037844387,1.0,2.83276944882399e-16,1.0,10.7,0.0,10.7,0.0,6.419999999999999,10.7,1540.8,0,4.121372259155862,4.121372259155862,Zero-Actual / Undefined % Error,1540.8,10.7,0.01648548903662345,3.2970978073246897,0.0026676906219903233,HVAC Moderation,Adjust HVAC setpoint; Reduce cooling or heating intensity
0.0,10.3,1023,74,4.5,0.0,0.0,100,0,0,990,0.0,4,20,5,30,0.0,1,0.0,0.0,762.2,4603.5,-0.8660254037844386,0.5000000000000001,0.49999999999999994,-0.8660254037844387,5.66553889764798e-16,-1.0,1.0,10.7,0.0,10.7,0.0,6.419999999999999,10.7,1540.8,0,4.474726418373092,4.474726418373092,Zero-Actual / Undefined % Error,1540.8,10.7,0.01789890567349237,3.579781134698474,0.0028957481404286167,HVAC Moderation,Adjust HVAC setpoint; Reduce cooling or heating intensity
0.0,10.3,1023,74,4.5,0.0,0.0,100,0,0,990,0.0,4,20,5,45,0.0,1,0.0,0.0,762.2,4603.5,-0.8660254037844386,0.5000000000000001,0.49999999999999994,-0.8660254037844387,-1.0,-1.8369701987210297e-16,1.0,10.7,0.0,10.7,0.0,6.419999999999999,10.7,1540.8,0,4.228922454966529,4.228922454966529,Zero-Actual / Undefined % Error,1540.8,10.7,0.016915689819866117,3.3831379639732235,0.0027371153968495858,HVAC Moderation,Adjust HVAC setpoint; Reduce cooling or heating intensity
0.0,9.5,1023,76,4.2,0.0,0.0,100,0,0,990,0.0,4,21,5,0,0.0,1,0.0,0.0,722.0,4296.6,-0.7071067811865477,0.7071067811865474,0.49999999999999994,-0.8660254037844387,0.0,1.0,1.0,11.5,0.0,11.5,0.0,6.419999999999999,11.5,1636.8,0,5.328753082599045,5.328753082599045,Zero-Actual / Undefined % Error,1636.8,11.5,0.02131501233039618,4.263002466079236,0.0032450275712856856,HVAC Moderation,Adjust HVAC setpoint; Reduce cooling or heating intensity
0.0,9.5,1023,76,4.2,0.0,0.0,100,0,0,990,0.0,4,21,5,15,0.0,1,0.0,0.0,722.0,4296.6,-0.7071067811865477,0.7071067811865474,0.49999999999999994,-0.8660254037844387,1.0,2.83276944882399e-16,1.0,11.5,0.0,11.5,0.0,6.8999999999999995,11.5,1656.0,0,5.232719308884813,5.232719308884813,Zero-Actual / Undefined % Error,1656.0,11.5,0.020930877235539252,4.186175447107851,0.003149901422548345,HVAC Moderation,Adjust HVAC setpoint; Reduce cooling or heating intensity
0.0,9.5,1023,76,4.2,0.0,0.0,100,0,0,990,0.0,4,21,5,30,0.0,1,0.0,0.0,722.0,4296.6,-0.7071067811865477,0.7071067811865474,0.49999999999999994,-0.8660254037844387,5.66553889764798e-16,-1.0,1.0,11.5,0.0,11.5,0.0,6.8999999999999995,11.5,1656.0,0,5.586073468102042,5.586073468102042,Zero-Actual / Undefined % Error,1656.0,11.5,0.022344293872408168,4.4688587744816335,0.003361892323207045,HVAC Moderation,Adjust HVAC setpoint; Reduce cooling or heating intensity
0.0,9.5,1023,76,4.2,0.0,0.0,100,0,0,990,0.0,4,21,5,45,0.0,1,0.0,0.0,722.0,4296.6,-0.7071067811865477,0.7071067811865474,0.49999999999999994,-0.8660254037844387,-1.0,-1.8369701987210297e-16,1.0,11.5,0.0,11.5,0.0,6.8999999999999995,11.5,1656.0,0,5.340269504695479,5.340269504695479,Zero-Actual / Undefined % Error,1656.0,11.5,0.02136107801878192,4.272215603756384,0.003214434513811652,HVAC Moderation,Adjust HVAC setpoint; Reduce cooling or heating intensity
0.0,9.5,1023,78,4.6,0.0,0.0,100,0,0,990,0.0,4,22,5,0,0.0,1,0.0,0.0,741.0,4705.799999999999,-0.5000000000000004,0.8660254037844384,0.49999999999999994,-0.8660254037844387,0.0,1.0,1.0,11.5,0.0,11.5,0.0,6.8999999999999995,11.5,1656.0,0,5.289816279359102,5.289816279359102,Zero-Actual / Undefined % Error,1656.0,11.5,0.021159265117436408,4.2318530234872815,0.0031841622240375038,HVAC Moderation,Adjust HVAC setpoint; Reduce cooling or heating intensity
0.0,9.5,1023,78,4.6,0.0,0.0,100,0,0,990,0.0,4,22,5,15,0.0,1,0.0,0.0,741.0,4705.799999999999,-0.5000000000000004,0.8660254037844384,0.49999999999999994,-0.8660254037844387,1.0,2.83276944882399e-16,1.0,11.5,0.0,11.5,0.0,6.8999999999999995,11.5,1656.0,0,5.244026345671673,5.244026345671673,Zero-Actual / Undefined % Error,1656.0,11.5,0.020976105382686693,4.195221076537338,0.003156686350319378,HVAC Moderation,Adjust HVAC setpoint; Reduce cooling or heating intensity
0.0,9.5,1023,78,4.6,0.0,0.0,100,0,0,990,0.0,4,22,5,30,0.0,1,0.0,0.0,741.0,4705.799999999999,-0.5000000000000004,0.8660254037844384,0.49999999999999994,-0.8660254037844387,5.66553889764798e-16,-1.0,1.0,11.5,0.0,11.5,0.0,6.8999999999999995,11.5,1656.0,0,5.597380504888903,5.597380504888903,Zero-Actual / Undefined % Error,1656.0,11.5,0.022389522019555613,4.477904403911123,0.0033686743655189336,HVAC Moderation,Adjust HVAC setpoint; Reduce cooling or heating intensity
0.0,9.5,1023,78,4.6,0.0,0.0,100,0,0,990,0.0,4,22,5,45,0.0,1,0.0,0.0,741.0,4705.799999999999,-0.5000000000000004,0.8660254037844384,0.49999999999999994,-0.8660254037844387,-1.0,-1.8369701987210297e-16,1.0,11.5,0.0,11.5,0.0,6.8999999999999995,11.5,1656.0,0,5.35157654148234,5.35157654148234,Zero-Actual / Undefined % Error,1656.0,11.5,0.02140630616592936,4.281261233185872,0.0032212185631422838,HVAC Moderation,Adjust HVAC setpoint; Reduce cooling or heating intensity
0.0,9.6,1023,78,4.9,0.0,0.0,100,0,0,990,0.0,4,23,5,0,0.0,1,0.0,0.0,748.8,5012.700000000001,-0.25881904510252157,0.9659258262890681,0.49999999999999994,-0.8660254037844387,0.0,1.0,0.6,11.4,0.0,6.84,0.0,6.8999999999999995,11.4,1096.8,0,4.878995706158631,4.878995706158631,Zero-Actual / Undefined % Error,1096.8,11.4,0.019515982824634525,3.9031965649269047,0.0044286908625344006,HVAC Moderation,Adjust HVAC setpoint; Reduce cooling or heating intensity
0.0,9.6,1023,78,4.9,0.0,0.0,100,0,0,990,0.0,4,23,5,15,0.0,1,0.0,0.0,748.8,5012.700000000001,-0.25881904510252157,0.9659258262890681,0.49999999999999994,-0.8660254037844387,1.0,2.83276944882399e-16,0.6,11.4,0.0,6.84,0.0,4.104,11.4,984.9599999999999,0,4.547316235375934,4.547316235375934,Zero-Actual / Undefined % Error,984.9599999999999,11.4,0.018189264941503736,3.6378529883007475,0.004595535733965933,HVAC Moderation,Adjust HVAC setpoint; Reduce cooling or heating intensity
0.0,9.6,1023,78,4.9,0.0,0.0,100,0,0,990,0.0,4,23,5,30,0.0,1,0.0,0.0,748.8,5012.700000000001,-0.25881904510252157,0.9659258262890681,0.49999999999999994,-0.8660254037844387,5.66553889764798e-16,-1.0,0.6,11.4,0.0,6.84,0.0,4.104,11.4,984.9599999999999,0,4.900670394593164,4.900670394593164,Zero-Actual / Undefined % Error,984.9599999999999,11.4,0.019602681578372656,3.920536315674531,0.00495086888106052,HVAC Moderation,Adjust HVAC setpoint; Reduce cooling or heating intensity
0.0,9.6,1023,78,4.9,0.0,0.0,100,0,0,990,0.0,4,23,5,45,0.0,1,0.0,0.0,748.8,5012.700000000001,-0.25881904510252157,0.9659258262890681,0.49999999999999994,-0.8660254037844387,-1.0,-1.8369701987210297e-16,0.6,11.4,0.0,6.84,0.0,4.104,11.4,984.9599999999999,0,4.654866431186601,4.654866431186601,Zero-Actual / Undefined % Error,984.9599999999999,11.4,0.018619465724746403,3.723893144949281,0.004703715136444512,HVAC Moderation,Adjust HVAC setpoint; Reduce cooling or heating intensity
0.0,9.7,1022,79,4.8,0.0,0.0,100,0,0,990,0.0,4,0,5,0,0.0,1,0.0,0.0,766.3,4905.599999999999,0.0,1.0,0.49999999999999994,-0.8660254037844387,0.0,1.0,0.6,11.3,0.0,6.78,0.0,4.104,11.3,977.76,0,6.316323919483149,6.316323919483149,Zero-Actual / Undefined % Error,977.76,11.3,0.025265295677932596,5.053059135586519,0.006418530513880566,HVAC Moderation,Adjust HVAC setpoint; Reduce cooling or heating intensity
0.0,9.7,1022,79,4.8,0.0,0.0,100,0,0,990,0.0,4,0,5,15,0.0,1,0.0,0.0,766.3,4905.599999999999,0.0,1.0,0.49999999999999994,-0.8660254037844387,1.0,2.83276944882399e-16,0.6,11.3,0.0,6.78,0.0,4.068,11.3,976.3199999999999,0,6.19122223697907,6.19122223697907,Zero-Actual / Undefined % Error,976.3199999999999,11.3,0.02476488894791628,4.952977789583256,0.006301426477940358,HVAC Moderation,Adjust HVAC setpoint; Reduce cooling or heating intensity
0.0,9.7,1022,79,4.8,0.0,0.0,100,0,0,990,0.0,4,0,5,30,0.0,1,0.0,0.0,766.3,4905.599999999999,0.0,1.0,0.49999999999999994,-0.8660254037844387,5.66553889764798e-16,-1.0,0.6,11.3,0.0,6.78,0.0,4.068,11.3,976.3199999999999,0,6.801530074249,6.801530074249,Zero-Actual / Undefined % Error,976.3199999999999,11.3,0.027206120296996,5.4412240593992,0.006918300392441842,HVAC Moderation,Adjust HVAC setpoint; Reduce cooling or heating intensity
0.0,9.7,1022,79,4.8,0.0,0.0,100,0,0,990,0.0,4,0,5,45,0.0,1,0.0,0.0,766.3,4905.599999999999,0.0,1.0,0.49999999999999994,-0.8660254037844387,-1.0,-1.8369701987210297e-16,0.6,11.3,0.0,6.78,0.0,4.068,11.3,976.3199999999999,0,6.57341163741522,6.57341163741522,Zero-Actual / Undefined % Error,976.3199999999999,11.3,0.02629364654966088,5.258729309932177,0.006687817369511786,HVAC Moderation,Adjust HVAC setpoint; Reduce cooling or heating intensity
0.0,9.9,1022,81,4.9,0.0,0.0,100,0,0,990,0.0,4,1,5,0,0.0,1,0.0,0.0,801.9,5007.8,0.25881904510252074,0.9659258262890683,0.49999999999999994,-0.8660254037844387,0.0,1.0,0.6,11.1,0.0,6.659999999999999,0.0,4.068,11.1,961.9199999999998,0,7.130970625252443,7.130970625252443,Zero-Actual / Undefined % Error,961.9199999999998,11.1,0.028523882501009772,5.704776500201954,0.007358715727091914,HVAC Moderation,Adjust HVAC setpoint; Reduce cooling or heating intensity
0.0,9.9,1022,81,4.9,0.0,0.0,100,0,0,990,0.0,4,1,5,15,0.0,1,0.0,0.0,801.9,5007.8,0.25881904510252074,0.9659258262890683,0.49999999999999994,-0.8660254037844387,1.0,2.83276944882399e-16,0.6,11.1,0.0,6.659999999999999,0.0,3.9959999999999996,11.1,959.04,0,6.9382879811418015,6.9382879811418015,Zero-Actual / Undefined % Error,959.04,11.1,0.027753151924567204,5.5506303849134415,0.0071826541655091525,HVAC Moderation,Adjust HVAC setpoint; Reduce cooling or heating intensity
0.0,9.9,1022,81,4.9,0.0,0.0,100,0,0,990,0.0,4,1,5,30,0.0,1,0.0,0.0,801.9,5007.8,0.25881904510252074,0.9659258262890683,0.49999999999999994,-0.8660254037844387,5.66553889764798e-16,-1.0,0.6,11.1,0.0,6.659999999999999,0.0,3.9959999999999996,11.1,959.04,0,7.637237100211106,7.637237100211106,Zero-Actual / Undefined % Error,959.04,11.1,0.030548948400844423,6.109789680168885,0.007900503704028861,HVAC Moderation,Adjust HVAC setpoint; Reduce cooling or heating intensity
0.0,9.9,1022,81,4.9,0.0,0.0,100,0,0,990,0.0,4,1,5,45,0.0,1,0.0,0.0,801.9,5007.8,0.25881904510252074,0.9659258262890683,0.49999999999999994,-0.8660254037844387,-1.0,-1.8369701987210297e-16,0.6,11.1,0.0,6.659999999999999,0.0,3.9959999999999996,11.1,959.04,0,7.409118663377325,7.409118663377325,Zero-Actual / Undefined % Error,959.04,11.1,0.029636474653509298,5.92729493070186,0.007666330811039474,HVAC Moderation,Adjust HVAC setpoint; Reduce cooling or heating intensity
0.0,10.2,1021,84,5.0,0.19,0.0,100,0,0,990,0.0,5,2,5,0,0.0,1,0.0,0.0,856.8,5105.0,0.49999999999999994,0.8660254037844387,0.49999999999999994,-0.8660254037844387,0.0,1.0,0.6,10.8,0.0,6.48,0.0,3.9959999999999996,10.8,937.44,0,6.749821599094421,6.749821599094421,Zero-Actual / Undefined % Error,937.44,10.8,0.026999286396377685,5.399857279275537,0.007148797241336516,HVAC Moderation,Adjust HVAC setpoint; Reduce cooling or heating intensity
0.0,10.2,1021,84,5.0,0.19,0.0,100,0,0,990,0.0,5,2,5,15,0.0,1,0.0,0.0,856.8,5105.0,0.49999999999999994,0.8660254037844387,0.49999999999999994,-0.8660254037844387,1.0,2.83276944882399e-16,0.6,10.8,0.0,6.48,0.0,3.888,10.8,933.12,0,6.0318767166753675,6.0318767166753675,Zero-Actual / Undefined % Error,933.12,10.8,0.02412750686670147,4.825501373340294,0.006422685041465756,HVAC Moderation,Adjust HVAC setpoint; Reduce cooling or heating intensity
0.0,10.2,1021,84,5.0,0.19,0.0,100,0,0,990,0.0,5,2,5,30,0.0,1,0.0,0.0,856.8,5105.0,0.49999999999999994,0.8660254037844387,0.49999999999999994,-0.8660254037844387,5.66553889764798e-16,-1.0,0.6,10.8,0.0,6.48,0.0,3.888,10.8,933.12,0,6.821773158168597,6.821773158168597,Zero-Actual / Undefined % Error,933.12,10.8,0.027287092632674387,5.457418526534878,0.007257655043875795,HVAC Moderation,Adjust HVAC setpoint; Reduce cooling or heating intensity
1.4,10.2,1021,84,5.0,0.19,0.0,100,1,15,990,0.02,5,2,5,45,0.01515151513621059,0,14.279999999999998,0.0,856.8,5105.0,0.49999999999999994,0.8660254037844387,0.49999999999999994,-0.8660254037844387,-1.0,-1.8369701987210297e-16,0.6,10.8,0.0,6.48,0.0,3.888,10.8,933.12,0,8.586484721808267,8.586484721808267,Zero-Actual / Undefined % Error,933.12,10.8,0.03434593888723307,6.869187777446614,0.009118005293578089,HVAC Moderation,Adjust HVAC setpoint; Reduce cooling or heating intensity
5.2,10.0,1021,86,5.3,0.15,0.0,100,1,30,990,0.03,5,3,5,0,0.03030303027242118,0,52.0,0.0,860.0,5411.3,0.7071067811865475,0.7071067811865476,0.49999999999999994,-0.8660254037844387,0.0,1.0,0.6,11.0,0.0,6.6,0.0,3.888,11.0,947.52,45,40.071095862279904,4.928904137720096,Very Low Error (<20%),947.52,11.0,0.1602843834491196,32.05687668982392,0.04057458191916836,HVAC Moderation,Adjust HVAC setpoint; Reduce cooling or heating intensity
10.4,10.0,1021,86,5.3,0.15,0.0,100,1,45,990,0.05,5,3,5,15,0.04545454540863177,0,104.0,0.0,860.0,5411.3,0.7071067811865475,0.7071067811865476,0.49999999999999994,-0.8660254037844387,1.0,2.83276944882399e-16,0.6,11.0,0.0,6.6,0.0,3.9599999999999995,11.0,950.4,103,54.34402768887059,48.65597231112941,Low Error (20-50%),950.4,11.0,0.21737611075548235,43.475222151096474,0.05408743534389174,HVAC Moderation,Adjust HVAC setpoint; Reduce cooling or heating intensity
6.6,10.0,1021,86,5.3,0.15,0.0,100,1,60,990,0.06,5,3,5,30,0.06060606054484236,0,66.0,0.0,860.0,5411.3,0.7071067811865475,0.7071067811865476,0.49999999999999994,-0.8660254037844387,5.66553889764798e-16,-1.0,0.6,11.0,0.0,6.6,0.0,3.9599999999999995,11.0,950.4,145,41.17677741830906,103.82322258169094,High Error (>60%),950.4,11.0,0.16470710967323623,32.941421934647245,0.04152656487578425,HVAC Moderation,Adjust HVAC setpoint; Reduce cooling or heating intensity
3.2,10.0,1021,86,5.3,0.15,0.0,100,1,75,990,0.08,5,3,5,45,0.07575757568105296,0,32.0,0.0,860.0,5411.3,0.7071067811865475,0.7071067811865476,0.49999999999999994,-0.8660254037844387,-1.0,-1.8369701987210297e-16,0.6,11.0,0.0,6.6,0.0,3.9599999999999995,11.0,950.4,209,32.563862970169986,176.43613702983,High Error (>60%),950.4,11.0,0.13025545188067994,26.05109037613599,0.03312824017624131,HVAC Moderation,Adjust HVAC setpoint; Reduce cooling or heating intensity
3.8,10.8,1021,87,5.3,0.0,0.0,96,1,90,990,0.09,4,4,5,0,0.09090909081726355,0,41.04,0.15200000000000014,939.6,5411.3,0.8660254037844386,0.5000000000000001,0.49999999999999994,-0.8660254037844387,0.0,1.0,0.6,10.2,0.0,6.119999999999999,0.0,3.9599999999999995,10.2,892.7999999999998,240,88.87547901195094,151.12452098804906,High Error (>60%),892.7999999999998,10.2,0.3555019160478038,71.10038320956076,0.09053447989845788,HVAC Moderation,Adjust HVAC setpoint; Reduce cooling or heating intensity
4.5,10.8,1021,87,5.3,0.0,0.0,96,1,105,990,0.11,4,4,5,15,0.10606060595347414,0,48.6,0.18000000000000016,939.6,5411.3,0.8660254037844386,0.5000000000000001,0.49999999999999994,-0.8660254037844387,1.0,2.83276944882399e-16,0.6,10.2,0.0,6.119999999999999,0.0,3.6719999999999993,10.2,881.2799999999999,300,109.2638455835927,190.73615441640732,High Error (>60%),881.2799999999999,10.2,0.4370553823343708,87.41107646687416,0.11030692478727327,HVAC Moderation,Adjust HVAC setpoint; Reduce cooling or heating intensity
6.6,10.8,1021,87,5.3,0.0,0.0,96,1,120,990,0.12,4,4,5,30,0.12121212108968472,0,71.28,0.26400000000000023,939.6,5411.3,0.8660254037844386,0.5000000000000001,0.49999999999999994,-0.8660254037844387,5.66553889764798e-16,-1.0,0.6,10.2,0.0,6.119999999999999,0.0,3.6719999999999993,10.2,881.2799999999999,400,136.49293626126885,263.5070637387312,High Error (>60%),881.2799999999999,10.2,0.5459717450450754,109.19434900901508,0.1341094179892015,HVAC Moderation,Adjust HVAC setpoint; Reduce cooling or heating intensity
7.0,10.8,1021,87,5.3,0.0,0.0,96,1,135,990,0.14,4,4,5,45,0.1363636362258953,0,75.60000000000001,0.28000000000000025,939.6,5411.3,0.8660254037844386,0.5000000000000001,0.49999999999999994,-0.8660254037844387,-1.0,-1.8369701987210297e-16,0.6,10.2,0.0,6.119999999999999,0.0,3.6719999999999993,10.2,881.2799999999999,550,175.8445288319872,374.1554711680128,High Error (>60%),881.2799999999999,10.2,0.7033781153279488,140.67562306558975,0.16634230298291805,HVAC Moderation,Adjust HVAC setpoint; Reduce cooling or heating intensity
20.4,12.0,1021,84,5.2,0.0,0.0,88,1,150,990,0.15,4,5,5,0,0.15151515136210592,0,244.79999999999998,2.448,1008.0,5309.2,0.9659258262890683,0.25881904510252074,0.49999999999999994,-0.8660254037844387,0.0,1.0,0.6,9.0,0.0,5.3999999999999995,0.0,3.6719999999999993,9.0,794.8799999999999,591,350.9287966174409,240.07120338255908,Low Error (20-50%),794.8799999999999,9.0,1.4037151864697637,280.74303729395274,0.3062716897855483,HVAC Moderation,Adjust HVAC setpoint; Reduce cooling or heating intensity
23.6,12.0,1021,84,5.2,0.0,0.0,88,1,165,990,0.17,4,5,5,15,0.1666666664983165,0,283.20000000000005,2.832,1008.0,5309.2,0.9659258262890683,0.25881904510252074,0.49999999999999994,-0.8660254037844387,1.0,2.83276944882399e-16,0.6,9.0,0.0,5.3999999999999995,0.0,3.2399999999999998,9.0,777.5999999999999,639,439.53939041646464,199.46060958353536,Low Error (20-50%),777.5999999999999,9.0,1.7581575616658585,351.6315123331717,0.36112494059118727,HVAC Moderation,Adjust HVAC setpoint; Reduce cooling or heating intensity
53.7,12.0,1021,84,5.2,0.0,0.0,88,1,180,990,0.18,4,5,5,30,0.1818181816345271,0,644.4000000000001,6.444,1008.0,5309.2,0.9659258262890683,0.25881904510252074,0.49999999999999994,-0.8660254037844387,5.66553889764798e-16,-1.0,0.6,9.0,0.0,5.3999999999999995,0.0,3.2399999999999998,9.0,777.5999999999999,723,561.3154650109885,161.68453498901147,Low Error (20-50%),777.5999999999999,9.0,2.245261860043954,449.0523720087908,0.4192314445984462,HVAC Moderation,Adjust HVAC setpoint; Reduce cooling or heating intensity
82.0,12.0,1021,84,5.2,0.0,0.0,88,1,195,990,0.2,4,5,5,45,0.19696969677073767,0,984.0,9.84,1008.0,5309.2,0.9659258262890683,0.25881904510252074,0.49999999999999994,-0.8660254037844387,-1.0,-1.8369701987210297e-16,0.6,9.0,0.0,5.3999999999999995,0.0,3.2399999999999998,9.0,777.5999999999999,733,679.0472844678412,53.95271553215878,Very Low Error (<20%),777.5999999999999,9.0,2.716189137871365,543.237827574273,0.4661713863351258,HVAC Moderation,Adjust HVAC setpoint; Reduce cooling or heating intensity
97.7,13.0,1021,82,6.0,0.0,0.0,57,1,210,990,0.21,3,6,5,0,0.21212121190694827,0,1270.1000000000001,42.011,1066.0,6126.0,1.0,6.123233995736766e-17,0.49999999999999994,-0.8660254037844387,0.0,1.0,0.6,8.0,0.0,4.8,0.0,3.2399999999999998,8.0,705.6,834,814.9473185111862,19.052681488813846,Very Low Error (<20%),705.6,8.0,3.2597892740447447,651.9578548089489,0.5359565651486394,HVAC Moderation,Adjust HVAC setpoint; Reduce cooling or heating intensity
